-- Table: roles
INSERT INTO "roles" ("id", "name", "description") VALUES ('55d1bf8d-45c4-45d6-ae53-b4284f7d9f5e', 'Vendor', 'Experience the ultimate relaxation.');
INSERT INTO "roles" ("id", "name", "description") VALUES ('9a694e7e-cbe0-41bb-8a79-7fb2ea18961f', 'Support', 'A perfect addition to your home.');
INSERT INTO "roles" ("id", "name", "description") VALUES ('31d9a5e3-5f38-4039-b581-055530b8ae2c', 'Support', 'A timeless design.');
INSERT INTO "roles" ("id", "name", "description") VALUES ('a97b4ba7-9522-48a7-8660-43712e59dafd', 'Guest', 'An extraordinary piece of furniture.');
INSERT INTO "roles" ("id", "name", "description") VALUES ('429fd458-f60a-4e83-baa6-8a5e9fcf99e2', 'Admin', 'A perfect addition to your home.');
INSERT INTO "roles" ("id", "name", "description") VALUES ('55290e5b-7e0f-46bb-a54f-1d966bba8493', 'Manager', 'Crafted with precision.');
INSERT INTO "roles" ("id", "name", "description") VALUES ('83872616-4221-4c87-a7df-124e1914b6ed', 'Support', 'An extraordinary piece of furniture.');
INSERT INTO "roles" ("id", "name", "description") VALUES ('bfe388b6-047d-48b4-9683-d6c59b30c756', 'Admin', 'Designed with comfort and style.');
INSERT INTO "roles" ("id", "name", "description") VALUES ('0b3c8595-239a-43cc-aa6b-ac966990f02a', 'Support', 'Crafted with precision.');
INSERT INTO "roles" ("id", "name", "description") VALUES ('7be513e9-ce67-43eb-916a-00b053c9d77a', 'Support', 'A timeless design.');
INSERT INTO "roles" ("id", "name", "description") VALUES ('f5af663c-1b9e-4cfb-9f9c-e84635ba644b', 'Customer', 'Experience the ultimate relaxation.');
INSERT INTO "roles" ("id", "name", "description") VALUES ('77f01991-636f-4eb8-ac1d-bf49d602e20b', 'Guest', 'An extraordinary piece of furniture.');
INSERT INTO "roles" ("id", "name", "description") VALUES ('ffca58ff-a256-499b-82a3-c76f3dcb9173', 'Support', 'Experience the ultimate relaxation.');
INSERT INTO "roles" ("id", "name", "description") VALUES ('f31dc5b1-ce3e-42db-b588-a7101ff7158b', 'Manager', 'Crafted with precision.');
INSERT INTO "roles" ("id", "name", "description") VALUES ('ab29451f-6a4d-4515-87ed-2a8b521786cc', 'Support', 'A perfect addition to your home.');
INSERT INTO "roles" ("id", "name", "description") VALUES ('be550e67-4d84-4126-a770-c49bc2ef044e', 'Support', 'Crafted with precision.');
INSERT INTO "roles" ("id", "name", "description") VALUES ('93327825-1368-4304-b85f-6b7ff974f280', 'Guest', 'A timeless design.');
INSERT INTO "roles" ("id", "name", "description") VALUES ('dfc52353-1a8f-4f6d-b156-c1cc6bf84a4d', 'Guest', 'Designed with comfort and style.');
INSERT INTO "roles" ("id", "name", "description") VALUES ('cd581f94-f8f7-4a8c-ad75-0f7e8f4090e5', 'Vendor', 'Designed with comfort and style.');
INSERT INTO "roles" ("id", "name", "description") VALUES ('5ffa3baf-926b-44e3-a569-83141b9132e7', 'Manager', 'A timeless design.');
INSERT INTO "roles" ("id", "name", "description") VALUES ('fa0cf3a2-a086-4640-9eac-b0a384f60e0e', 'Support', 'A timeless design.');
INSERT INTO "roles" ("id", "name", "description") VALUES ('faa67c19-8310-43f2-a75b-05b3af5145cb', 'Manager', 'An extraordinary piece of furniture.');
INSERT INTO "roles" ("id", "name", "description") VALUES ('ad511716-cc68-4763-a592-7c695b6233d5', 'Guest', 'A perfect addition to your home.');
INSERT INTO "roles" ("id", "name", "description") VALUES ('f5487136-c7aa-4ffd-9e69-2fc735c633fb', 'Admin', 'A perfect addition to your home.');
INSERT INTO "roles" ("id", "name", "description") VALUES ('5e37c1a3-fb6f-48e1-b26d-aec5a61b3e5e', 'Vendor', 'Experience the ultimate relaxation.');

-- Table: permissions
INSERT INTO "permissions" ("id", "name", "module") VALUES ('1658cb6a-6d09-428b-baef-3f98870a034a', 'Modern Wardrobe', 'Premium Item');
INSERT INTO "permissions" ("id", "name", "module") VALUES ('73fd74cd-936d-444a-a73e-ab79b779c694', 'Sleek Lamp', 'Minimalist Item');
INSERT INTO "permissions" ("id", "name", "module") VALUES ('1f3d6a8f-84eb-4535-8c60-0f6d9711bf35', 'Luxury Nightstand', 'Stylish Item');
INSERT INTO "permissions" ("id", "name", "module") VALUES ('a7549f79-fb1a-4bb9-aae1-fd3ed183658f', 'Comfortable Bed', 'Comfortable Item');
INSERT INTO "permissions" ("id", "name", "module") VALUES ('fcf5a7d7-3d42-4382-ac25-2bd284bca022', 'Premium Chair', 'Vintage Item');
INSERT INTO "permissions" ("id", "name", "module") VALUES ('0b59ef8e-b441-463c-8897-2c8fe64059ad', 'Stylish Ottoman', 'Modern Item');
INSERT INTO "permissions" ("id", "name", "module") VALUES ('42ac51cf-9bfb-4ed6-9ae4-5783454fd978', 'Sleek Bookshelf', 'Modern Item');
INSERT INTO "permissions" ("id", "name", "module") VALUES ('9a8c928c-160b-4fb3-bcea-5b16de44f965', 'Vintage Table', 'Classic Item');
INSERT INTO "permissions" ("id", "name", "module") VALUES ('a9b63d88-6c84-4a99-9451-0a59fc09117c', 'Modern Bookshelf', 'Comfortable Item');
INSERT INTO "permissions" ("id", "name", "module") VALUES ('b2798ffb-434e-4620-8b6b-cb67dfd777d2', 'Stylish Stool', 'Classic Item');
INSERT INTO "permissions" ("id", "name", "module") VALUES ('d268e9fa-1bd8-436e-8f0e-d7a9c1734a97', 'Chic Desk', 'Minimalist Item');
INSERT INTO "permissions" ("id", "name", "module") VALUES ('38a029f8-f330-412b-9c07-41ae0626e343', 'Sturdy Nightstand', 'Stylish Item');
INSERT INTO "permissions" ("id", "name", "module") VALUES ('91380ce8-7707-4528-ac0d-a4d740769b68', 'Sturdy Stool', 'Rustic Item');
INSERT INTO "permissions" ("id", "name", "module") VALUES ('683cc68e-2b17-46f9-8c22-ffd657e0a29d', 'Sturdy Table', 'Stylish Item');
INSERT INTO "permissions" ("id", "name", "module") VALUES ('1d410ced-b138-443b-b9b8-2be300251a56', 'Sturdy Dresser', 'Minimalist Item');
INSERT INTO "permissions" ("id", "name", "module") VALUES ('af1c92bf-cead-4d3c-ae91-cf1351ac12b9', 'Minimalist Bookshelf', 'Cozy Item');
INSERT INTO "permissions" ("id", "name", "module") VALUES ('df795552-41ff-4697-a286-a85452c26ae5', 'Luxury Bed', 'Minimalist Item');
INSERT INTO "permissions" ("id", "name", "module") VALUES ('391b612f-efe0-460e-b3df-99101bea484e', 'Chic Ottoman', 'Elegant Item');
INSERT INTO "permissions" ("id", "name", "module") VALUES ('1e402ed2-b18b-4f30-9fa9-977ce5ec4ea3', 'Stylish Wardrobe', 'Modern Item');
INSERT INTO "permissions" ("id", "name", "module") VALUES ('2c9783a0-e608-4313-9b6a-74668fa8d053', 'Modern Bookshelf', 'Contemporary Item');
INSERT INTO "permissions" ("id", "name", "module") VALUES ('5e394dd8-1e7a-45fe-a341-c38fcbbbb3ff', 'Rustic Chair', 'Comfortable Item');
INSERT INTO "permissions" ("id", "name", "module") VALUES ('6bfa54a5-481a-4e6d-a8dd-9eb8fc736e33', 'Stylish Recliner', 'Elegant Item');
INSERT INTO "permissions" ("id", "name", "module") VALUES ('78d8ced0-25d3-4da9-836f-22b0deaf5a3c', 'Sturdy Stool', 'Stylish Item');
INSERT INTO "permissions" ("id", "name", "module") VALUES ('6e153670-c189-4eaa-a21d-18dd6eac62c7', 'Modern Chair', 'Chic Item');
INSERT INTO "permissions" ("id", "name", "module") VALUES ('4fcc195c-48b9-484f-8ad3-de3f7bf01cc3', 'Sleek Bed', 'Luxury Item');

-- Table: users
INSERT INTO "users" ("id", "full_name", "email", "password_hash", "phone", "role_id", "is_verified", "is_active", "deleted_at") VALUES ('4b31aa9a-a065-4e48-9fd2-e471212919c7', 'Admin', 'Admin@gmail.com', '12345678', '511111112211', '429fd458-f60a-4e83-baa6-8a5e9fcf99e2', true, true, NULL);
INSERT INTO "users" ("id", "full_name", "email", "password_hash", "phone", "role_id", "is_verified", "is_active", "deleted_at") VALUES ('4b31aa9a-a065-4e48-9fd2-e471212919c7', 'Sophia Taylor', 'alexander.martinez704@example.com', '$2y$10$abcdefghijklmnopqrstuv', '555-894-4243', '429fd458-f60a-4e83-baa6-8a5e9fcf99e2', true, false, NULL);
INSERT INTO "users" ("id", "full_name", "email", "password_hash", "phone", "role_id", "is_verified", "is_active", "deleted_at") VALUES ('8ac205c8-fce3-47ee-998f-c0ea27043df3', 'Amelia Garcia', 'isabella.brown855@example.com', '$2y$10$abcdefghijklmnopqrstuv', '555-134-5694', '83872616-4221-4c87-a7df-124e1914b6ed', true, true, NULL);
INSERT INTO "users" ("id", "full_name", "email", "password_hash", "phone", "role_id", "is_verified", "is_active", "deleted_at") VALUES ('967768e3-51a4-406e-987e-88d718b0c373', 'James Robinson', 'harper.martinez365@example.com', '$2y$10$abcdefghijklmnopqrstuv', '555-342-5354', 'a97b4ba7-9522-48a7-8660-43712e59dafd', true, false, NULL);
INSERT INTO "users" ("id", "full_name", "email", "password_hash", "phone", "role_id", "is_verified", "is_active", "deleted_at") VALUES ('bafb7d4c-55cd-47b8-88e3-c9b9dce634ce', 'Matthew Miller', 'evelyn.white602@example.com', '$2y$10$abcdefghijklmnopqrstuv', '555-940-6354', '83872616-4221-4c87-a7df-124e1914b6ed', true, true, NULL);
INSERT INTO "users" ("id", "full_name", "email", "password_hash", "phone", "role_id", "is_verified", "is_active", "deleted_at") VALUES ('06392989-9499-498f-af8f-469db1e2f7fd', 'Sophia Miller', 'amelia.anderson249@example.com', '$2y$10$abcdefghijklmnopqrstuv', '555-926-2647', 'be550e67-4d84-4126-a770-c49bc2ef044e', false, true, NULL);
INSERT INTO "users" ("id", "full_name", "email", "password_hash", "phone", "role_id", "is_verified", "is_active", "deleted_at") VALUES ('4acd91bc-3ad8-48e5-afc4-57c7f2ead9bf', 'Harper Thompson', 'matthew.white861@example.com', '$2y$10$abcdefghijklmnopqrstuv', '555-704-9055', 'ad511716-cc68-4763-a592-7c695b6233d5', true, true, NULL);
INSERT INTO "users" ("id", "full_name", "email", "password_hash", "phone", "role_id", "is_verified", "is_active", "deleted_at") VALUES ('2ca29fde-04dd-42dd-9c1a-65d3746aaa00', 'Jackson Robinson', 'matthew.jackson56@example.com', '$2y$10$abcdefghijklmnopqrstuv', '555-755-9876', '9a694e7e-cbe0-41bb-8a79-7fb2ea18961f', false, true, NULL);
INSERT INTO "users" ("id", "full_name", "email", "password_hash", "phone", "role_id", "is_verified", "is_active", "deleted_at") VALUES ('17eb1c04-fb19-4190-84ee-fca3cf8c83fc', 'Alexander Garcia', 'matthew.anderson226@example.com', '$2y$10$abcdefghijklmnopqrstuv', '555-414-9090', 'a97b4ba7-9522-48a7-8660-43712e59dafd', true, true, NULL);
INSERT INTO "users" ("id", "full_name", "email", "password_hash", "phone", "role_id", "is_verified", "is_active", "deleted_at") VALUES ('64b6107b-7673-4c9d-ae14-354f48909282', 'Isabella Wilson', 'daniel.martin473@example.com', '$2y$10$abcdefghijklmnopqrstuv', '555-783-2991', 'ad511716-cc68-4763-a592-7c695b6233d5', true, false, NULL);
INSERT INTO "users" ("id", "full_name", "email", "password_hash", "phone", "role_id", "is_verified", "is_active", "deleted_at") VALUES ('420da6ec-0f92-4282-a4c4-50a4f428a3e6', 'Evelyn White', 'john.smith377@example.com', '$2y$10$abcdefghijklmnopqrstuv', '555-199-7550', 'f31dc5b1-ce3e-42db-b588-a7101ff7158b', false, true, NULL);
INSERT INTO "users" ("id", "full_name", "email", "password_hash", "phone", "role_id", "is_verified", "is_active", "deleted_at") VALUES ('96479c18-13b1-4009-8b4b-36b9ea36de70', 'Alexander Jackson', 'matthew.robinson918@example.com', '$2y$10$abcdefghijklmnopqrstuv', '555-187-5780', '5ffa3baf-926b-44e3-a569-83141b9132e7', false, false, NULL);
INSERT INTO "users" ("id", "full_name", "email", "password_hash", "phone", "role_id", "is_verified", "is_active", "deleted_at") VALUES ('b897819d-9b0c-4d8f-8eef-d837f79ecd61', 'Amelia Anderson', 'ava.wilson457@example.com', '$2y$10$abcdefghijklmnopqrstuv', '555-430-2445', '55d1bf8d-45c4-45d6-ae53-b4284f7d9f5e', true, false, NULL);
INSERT INTO "users" ("id", "full_name", "email", "password_hash", "phone", "role_id", "is_verified", "is_active", "deleted_at") VALUES ('b09d3ee9-46d3-445d-b89b-032535d84364', 'Alexander Thompson', 'isabella.williams691@example.com', '$2y$10$abcdefghijklmnopqrstuv', '555-232-4449', '5e37c1a3-fb6f-48e1-b26d-aec5a61b3e5e', true, false, NULL);
INSERT INTO "users" ("id", "full_name", "email", "password_hash", "phone", "role_id", "is_verified", "is_active", "deleted_at") VALUES ('995b5201-ba36-4b0a-9ff2-615cf122a583', 'Ava Jones', 'charlotte.moore42@example.com', '$2y$10$abcdefghijklmnopqrstuv', '555-804-9117', '5ffa3baf-926b-44e3-a569-83141b9132e7', false, true, NULL);
INSERT INTO "users" ("id", "full_name", "email", "password_hash", "phone", "role_id", "is_verified", "is_active", "deleted_at") VALUES ('b972e542-d358-4084-bb32-abe9a87685ea', 'David Anderson', 'olivia.martinez775@example.com', '$2y$10$abcdefghijklmnopqrstuv', '555-200-2731', 'ffca58ff-a256-499b-82a3-c76f3dcb9173', false, true, NULL);
INSERT INTO "users" ("id", "full_name", "email", "password_hash", "phone", "role_id", "is_verified", "is_active", "deleted_at") VALUES ('8daf7ad6-c72e-48e0-8478-68e983861a15', 'Matthew Brown', 'alexander.martinez662@example.com', '$2y$10$abcdefghijklmnopqrstuv', '555-943-5773', 'fa0cf3a2-a086-4640-9eac-b0a384f60e0e', true, true, NULL);
INSERT INTO "users" ("id", "full_name", "email", "password_hash", "phone", "role_id", "is_verified", "is_active", "deleted_at") VALUES ('30bb71bb-4c12-4a8a-8b04-3013e1759ec8', 'Ava White', 'michael.smith613@example.com', '$2y$10$abcdefghijklmnopqrstuv', '555-943-1798', '31d9a5e3-5f38-4039-b581-055530b8ae2c', false, true, NULL);
INSERT INTO "users" ("id", "full_name", "email", "password_hash", "phone", "role_id", "is_verified", "is_active", "deleted_at") VALUES ('8881285c-86ff-4614-ab42-80067b8fbb77', 'Michael Williams', 'evelyn.thomas661@example.com', '$2y$10$abcdefghijklmnopqrstuv', '555-134-3260', 'f5487136-c7aa-4ffd-9e69-2fc735c633fb', true, true, NULL);
INSERT INTO "users" ("id", "full_name", "email", "password_hash", "phone", "role_id", "is_verified", "is_active", "deleted_at") VALUES ('503704a0-df77-4dab-ad97-e1bf482b1b69', 'Emma Thomas', 'isabella.martinez387@example.com', '$2y$10$abcdefghijklmnopqrstuv', '555-960-1274', 'faa67c19-8310-43f2-a75b-05b3af5145cb', false, true, NULL);
INSERT INTO "users" ("id", "full_name", "email", "password_hash", "phone", "role_id", "is_verified", "is_active", "deleted_at") VALUES ('ec41df36-a885-4e66-be26-744305a66500', 'Ava Moore', 'mia.jones965@example.com', '$2y$10$abcdefghijklmnopqrstuv', '555-271-9536', '5e37c1a3-fb6f-48e1-b26d-aec5a61b3e5e', false, true, NULL);
INSERT INTO "users" ("id", "full_name", "email", "password_hash", "phone", "role_id", "is_verified", "is_active", "deleted_at") VALUES ('ba728f6d-b87f-4e8f-8aa1-695167ec16a5', 'Olivia Davis', 'joseph.davis830@example.com', '$2y$10$abcdefghijklmnopqrstuv', '555-747-7068', '55d1bf8d-45c4-45d6-ae53-b4284f7d9f5e', false, false, NULL);
INSERT INTO "users" ("id", "full_name", "email", "password_hash", "phone", "role_id", "is_verified", "is_active", "deleted_at") VALUES ('f7cdfdf6-42e0-4fb3-838c-307b55c439aa', 'Harper Martin', 'william.wilson415@example.com', '$2y$10$abcdefghijklmnopqrstuv', '555-847-4571', '55d1bf8d-45c4-45d6-ae53-b4284f7d9f5e', false, false, NULL);
INSERT INTO "users" ("id", "full_name", "email", "password_hash", "phone", "role_id", "is_verified", "is_active", "deleted_at") VALUES ('27087242-a492-4c23-aacd-3dc3a736bda8', 'Matthew Taylor', 'joseph.moore720@example.com', '$2y$10$abcdefghijklmnopqrstuv', '555-696-4848', '0b3c8595-239a-43cc-aa6b-ac966990f02a', false, true, NULL);
INSERT INTO "users" ("id", "full_name", "email", "password_hash", "phone", "role_id", "is_verified", "is_active", "deleted_at") VALUES ('17ff0f1e-43a7-4c7e-8f35-c3afca2fbc24', 'Amelia Jackson', 'alexander.white620@example.com', '$2y$10$abcdefghijklmnopqrstuv', '555-413-3411', '77f01991-636f-4eb8-ac1d-bf49d602e20b', true, false, NULL);
INSERT INTO "users" ("id", "full_name", "email", "password_hash", "phone", "role_id", "is_verified", "is_active", "deleted_at") VALUES ('0e13a669-4bff-4b40-af8f-598204bf666e', 'Evelyn Williams', 'sophia.martin263@example.com', '$2y$10$abcdefghijklmnopqrstuv', '555-867-8875', 'be550e67-4d84-4126-a770-c49bc2ef044e', false, false, NULL);

-- Table: role_permissions
INSERT INTO "role_permissions" ("role_id", "permission_id") VALUES ('7be513e9-ce67-43eb-916a-00b053c9d77a', '9a8c928c-160b-4fb3-bcea-5b16de44f965');
INSERT INTO "role_permissions" ("role_id", "permission_id") VALUES ('93327825-1368-4304-b85f-6b7ff974f280', '42ac51cf-9bfb-4ed6-9ae4-5783454fd978');
INSERT INTO "role_permissions" ("role_id", "permission_id") VALUES ('ffca58ff-a256-499b-82a3-c76f3dcb9173', '6bfa54a5-481a-4e6d-a8dd-9eb8fc736e33');
INSERT INTO "role_permissions" ("role_id", "permission_id") VALUES ('55d1bf8d-45c4-45d6-ae53-b4284f7d9f5e', '1d410ced-b138-443b-b9b8-2be300251a56');
INSERT INTO "role_permissions" ("role_id", "permission_id") VALUES ('f31dc5b1-ce3e-42db-b588-a7101ff7158b', '6e153670-c189-4eaa-a21d-18dd6eac62c7');
INSERT INTO "role_permissions" ("role_id", "permission_id") VALUES ('55d1bf8d-45c4-45d6-ae53-b4284f7d9f5e', 'a9b63d88-6c84-4a99-9451-0a59fc09117c');
INSERT INTO "role_permissions" ("role_id", "permission_id") VALUES ('5ffa3baf-926b-44e3-a569-83141b9132e7', 'd268e9fa-1bd8-436e-8f0e-d7a9c1734a97');
INSERT INTO "role_permissions" ("role_id", "permission_id") VALUES ('faa67c19-8310-43f2-a75b-05b3af5145cb', 'b2798ffb-434e-4620-8b6b-cb67dfd777d2');
INSERT INTO "role_permissions" ("role_id", "permission_id") VALUES ('f31dc5b1-ce3e-42db-b588-a7101ff7158b', '6e153670-c189-4eaa-a21d-18dd6eac62c7');
INSERT INTO "role_permissions" ("role_id", "permission_id") VALUES ('77f01991-636f-4eb8-ac1d-bf49d602e20b', '1658cb6a-6d09-428b-baef-3f98870a034a');
INSERT INTO "role_permissions" ("role_id", "permission_id") VALUES ('429fd458-f60a-4e83-baa6-8a5e9fcf99e2', '73fd74cd-936d-444a-a73e-ab79b779c694');
INSERT INTO "role_permissions" ("role_id", "permission_id") VALUES ('7be513e9-ce67-43eb-916a-00b053c9d77a', 'fcf5a7d7-3d42-4382-ac25-2bd284bca022');
INSERT INTO "role_permissions" ("role_id", "permission_id") VALUES ('fa0cf3a2-a086-4640-9eac-b0a384f60e0e', '73fd74cd-936d-444a-a73e-ab79b779c694');
INSERT INTO "role_permissions" ("role_id", "permission_id") VALUES ('a97b4ba7-9522-48a7-8660-43712e59dafd', '683cc68e-2b17-46f9-8c22-ffd657e0a29d');
INSERT INTO "role_permissions" ("role_id", "permission_id") VALUES ('ffca58ff-a256-499b-82a3-c76f3dcb9173', 'b2798ffb-434e-4620-8b6b-cb67dfd777d2');
INSERT INTO "role_permissions" ("role_id", "permission_id") VALUES ('ab29451f-6a4d-4515-87ed-2a8b521786cc', '6e153670-c189-4eaa-a21d-18dd6eac62c7');
INSERT INTO "role_permissions" ("role_id", "permission_id") VALUES ('ffca58ff-a256-499b-82a3-c76f3dcb9173', '78d8ced0-25d3-4da9-836f-22b0deaf5a3c');
INSERT INTO "role_permissions" ("role_id", "permission_id") VALUES ('bfe388b6-047d-48b4-9683-d6c59b30c756', '0b59ef8e-b441-463c-8897-2c8fe64059ad');
INSERT INTO "role_permissions" ("role_id", "permission_id") VALUES ('ab29451f-6a4d-4515-87ed-2a8b521786cc', '391b612f-efe0-460e-b3df-99101bea484e');
INSERT INTO "role_permissions" ("role_id", "permission_id") VALUES ('be550e67-4d84-4126-a770-c49bc2ef044e', '78d8ced0-25d3-4da9-836f-22b0deaf5a3c');
INSERT INTO "role_permissions" ("role_id", "permission_id") VALUES ('fa0cf3a2-a086-4640-9eac-b0a384f60e0e', '73fd74cd-936d-444a-a73e-ab79b779c694');
INSERT INTO "role_permissions" ("role_id", "permission_id") VALUES ('ad511716-cc68-4763-a592-7c695b6233d5', 'df795552-41ff-4697-a286-a85452c26ae5');
INSERT INTO "role_permissions" ("role_id", "permission_id") VALUES ('5e37c1a3-fb6f-48e1-b26d-aec5a61b3e5e', 'fcf5a7d7-3d42-4382-ac25-2bd284bca022');
INSERT INTO "role_permissions" ("role_id", "permission_id") VALUES ('dfc52353-1a8f-4f6d-b156-c1cc6bf84a4d', '73fd74cd-936d-444a-a73e-ab79b779c694');
INSERT INTO "role_permissions" ("role_id", "permission_id") VALUES ('ffca58ff-a256-499b-82a3-c76f3dcb9173', '4fcc195c-48b9-484f-8ad3-de3f7bf01cc3');

-- Table: user_addresses
INSERT INTO "user_addresses" ("id", "user_id", "address_line1", "city", "state", "pincode", "country", "is_default") VALUES ('72a7093d-b720-45b5-99ac-98e3505109a9', '06392989-9499-498f-af8f-469db1e2f7fd', '7453 Evelyn St.', 'Dallas', 'MI', '98279', 'TX', true);
INSERT INTO "user_addresses" ("id", "user_id", "address_line1", "city", "state", "pincode", "country", "is_default") VALUES ('f40f8958-2826-4e9a-aa0c-9dc824b1b4b2', '8daf7ad6-c72e-48e0-8478-68e983861a15', '4193 Daniel St.', 'Chicago', 'IL', '45959', 'MI', false);
INSERT INTO "user_addresses" ("id", "user_id", "address_line1", "city", "state", "pincode", "country", "is_default") VALUES ('ca89ea2b-9abf-4174-b7bb-345f2ce5dc97', 'b972e542-d358-4084-bb32-abe9a87685ea', '739 Alexander St.', 'San Antonio', 'MI', '79593', 'CA', true);
INSERT INTO "user_addresses" ("id", "user_id", "address_line1", "city", "state", "pincode", "country", "is_default") VALUES ('619cb561-3eb5-4689-b9b8-44d0bd9f4b38', 'b09d3ee9-46d3-445d-b89b-032535d84364', '5138 Charlotte St.', 'San Diego', 'GA', '16454', 'FL', false);
INSERT INTO "user_addresses" ("id", "user_id", "address_line1", "city", "state", "pincode", "country", "is_default") VALUES ('606771ee-1d09-422b-ac23-48b7574533fa', 'bafb7d4c-55cd-47b8-88e3-c9b9dce634ce', '7081 William St.', 'Dallas', 'GA', '97605', 'FL', false);
INSERT INTO "user_addresses" ("id", "user_id", "address_line1", "city", "state", "pincode", "country", "is_default") VALUES ('d30459b7-1991-4f81-99db-17ab3ac2ed44', 'ba728f6d-b87f-4e8f-8aa1-695167ec16a5', '7261 Evelyn St.', 'Philadelphia', 'IL', '55616', 'NC', true);
INSERT INTO "user_addresses" ("id", "user_id", "address_line1", "city", "state", "pincode", "country", "is_default") VALUES ('18c26252-a095-4995-b615-afaeab513e33', '64b6107b-7673-4c9d-ae14-354f48909282', '904 Harper St.', 'Austin', 'CA', '93270', 'MI', false);
INSERT INTO "user_addresses" ("id", "user_id", "address_line1", "city", "state", "pincode", "country", "is_default") VALUES ('7b03cf27-3dbd-492e-ae6c-2b16e6c80654', '17ff0f1e-43a7-4c7e-8f35-c3afca2fbc24', '8200 David St.', 'San Antonio', 'NY', '88202', 'MI', false);
INSERT INTO "user_addresses" ("id", "user_id", "address_line1", "city", "state", "pincode", "country", "is_default") VALUES ('1cd13a67-8c34-4ec2-922c-5193cb275b62', 'b972e542-d358-4084-bb32-abe9a87685ea', '4238 William St.', 'New York', 'GA', '96175', 'MI', true);
INSERT INTO "user_addresses" ("id", "user_id", "address_line1", "city", "state", "pincode", "country", "is_default") VALUES ('71bed96c-9ee0-4c26-9c11-278066bf242c', 'ec41df36-a885-4e66-be26-744305a66500', '4138 David St.', 'Phoenix', 'NY', '91578', 'FL', false);
INSERT INTO "user_addresses" ("id", "user_id", "address_line1", "city", "state", "pincode", "country", "is_default") VALUES ('daa74679-83a3-4025-bbc2-3c8792fe2c6a', '8881285c-86ff-4614-ab42-80067b8fbb77', '1964 Amelia St.', 'Phoenix', 'IL', '31791', 'NY', false);
INSERT INTO "user_addresses" ("id", "user_id", "address_line1", "city", "state", "pincode", "country", "is_default") VALUES ('abe1d963-2188-46f9-b80a-f9124dcb1da2', '30bb71bb-4c12-4a8a-8b04-3013e1759ec8', '1474 Amelia St.', 'Dallas', 'OH', '15688', 'TX', true);
INSERT INTO "user_addresses" ("id", "user_id", "address_line1", "city", "state", "pincode", "country", "is_default") VALUES ('d4a4cb03-938c-4c12-9996-bb06f3d0c247', '30bb71bb-4c12-4a8a-8b04-3013e1759ec8', '3994 Amelia St.', 'Houston', 'TX', '55139', 'GA', false);
INSERT INTO "user_addresses" ("id", "user_id", "address_line1", "city", "state", "pincode", "country", "is_default") VALUES ('c44eeff1-9a3e-404b-8f40-e308023df591', '0e13a669-4bff-4b40-af8f-598204bf666e', '5705 Isabella St.', 'Philadelphia', 'GA', '54223', 'IL', true);
INSERT INTO "user_addresses" ("id", "user_id", "address_line1", "city", "state", "pincode", "country", "is_default") VALUES ('978ef781-e896-48c4-acbf-1ef4df14bcc4', 'b09d3ee9-46d3-445d-b89b-032535d84364', '1524 Isabella St.', 'Dallas', 'FL', '75695', 'TX', true);
INSERT INTO "user_addresses" ("id", "user_id", "address_line1", "city", "state", "pincode", "country", "is_default") VALUES ('a863f3a7-f1f1-4f4a-8098-4a775aa88f73', '96479c18-13b1-4009-8b4b-36b9ea36de70', '459 Amelia St.', 'Philadelphia', 'MI', '45610', 'NY', true);
INSERT INTO "user_addresses" ("id", "user_id", "address_line1", "city", "state", "pincode", "country", "is_default") VALUES ('479bc50c-0f29-4e5f-ab61-62b816d16fbb', '0e13a669-4bff-4b40-af8f-598204bf666e', '3511 Mia St.', 'Dallas', 'MI', '67461', 'MI', true);
INSERT INTO "user_addresses" ("id", "user_id", "address_line1", "city", "state", "pincode", "country", "is_default") VALUES ('725bb1ce-9544-468c-b841-02b0b7effcad', '06392989-9499-498f-af8f-469db1e2f7fd', '5540 Mia St.', 'Phoenix', 'NC', '25382', 'CA', true);
INSERT INTO "user_addresses" ("id", "user_id", "address_line1", "city", "state", "pincode", "country", "is_default") VALUES ('e0f6177b-68e9-4fa6-8bd7-37777995c938', '967768e3-51a4-406e-987e-88d718b0c373', '1156 Daniel St.', 'Austin', 'FL', '86166', 'MI', true);
INSERT INTO "user_addresses" ("id", "user_id", "address_line1", "city", "state", "pincode", "country", "is_default") VALUES ('89d82044-5cf8-498a-94b9-d0538624a988', 'b897819d-9b0c-4d8f-8eef-d837f79ecd61', '4420 Isabella St.', 'San Antonio', 'NY', '39185', 'TX', false);
INSERT INTO "user_addresses" ("id", "user_id", "address_line1", "city", "state", "pincode", "country", "is_default") VALUES ('e3d413a7-a1ef-48d3-91fe-4a86daf18155', '4b31aa9a-a065-4e48-9fd2-e471212919c7', '4943 Harper St.', 'Philadelphia', 'IL', '18887', 'GA', true);
INSERT INTO "user_addresses" ("id", "user_id", "address_line1", "city", "state", "pincode", "country", "is_default") VALUES ('9fef9584-f243-41f2-95ea-17d78a815b3e', '8ac205c8-fce3-47ee-998f-c0ea27043df3', '8809 Amelia St.', 'Austin', 'GA', '24144', 'CA', false);
INSERT INTO "user_addresses" ("id", "user_id", "address_line1", "city", "state", "pincode", "country", "is_default") VALUES ('516975f2-756c-4316-aef8-cc7a716caaa7', '8daf7ad6-c72e-48e0-8478-68e983861a15', '2664 Sophia St.', 'Austin', 'IL', '48843', 'TX', false);
INSERT INTO "user_addresses" ("id", "user_id", "address_line1", "city", "state", "pincode", "country", "is_default") VALUES ('c737ded6-11ee-40c5-92d2-8b10211e087c', '06392989-9499-498f-af8f-469db1e2f7fd', '8280 Joseph St.', 'Phoenix', 'MI', '33043', 'IL', true);
INSERT INTO "user_addresses" ("id", "user_id", "address_line1", "city", "state", "pincode", "country", "is_default") VALUES ('d5108b59-f458-4feb-92d9-4e48981504d9', 'f7cdfdf6-42e0-4fb3-838c-307b55c439aa', '6469 Charlotte St.', 'San Diego', 'FL', '79165', 'OH', false);

-- Table: password_resets
INSERT INTO "password_resets" ("id", "user_id", "token", "expires_at") VALUES ('4307df4a-8ca4-4f2e-8264-8de57479c7ba', 'b09d3ee9-46d3-445d-b89b-032535d84364', 'TOKEN_fxb0tp', '2024-05-15 10:00:00');
INSERT INTO "password_resets" ("id", "user_id", "token", "expires_at") VALUES ('43b93379-b61e-4c85-a8b0-6e68189b237d', 'f7cdfdf6-42e0-4fb3-838c-307b55c439aa', 'TOKEN_ajdro', '2024-05-15 10:00:00');
INSERT INTO "password_resets" ("id", "user_id", "token", "expires_at") VALUES ('9f5435b6-4434-4591-bc56-d5de69053e7a', 'ec41df36-a885-4e66-be26-744305a66500', 'TOKEN_qo9eh7', '2024-05-15 10:00:00');
INSERT INTO "password_resets" ("id", "user_id", "token", "expires_at") VALUES ('d353b46a-cb8d-4480-a2a9-c85627edcff4', '06392989-9499-498f-af8f-469db1e2f7fd', 'TOKEN_0jt9yw', '2024-05-15 10:00:00');
INSERT INTO "password_resets" ("id", "user_id", "token", "expires_at") VALUES ('4001b557-8f56-419b-9ec7-ca0025cc2f4e', 'f7cdfdf6-42e0-4fb3-838c-307b55c439aa', 'TOKEN_hqb7h', '2024-05-15 10:00:00');
INSERT INTO "password_resets" ("id", "user_id", "token", "expires_at") VALUES ('53603bd6-00c4-4183-9a8c-f90b786438fb', '17ff0f1e-43a7-4c7e-8f35-c3afca2fbc24', 'TOKEN_16asvb', '2024-05-15 10:00:00');
INSERT INTO "password_resets" ("id", "user_id", "token", "expires_at") VALUES ('343d462d-2cbb-4b3c-81e3-69c96fb0cde8', '967768e3-51a4-406e-987e-88d718b0c373', 'TOKEN_5yjxu', '2024-05-15 10:00:00');
INSERT INTO "password_resets" ("id", "user_id", "token", "expires_at") VALUES ('893e0f25-223f-4b32-9050-4ad841217b40', '420da6ec-0f92-4282-a4c4-50a4f428a3e6', 'TOKEN_sy6zzm', '2024-05-15 10:00:00');
INSERT INTO "password_resets" ("id", "user_id", "token", "expires_at") VALUES ('2083d90a-b130-4cf0-b5d6-86f61b8e8959', '2ca29fde-04dd-42dd-9c1a-65d3746aaa00', 'TOKEN_z0mlgf', '2024-05-15 10:00:00');
INSERT INTO "password_resets" ("id", "user_id", "token", "expires_at") VALUES ('f0786d48-b240-4cba-aaa9-f6263479bba5', '06392989-9499-498f-af8f-469db1e2f7fd', 'TOKEN_rkso3d', '2024-05-15 10:00:00');
INSERT INTO "password_resets" ("id", "user_id", "token", "expires_at") VALUES ('bbb2ba03-2a72-45f0-bc1a-da4a91297b63', '967768e3-51a4-406e-987e-88d718b0c373', 'TOKEN_mlb38k', '2024-05-15 10:00:00');
INSERT INTO "password_resets" ("id", "user_id", "token", "expires_at") VALUES ('70ad262b-802f-40a8-a3b4-77ab48853f81', '0e13a669-4bff-4b40-af8f-598204bf666e', 'TOKEN_hwcwl', '2024-05-15 10:00:00');
INSERT INTO "password_resets" ("id", "user_id", "token", "expires_at") VALUES ('2459cb81-3ccb-4245-a5a6-a730885258df', '4acd91bc-3ad8-48e5-afc4-57c7f2ead9bf', 'TOKEN_hhi34', '2024-05-15 10:00:00');
INSERT INTO "password_resets" ("id", "user_id", "token", "expires_at") VALUES ('c983938f-04d2-49a2-9a9d-2728dfa246be', '64b6107b-7673-4c9d-ae14-354f48909282', 'TOKEN_lzm4m', '2024-05-15 10:00:00');
INSERT INTO "password_resets" ("id", "user_id", "token", "expires_at") VALUES ('949e8f43-0302-4628-babb-0e7521905120', '995b5201-ba36-4b0a-9ff2-615cf122a583', 'TOKEN_11pb22r', '2024-05-15 10:00:00');
INSERT INTO "password_resets" ("id", "user_id", "token", "expires_at") VALUES ('faa54c2f-47e5-42df-b8b5-154812e03a9b', '4b31aa9a-a065-4e48-9fd2-e471212919c7', 'TOKEN_nwng8', '2024-05-15 10:00:00');
INSERT INTO "password_resets" ("id", "user_id", "token", "expires_at") VALUES ('38e222f7-11b9-4ea2-86d9-427546af5b07', 'bafb7d4c-55cd-47b8-88e3-c9b9dce634ce', 'TOKEN_13d88q', '2024-05-15 10:00:00');
INSERT INTO "password_resets" ("id", "user_id", "token", "expires_at") VALUES ('e155edd5-877f-4868-bfff-5de84ffa8056', '4acd91bc-3ad8-48e5-afc4-57c7f2ead9bf', 'TOKEN_wgblo9', '2024-05-15 10:00:00');
INSERT INTO "password_resets" ("id", "user_id", "token", "expires_at") VALUES ('cb6a17a8-3158-4132-80fb-4df0a9368a1d', 'b972e542-d358-4084-bb32-abe9a87685ea', 'TOKEN_fepco', '2024-05-15 10:00:00');
INSERT INTO "password_resets" ("id", "user_id", "token", "expires_at") VALUES ('b3a68eab-a8f3-4f7f-8f28-23dadaf8a4cf', '503704a0-df77-4dab-ad97-e1bf482b1b69', 'TOKEN_5b0rsp', '2024-05-15 10:00:00');
INSERT INTO "password_resets" ("id", "user_id", "token", "expires_at") VALUES ('3f1e6726-fd9e-4ba9-a2b0-b23b4208e4e9', '96479c18-13b1-4009-8b4b-36b9ea36de70', 'TOKEN_t3lpenh', '2024-05-15 10:00:00');
INSERT INTO "password_resets" ("id", "user_id", "token", "expires_at") VALUES ('27cb691d-744f-42f5-9444-0fa841d27e5e', '967768e3-51a4-406e-987e-88d718b0c373', 'TOKEN_u5e32', '2024-05-15 10:00:00');
INSERT INTO "password_resets" ("id", "user_id", "token", "expires_at") VALUES ('2483062f-398e-46fc-874e-9a5521628434', '8daf7ad6-c72e-48e0-8478-68e983861a15', 'TOKEN_jnbn88', '2024-05-15 10:00:00');
INSERT INTO "password_resets" ("id", "user_id", "token", "expires_at") VALUES ('312b5260-980a-4721-b2f2-732154a35abd', '17ff0f1e-43a7-4c7e-8f35-c3afca2fbc24', 'TOKEN_w2nwrj', '2024-05-15 10:00:00');
INSERT INTO "password_resets" ("id", "user_id", "token", "expires_at") VALUES ('2ba61142-b1f3-4977-8b36-7474258100f9', 'b09d3ee9-46d3-445d-b89b-032535d84364', 'TOKEN_l4f50c', '2024-05-15 10:00:00');

-- Table: refresh_tokens
INSERT INTO "refresh_tokens" ("id", "user_id", "token", "expires_at", "is_revoked") VALUES ('90d1efa2-2dba-4911-9516-561f202f0121', '30bb71bb-4c12-4a8a-8b04-3013e1759ec8', 'TOKEN_7ddag9', '2024-05-15 10:00:00', false);
INSERT INTO "refresh_tokens" ("id", "user_id", "token", "expires_at", "is_revoked") VALUES ('ab27afbb-7101-427c-a0c5-5454bd4ab14d', 'ec41df36-a885-4e66-be26-744305a66500', 'TOKEN_31hmff', '2024-05-15 10:00:00', false);
INSERT INTO "refresh_tokens" ("id", "user_id", "token", "expires_at", "is_revoked") VALUES ('49f25568-fedc-4507-8307-93840620733f', 'f7cdfdf6-42e0-4fb3-838c-307b55c439aa', 'TOKEN_ph3zh', '2024-05-15 10:00:00', true);
INSERT INTO "refresh_tokens" ("id", "user_id", "token", "expires_at", "is_revoked") VALUES ('bc8552d2-dd78-4caa-875c-19b700fd6015', '4acd91bc-3ad8-48e5-afc4-57c7f2ead9bf', 'TOKEN_0119o', '2024-05-15 10:00:00', false);
INSERT INTO "refresh_tokens" ("id", "user_id", "token", "expires_at", "is_revoked") VALUES ('0f31c114-e385-4e18-96d4-67ace5ca7c7c', '8daf7ad6-c72e-48e0-8478-68e983861a15', 'TOKEN_b5jry', '2024-05-15 10:00:00', false);
INSERT INTO "refresh_tokens" ("id", "user_id", "token", "expires_at", "is_revoked") VALUES ('9138298d-fa4f-40c1-9f75-def89cf1f876', '967768e3-51a4-406e-987e-88d718b0c373', 'TOKEN_3j7h1r', '2024-05-15 10:00:00', false);
INSERT INTO "refresh_tokens" ("id", "user_id", "token", "expires_at", "is_revoked") VALUES ('12529a5a-7ca7-4360-b6bd-0a6ac26049d4', '2ca29fde-04dd-42dd-9c1a-65d3746aaa00', 'TOKEN_u5jtue', '2024-05-15 10:00:00', true);
INSERT INTO "refresh_tokens" ("id", "user_id", "token", "expires_at", "is_revoked") VALUES ('04b19f2c-b694-4b57-802a-8617319f0cb6', '4acd91bc-3ad8-48e5-afc4-57c7f2ead9bf', 'TOKEN_xzdewq', '2024-05-15 10:00:00', false);
INSERT INTO "refresh_tokens" ("id", "user_id", "token", "expires_at", "is_revoked") VALUES ('6b498478-bb55-4b78-acd8-db36612224f3', '8881285c-86ff-4614-ab42-80067b8fbb77', 'TOKEN_frq4gi', '2024-05-15 10:00:00', true);
INSERT INTO "refresh_tokens" ("id", "user_id", "token", "expires_at", "is_revoked") VALUES ('e3f7e1ed-bdcb-4143-a345-5af53d869e48', '2ca29fde-04dd-42dd-9c1a-65d3746aaa00', 'TOKEN_cttcqp', '2024-05-15 10:00:00', false);
INSERT INTO "refresh_tokens" ("id", "user_id", "token", "expires_at", "is_revoked") VALUES ('bd40f8ab-a58f-4075-a064-e1bffb533bfb', '967768e3-51a4-406e-987e-88d718b0c373', 'TOKEN_eghrj', '2024-05-15 10:00:00', true);
INSERT INTO "refresh_tokens" ("id", "user_id", "token", "expires_at", "is_revoked") VALUES ('98ab1d55-6c9c-4e56-a5c9-661105936c20', 'b897819d-9b0c-4d8f-8eef-d837f79ecd61', 'TOKEN_zc5fp', '2024-05-15 10:00:00', true);
INSERT INTO "refresh_tokens" ("id", "user_id", "token", "expires_at", "is_revoked") VALUES ('14e0aec2-4554-4ae5-919e-ee2e80f26754', '8ac205c8-fce3-47ee-998f-c0ea27043df3', 'TOKEN_s4odo', '2024-05-15 10:00:00', false);
INSERT INTO "refresh_tokens" ("id", "user_id", "token", "expires_at", "is_revoked") VALUES ('c68c7cec-6686-4daf-991d-ab28da9b5f00', 'b897819d-9b0c-4d8f-8eef-d837f79ecd61', 'TOKEN_6yvn5', '2024-05-15 10:00:00', false);
INSERT INTO "refresh_tokens" ("id", "user_id", "token", "expires_at", "is_revoked") VALUES ('bbcc4cce-f861-4c6c-9fa9-a9cb7254fa1e', 'bafb7d4c-55cd-47b8-88e3-c9b9dce634ce', 'TOKEN_farlc', '2024-05-15 10:00:00', false);
INSERT INTO "refresh_tokens" ("id", "user_id", "token", "expires_at", "is_revoked") VALUES ('e5cbc4c5-0e90-4660-8140-2c7efc62a5f1', '0e13a669-4bff-4b40-af8f-598204bf666e', 'TOKEN_n27q0p', '2024-05-15 10:00:00', true);
INSERT INTO "refresh_tokens" ("id", "user_id", "token", "expires_at", "is_revoked") VALUES ('a4cd97b0-a525-409b-b14f-bef3d604758e', '64b6107b-7673-4c9d-ae14-354f48909282', 'TOKEN_h0jltk', '2024-05-15 10:00:00', true);
INSERT INTO "refresh_tokens" ("id", "user_id", "token", "expires_at", "is_revoked") VALUES ('1131408e-55f9-4fa2-b840-99549844f1a8', 'ec41df36-a885-4e66-be26-744305a66500', 'TOKEN_jjb6f6', '2024-05-15 10:00:00', true);
INSERT INTO "refresh_tokens" ("id", "user_id", "token", "expires_at", "is_revoked") VALUES ('7e6d0306-474f-4135-a581-53d08b6e70ad', '17ff0f1e-43a7-4c7e-8f35-c3afca2fbc24', 'TOKEN_8v80zc', '2024-05-15 10:00:00', false);
INSERT INTO "refresh_tokens" ("id", "user_id", "token", "expires_at", "is_revoked") VALUES ('9a62c585-b0f1-40a7-b997-c4eb76676eca', '8daf7ad6-c72e-48e0-8478-68e983861a15', 'TOKEN_65se5s', '2024-05-15 10:00:00', false);
INSERT INTO "refresh_tokens" ("id", "user_id", "token", "expires_at", "is_revoked") VALUES ('07578899-2088-450f-acc4-8ba930b29ec2', 'b972e542-d358-4084-bb32-abe9a87685ea', 'TOKEN_wmlrus', '2024-05-15 10:00:00', false);
INSERT INTO "refresh_tokens" ("id", "user_id", "token", "expires_at", "is_revoked") VALUES ('5c01cddb-3da8-4513-b8b7-3cb0fbe434ed', '8881285c-86ff-4614-ab42-80067b8fbb77', 'TOKEN_s1ww8', '2024-05-15 10:00:00', false);
INSERT INTO "refresh_tokens" ("id", "user_id", "token", "expires_at", "is_revoked") VALUES ('98516595-f72c-403f-b606-3ad71fac4730', '8ac205c8-fce3-47ee-998f-c0ea27043df3', 'TOKEN_dbew5q', '2024-05-15 10:00:00', false);
INSERT INTO "refresh_tokens" ("id", "user_id", "token", "expires_at", "is_revoked") VALUES ('e52aa675-e42b-4730-9d31-af0faefa08de', 'b09d3ee9-46d3-445d-b89b-032535d84364', 'TOKEN_1oe1tf', '2024-05-15 10:00:00', false);
INSERT INTO "refresh_tokens" ("id", "user_id", "token", "expires_at", "is_revoked") VALUES ('dd1e261c-510c-44a6-8f72-6502f57be1ee', '967768e3-51a4-406e-987e-88d718b0c373', 'TOKEN_d463us', '2024-05-15 10:00:00', false);

-- Table: vendors
INSERT INTO "vendors" ("id", "user_id", "company_name", "gst_number", "is_approved") VALUES ('25662bce-87e1-49f1-a703-ed38a4b5d619', '96479c18-13b1-4009-8b4b-36b9ea36de70', 'Minimalist Desk', 'GSTIN707292', false);
INSERT INTO "vendors" ("id", "user_id", "company_name", "gst_number", "is_approved") VALUES ('5b2dea11-082b-42e5-94df-4c5885d96270', '0e13a669-4bff-4b40-af8f-598204bf666e', 'Sleek Cabinet', 'GSTIN820141', true);
INSERT INTO "vendors" ("id", "user_id", "company_name", "gst_number", "is_approved") VALUES ('af32ec12-429b-4a84-9865-825bf66583c5', '8ac205c8-fce3-47ee-998f-c0ea27043df3', 'Contemporary Bed', 'GSTIN91860', true);
INSERT INTO "vendors" ("id", "user_id", "company_name", "gst_number", "is_approved") VALUES ('f63e4050-f3d4-4b4f-acd1-f4bfb8054fcf', 'b09d3ee9-46d3-445d-b89b-032535d84364', 'Sleek Recliner', 'GSTIN480669', true);
INSERT INTO "vendors" ("id", "user_id", "company_name", "gst_number", "is_approved") VALUES ('b9c258cd-2b34-4182-9e30-85092ebafc0a', '17ff0f1e-43a7-4c7e-8f35-c3afca2fbc24', 'Cozy Lamp', 'GSTIN286829', false);
INSERT INTO "vendors" ("id", "user_id", "company_name", "gst_number", "is_approved") VALUES ('a43c3e8d-cfc8-40e6-a500-5734728af48f', 'b897819d-9b0c-4d8f-8eef-d837f79ecd61', 'Sleek Nightstand', 'GSTIN596557', false);
INSERT INTO "vendors" ("id", "user_id", "company_name", "gst_number", "is_approved") VALUES ('437cfcfe-80b2-44fb-beea-13f04af981fe', '0e13a669-4bff-4b40-af8f-598204bf666e', 'Premium Dresser', 'GSTIN420619', false);
INSERT INTO "vendors" ("id", "user_id", "company_name", "gst_number", "is_approved") VALUES ('051d9331-8af6-42ec-9638-f14b5f0eb604', 'b09d3ee9-46d3-445d-b89b-032535d84364', 'Cozy Dresser', 'GSTIN785753', true);
INSERT INTO "vendors" ("id", "user_id", "company_name", "gst_number", "is_approved") VALUES ('1cc993f2-f227-42b5-b3c6-7796309f52d6', '0e13a669-4bff-4b40-af8f-598204bf666e', 'Sturdy Lamp', 'GSTIN479041', false);
INSERT INTO "vendors" ("id", "user_id", "company_name", "gst_number", "is_approved") VALUES ('acef38ea-1396-41ad-9d11-41a19ae5bc0b', 'f7cdfdf6-42e0-4fb3-838c-307b55c439aa', 'Contemporary Recliner', 'GSTIN212363', false);
INSERT INTO "vendors" ("id", "user_id", "company_name", "gst_number", "is_approved") VALUES ('d696e377-0f9e-4f35-a49d-1d6fed6ae9c0', '8881285c-86ff-4614-ab42-80067b8fbb77', 'Contemporary Sofa', 'GSTIN521879', true);
INSERT INTO "vendors" ("id", "user_id", "company_name", "gst_number", "is_approved") VALUES ('7fd588fe-d2c0-4fa0-b4f3-649b51a5db23', 'b09d3ee9-46d3-445d-b89b-032535d84364', 'Cozy Bench', 'GSTIN908640', true);
INSERT INTO "vendors" ("id", "user_id", "company_name", "gst_number", "is_approved") VALUES ('e23240e4-4f7c-442a-b3a3-b51a6103e172', 'b972e542-d358-4084-bb32-abe9a87685ea', 'Comfortable Stool', 'GSTIN225458', false);
INSERT INTO "vendors" ("id", "user_id", "company_name", "gst_number", "is_approved") VALUES ('ba53296b-71bd-43f3-9acf-c09d8741f8c7', '420da6ec-0f92-4282-a4c4-50a4f428a3e6', 'Sleek Lamp', 'GSTIN557016', true);
INSERT INTO "vendors" ("id", "user_id", "company_name", "gst_number", "is_approved") VALUES ('74b8da46-2170-4262-b312-ceacb6124b4e', '4b31aa9a-a065-4e48-9fd2-e471212919c7', 'Vintage Table', 'GSTIN954626', true);
INSERT INTO "vendors" ("id", "user_id", "company_name", "gst_number", "is_approved") VALUES ('d9f4c23c-efb4-4db9-83d2-2af6c5797da8', '17ff0f1e-43a7-4c7e-8f35-c3afca2fbc24', 'Stylish Recliner', 'GSTIN589601', false);
INSERT INTO "vendors" ("id", "user_id", "company_name", "gst_number", "is_approved") VALUES ('b28a78e6-b08a-4442-90f3-0808aa20cde5', '27087242-a492-4c23-aacd-3dc3a736bda8', 'Elegant Stool', 'GSTIN946020', true);
INSERT INTO "vendors" ("id", "user_id", "company_name", "gst_number", "is_approved") VALUES ('26793bab-1759-473a-9e0b-a3534eca61ac', 'ec41df36-a885-4e66-be26-744305a66500', 'Vintage Wardrobe', 'GSTIN303307', false);
INSERT INTO "vendors" ("id", "user_id", "company_name", "gst_number", "is_approved") VALUES ('1ab07f35-46f6-4212-8fb0-f2292bf63180', 'ba728f6d-b87f-4e8f-8aa1-695167ec16a5', 'Chic Sofa', 'GSTIN889570', true);
INSERT INTO "vendors" ("id", "user_id", "company_name", "gst_number", "is_approved") VALUES ('f257786e-331f-4b6e-b083-3360a0c35701', '4b31aa9a-a065-4e48-9fd2-e471212919c7', 'Cozy Bed', 'GSTIN390290', true);
INSERT INTO "vendors" ("id", "user_id", "company_name", "gst_number", "is_approved") VALUES ('fd28b35a-a4e4-4db3-96ac-a71dd28b03c5', '30bb71bb-4c12-4a8a-8b04-3013e1759ec8', 'Minimalist Nightstand', 'GSTIN214991', false);
INSERT INTO "vendors" ("id", "user_id", "company_name", "gst_number", "is_approved") VALUES ('41f633b6-292f-4f68-83fc-c564b409576f', '503704a0-df77-4dab-ad97-e1bf482b1b69', 'Vintage Wardrobe', 'GSTIN15792', false);
INSERT INTO "vendors" ("id", "user_id", "company_name", "gst_number", "is_approved") VALUES ('2f80ab59-c08c-48b1-bded-958b904144ef', '17ff0f1e-43a7-4c7e-8f35-c3afca2fbc24', 'Rustic Cabinet', 'GSTIN93034', false);
INSERT INTO "vendors" ("id", "user_id", "company_name", "gst_number", "is_approved") VALUES ('0fffaa14-35d9-40ff-9e50-f11d942cf3ad', '4acd91bc-3ad8-48e5-afc4-57c7f2ead9bf', 'Minimalist Lamp', 'GSTIN378974', true);
INSERT INTO "vendors" ("id", "user_id", "company_name", "gst_number", "is_approved") VALUES ('f1fe6d22-8d70-4bce-913a-1db5447cafb4', '64b6107b-7673-4c9d-ae14-354f48909282', 'Stylish Desk', 'GSTIN825765', false);

-- Table: designers
INSERT INTO "designers" ("id", "user_id", "bio", "experience_years", "rating") VALUES ('26392a31-2e9d-4d86-9887-9989efad8b49', '96479c18-13b1-4009-8b4b-36b9ea36de70', 'Designed with comfort and style.', 0, 1.9);
INSERT INTO "designers" ("id", "user_id", "bio", "experience_years", "rating") VALUES ('07a73b76-15b0-407f-9ee1-67827b2cbe1c', 'b972e542-d358-4084-bb32-abe9a87685ea', 'A perfect addition to your home.', 4, 2.3);
INSERT INTO "designers" ("id", "user_id", "bio", "experience_years", "rating") VALUES ('75e54eb9-8fc7-412d-93ea-c3550b3f9895', '27087242-a492-4c23-aacd-3dc3a736bda8', 'A timeless design.', 3, 3.3);
INSERT INTO "designers" ("id", "user_id", "bio", "experience_years", "rating") VALUES ('29ee357b-b4b5-4552-8f26-92d9fc34ca71', 'b09d3ee9-46d3-445d-b89b-032535d84364', 'Experience the ultimate relaxation.', 10, 4.3);
INSERT INTO "designers" ("id", "user_id", "bio", "experience_years", "rating") VALUES ('f4eb4b46-e8fe-46ef-8054-1df35ceee6e7', '0e13a669-4bff-4b40-af8f-598204bf666e', 'Enhance your living space.', 13, 4.7);
INSERT INTO "designers" ("id", "user_id", "bio", "experience_years", "rating") VALUES ('b0825f74-199c-4e00-a27b-ae504b26b19c', '27087242-a492-4c23-aacd-3dc3a736bda8', 'Enhance your living space.', 9, 1.8);
INSERT INTO "designers" ("id", "user_id", "bio", "experience_years", "rating") VALUES ('876ae27e-9459-49b7-b67f-55292f2bbb8a', '2ca29fde-04dd-42dd-9c1a-65d3746aaa00', 'Built to last with premium materials.', 18, 3.2);
INSERT INTO "designers" ("id", "user_id", "bio", "experience_years", "rating") VALUES ('2336715c-0de5-471e-9ba2-bfe6bf14356b', '503704a0-df77-4dab-ad97-e1bf482b1b69', 'Designed with comfort and style.', 11, 0.5);
INSERT INTO "designers" ("id", "user_id", "bio", "experience_years", "rating") VALUES ('295f2b9e-a8cd-460f-8a65-5aae6dd58028', 'bafb7d4c-55cd-47b8-88e3-c9b9dce634ce', 'A perfect addition to your home.', 16, 1.9);
INSERT INTO "designers" ("id", "user_id", "bio", "experience_years", "rating") VALUES ('8055db21-79a6-4e8d-804a-e1c1acc13fe8', '06392989-9499-498f-af8f-469db1e2f7fd', 'Built to last with premium materials.', 9, 1.1);
INSERT INTO "designers" ("id", "user_id", "bio", "experience_years", "rating") VALUES ('8653d6a2-6e6a-43e4-8dbb-37fe57296f1b', '0e13a669-4bff-4b40-af8f-598204bf666e', 'Built to last with premium materials.', 14, 1.4);
INSERT INTO "designers" ("id", "user_id", "bio", "experience_years", "rating") VALUES ('c822b997-cd6a-4a56-85e1-e967edd97105', '8ac205c8-fce3-47ee-998f-c0ea27043df3', 'Built to last with premium materials.', 2, 0.7);
INSERT INTO "designers" ("id", "user_id", "bio", "experience_years", "rating") VALUES ('8f9222f1-0580-48ef-9104-2a7aa68fdfb5', '96479c18-13b1-4009-8b4b-36b9ea36de70', 'An extraordinary piece of furniture.', 13, 1.2);
INSERT INTO "designers" ("id", "user_id", "bio", "experience_years", "rating") VALUES ('105e2885-66b6-41b9-9625-6527334cf657', 'bafb7d4c-55cd-47b8-88e3-c9b9dce634ce', 'Experience the ultimate relaxation.', 7, 3.2);
INSERT INTO "designers" ("id", "user_id", "bio", "experience_years", "rating") VALUES ('d53bde8f-1026-49db-a630-4d33f1d190c6', '17ff0f1e-43a7-4c7e-8f35-c3afca2fbc24', 'Built to last with premium materials.', 11, 3.4);
INSERT INTO "designers" ("id", "user_id", "bio", "experience_years", "rating") VALUES ('035a6908-3f94-464f-9d57-04035179d1d8', '967768e3-51a4-406e-987e-88d718b0c373', 'An extraordinary piece of furniture.', 3, 4.0);
INSERT INTO "designers" ("id", "user_id", "bio", "experience_years", "rating") VALUES ('2fa48e24-1cba-48cd-8661-d6069d270441', '8ac205c8-fce3-47ee-998f-c0ea27043df3', 'Built to last with premium materials.', 2, 0.3);
INSERT INTO "designers" ("id", "user_id", "bio", "experience_years", "rating") VALUES ('e6a8d264-845d-4d36-ba26-3779a3a28f0b', '0e13a669-4bff-4b40-af8f-598204bf666e', 'Experience the ultimate relaxation.', 19, 5.0);
INSERT INTO "designers" ("id", "user_id", "bio", "experience_years", "rating") VALUES ('43e9ba21-cff1-4817-8c90-605a5c26028f', '17ff0f1e-43a7-4c7e-8f35-c3afca2fbc24', 'An extraordinary piece of furniture.', 19, 3.0);
INSERT INTO "designers" ("id", "user_id", "bio", "experience_years", "rating") VALUES ('445d1275-8c8c-448c-b718-9f7e3fd7c761', '96479c18-13b1-4009-8b4b-36b9ea36de70', 'A perfect addition to your home.', 11, 4.3);
INSERT INTO "designers" ("id", "user_id", "bio", "experience_years", "rating") VALUES ('bfd56855-e273-4841-85b5-1c296d50c8c3', '17eb1c04-fb19-4190-84ee-fca3cf8c83fc', 'Crafted with precision.', 13, 2.0);
INSERT INTO "designers" ("id", "user_id", "bio", "experience_years", "rating") VALUES ('d6ff14b5-1433-4e2e-84a3-15676708daa1', '2ca29fde-04dd-42dd-9c1a-65d3746aaa00', 'Experience the ultimate relaxation.', 16, 4.1);
INSERT INTO "designers" ("id", "user_id", "bio", "experience_years", "rating") VALUES ('f9aa55af-5802-4940-aa00-6a184cf57547', '30bb71bb-4c12-4a8a-8b04-3013e1759ec8', 'An extraordinary piece of furniture.', 7, 0.7);
INSERT INTO "designers" ("id", "user_id", "bio", "experience_years", "rating") VALUES ('54e5f079-f6b8-47a9-b709-903248b4e348', 'b972e542-d358-4084-bb32-abe9a87685ea', 'Experience the ultimate relaxation.', 12, 2.7);
INSERT INTO "designers" ("id", "user_id", "bio", "experience_years", "rating") VALUES ('87c3b403-e735-41c9-9e6d-c543a87a8cb4', '27087242-a492-4c23-aacd-3dc3a736bda8', 'Enhance your living space.', 12, 1.7);

-- Table: categories
INSERT INTO "categories" ("id", "name", "parent_id") VALUES ('747c782c-6534-4efa-9895-5fec9f9578fc', 'Cozy Wardrobe', '747c782c-6534-4efa-9895-5fec9f9578fc');
INSERT INTO "categories" ("id", "name", "parent_id") VALUES ('b6a186a7-c660-4c9d-9e2e-6dbf9c9d86c6', 'Sleek Recliner', '747c782c-6534-4efa-9895-5fec9f9578fc');
INSERT INTO "categories" ("id", "name", "parent_id") VALUES ('262e57ea-1e7f-4b57-8b4a-336f965186ca', 'Premium Sofa', '262e57ea-1e7f-4b57-8b4a-336f965186ca');
INSERT INTO "categories" ("id", "name", "parent_id") VALUES ('ddb40030-1f3b-4046-bbab-425bf3000788', 'Classic Stool', 'ddb40030-1f3b-4046-bbab-425bf3000788');
INSERT INTO "categories" ("id", "name", "parent_id") VALUES ('9b2ade5c-6249-4166-9c7f-7de73d0bc734', 'Rustic Chair', '747c782c-6534-4efa-9895-5fec9f9578fc');
INSERT INTO "categories" ("id", "name", "parent_id") VALUES ('27a37367-c465-4b3a-a089-fae7c42126dd', 'Luxury Table', '27a37367-c465-4b3a-a089-fae7c42126dd');
INSERT INTO "categories" ("id", "name", "parent_id") VALUES ('0d86e014-b95c-4c3b-bd58-1c12724c99ae', 'Cozy Table', 'b6a186a7-c660-4c9d-9e2e-6dbf9c9d86c6');
INSERT INTO "categories" ("id", "name", "parent_id") VALUES ('c456bf43-ac3a-4902-818e-794f0d54ce3e', 'Vintage Chair', '0d86e014-b95c-4c3b-bd58-1c12724c99ae');
INSERT INTO "categories" ("id", "name", "parent_id") VALUES ('d295e760-d2af-4f20-b19b-d529488326fa', 'Stylish Lamp', 'b6a186a7-c660-4c9d-9e2e-6dbf9c9d86c6');
INSERT INTO "categories" ("id", "name", "parent_id") VALUES ('70a4927a-6cdd-42fb-bdd6-1c9f0e80edc6', 'Rustic Bed', 'ddb40030-1f3b-4046-bbab-425bf3000788');
INSERT INTO "categories" ("id", "name", "parent_id") VALUES ('421c25f1-0124-450a-a5da-cbc59265863d', 'Sturdy Bench', '9b2ade5c-6249-4166-9c7f-7de73d0bc734');
INSERT INTO "categories" ("id", "name", "parent_id") VALUES ('655526b0-0fe7-4b85-8f94-32bf2e3af44b', 'Sturdy Cabinet', '262e57ea-1e7f-4b57-8b4a-336f965186ca');
INSERT INTO "categories" ("id", "name", "parent_id") VALUES ('907b974b-a7f2-4135-a2ca-d916422c0320', 'Rustic Lamp', '747c782c-6534-4efa-9895-5fec9f9578fc');
INSERT INTO "categories" ("id", "name", "parent_id") VALUES ('dd4de7ba-f45b-4244-b21c-6e8bc2049c02', 'Chic Dresser', '0d86e014-b95c-4c3b-bd58-1c12724c99ae');
INSERT INTO "categories" ("id", "name", "parent_id") VALUES ('3d73d9a4-c16d-4aae-bf5f-634808497697', 'Comfortable Bench', '747c782c-6534-4efa-9895-5fec9f9578fc');
INSERT INTO "categories" ("id", "name", "parent_id") VALUES ('2d03c584-ead8-420a-9b90-aca2f01cda35', 'Cozy Nightstand', '3d73d9a4-c16d-4aae-bf5f-634808497697');
INSERT INTO "categories" ("id", "name", "parent_id") VALUES ('331d76b3-0f5e-48da-a701-dbbaa29ae980', 'Elegant Desk', '331d76b3-0f5e-48da-a701-dbbaa29ae980');
INSERT INTO "categories" ("id", "name", "parent_id") VALUES ('49ec7d44-2b4d-44a0-8143-72c649e6f864', 'Luxury Ottoman', 'b6a186a7-c660-4c9d-9e2e-6dbf9c9d86c6');
INSERT INTO "categories" ("id", "name", "parent_id") VALUES ('b513cda2-39da-457e-b180-6ced24e02688', 'Cozy Bed', '2d03c584-ead8-420a-9b90-aca2f01cda35');
INSERT INTO "categories" ("id", "name", "parent_id") VALUES ('89c82a7c-ef4e-4d4f-8d27-b6c6859abe0d', 'Classic Dresser', '3d73d9a4-c16d-4aae-bf5f-634808497697');
INSERT INTO "categories" ("id", "name", "parent_id") VALUES ('442c0dd3-4d16-4849-ab32-d8ce17864221', 'Chic Cabinet', '0d86e014-b95c-4c3b-bd58-1c12724c99ae');
INSERT INTO "categories" ("id", "name", "parent_id") VALUES ('39cd8ddc-9bd1-423c-a9c6-93f644daad37', 'Comfortable Ottoman', '2d03c584-ead8-420a-9b90-aca2f01cda35');
INSERT INTO "categories" ("id", "name", "parent_id") VALUES ('dfaee907-d378-4162-8b18-b4cf63bac4fc', 'Classic Bench', 'dd4de7ba-f45b-4244-b21c-6e8bc2049c02');
INSERT INTO "categories" ("id", "name", "parent_id") VALUES ('cdf9746d-932f-4a31-b8a7-f937cd8717d7', 'Sleek Dresser', '747c782c-6534-4efa-9895-5fec9f9578fc');
INSERT INTO "categories" ("id", "name", "parent_id") VALUES ('e2d4e7f2-9aa1-4665-9d9f-d1c64ae6b68d', 'Stylish Lamp', 'e2d4e7f2-9aa1-4665-9d9f-d1c64ae6b68d');

-- Table: materials
INSERT INTO "materials" ("id", "name", "price_multiplier", "stock_quantity") VALUES ('b56c90d9-2539-426c-a027-208241aa7712', 'Wicker', 423.64, 52);
INSERT INTO "materials" ("id", "name", "price_multiplier", "stock_quantity") VALUES ('5128e4a2-d92a-4a28-adeb-485669c49ef7', 'Aluminum', 203.62, 62);
INSERT INTO "materials" ("id", "name", "price_multiplier", "stock_quantity") VALUES ('2c4b0f84-c1cf-4f42-8d0b-eae89db65811', 'Ash Wood', 483.06, 41);
INSERT INTO "materials" ("id", "name", "price_multiplier", "stock_quantity") VALUES ('775aec63-f434-4df9-92bd-c1d31cae823d', 'Brass', 194.08, 9);
INSERT INTO "materials" ("id", "name", "price_multiplier", "stock_quantity") VALUES ('6a0c15d7-9b17-4682-b531-01d45605519b', 'Mahogany', 295.52, 93);
INSERT INTO "materials" ("id", "name", "price_multiplier", "stock_quantity") VALUES ('65bc2378-e3cc-4ed6-9fea-94341401bc25', 'Bronze', 462.73, 2);
INSERT INTO "materials" ("id", "name", "price_multiplier", "stock_quantity") VALUES ('f7ddb26b-d66f-46a8-a991-f424d57dbd25', 'Rattan', 179.52, 21);
INSERT INTO "materials" ("id", "name", "price_multiplier", "stock_quantity") VALUES ('47d787d0-f4b2-4f44-b79d-b15c579a3685', 'Marble', 209.68, 51);
INSERT INTO "materials" ("id", "name", "price_multiplier", "stock_quantity") VALUES ('a91c7703-8450-4508-a3c8-e849eb333221', 'Ash Wood', 517.04, 47);
INSERT INTO "materials" ("id", "name", "price_multiplier", "stock_quantity") VALUES ('a37fe647-a965-4365-95ad-9c3a562aea4e', 'Oak Wood', 144.56, 58);
INSERT INTO "materials" ("id", "name", "price_multiplier", "stock_quantity") VALUES ('8c85b191-4976-40ec-a11d-d85685332c86', 'Ash Wood', 124.79, 15);
INSERT INTO "materials" ("id", "name", "price_multiplier", "stock_quantity") VALUES ('d3416e1e-a3bb-4db7-b074-94bbe2f4b3f2', 'Leather', 304.65, 92);
INSERT INTO "materials" ("id", "name", "price_multiplier", "stock_quantity") VALUES ('004cff54-915d-4abb-9f3f-7219a5e8bc38', 'Bronze', 167.18, 18);
INSERT INTO "materials" ("id", "name", "price_multiplier", "stock_quantity") VALUES ('26710920-d7fa-486e-9faf-63f5cd7e17d4', 'Steel', 419.76, 84);
INSERT INTO "materials" ("id", "name", "price_multiplier", "stock_quantity") VALUES ('fe3aca10-aadc-4e87-9c95-9f50e56b58b7', 'Marble', 509.57, 16);
INSERT INTO "materials" ("id", "name", "price_multiplier", "stock_quantity") VALUES ('3ac4fc08-66f9-477d-a85d-f4be1618a873', 'Steel', 249.10, 3);
INSERT INTO "materials" ("id", "name", "price_multiplier", "stock_quantity") VALUES ('ae1b830f-7d06-4a44-9eeb-66d650e675f7', 'Oak Wood', 530.23, 86);
INSERT INTO "materials" ("id", "name", "price_multiplier", "stock_quantity") VALUES ('bd9e2c22-6da1-4a97-bf1f-6b14afc1733c', 'Faux Leather', 433.79, 79);
INSERT INTO "materials" ("id", "name", "price_multiplier", "stock_quantity") VALUES ('8961e850-9bf4-4793-beb1-4ecbb3ea5bb1', 'Ash Wood', 74.33, 96);
INSERT INTO "materials" ("id", "name", "price_multiplier", "stock_quantity") VALUES ('dc9d9722-1626-43c6-bbc4-b3adb6a38626', 'Rattan', 403.84, 2);
INSERT INTO "materials" ("id", "name", "price_multiplier", "stock_quantity") VALUES ('0afe2aea-7356-484c-92b3-04d3abb9cb72', 'Brass', 382.25, 3);
INSERT INTO "materials" ("id", "name", "price_multiplier", "stock_quantity") VALUES ('a6a2523a-9975-491e-a437-6d949a9ecc9c', 'Steel', 312.01, 100);
INSERT INTO "materials" ("id", "name", "price_multiplier", "stock_quantity") VALUES ('f23e4a28-b30f-44d6-bacd-b05654e0987b', 'Mahogany', 529.72, 53);
INSERT INTO "materials" ("id", "name", "price_multiplier", "stock_quantity") VALUES ('e2147942-b888-4eb1-8be5-c7bf4bbd6788', 'Brass', 454.03, 33);
INSERT INTO "materials" ("id", "name", "price_multiplier", "stock_quantity") VALUES ('ac1b4eb2-e10f-4d98-9a9e-b94a2da88d8f', 'Aluminum', 467.67, 76);

-- Table: colors
INSERT INTO "colors" ("id", "name", "hex_code", "price_modifier") VALUES ('c8e52bba-37e2-4f25-913e-d41e26da8d12', 'Crimson Red', '#c92641', 200.07);
INSERT INTO "colors" ("id", "name", "hex_code", "price_modifier") VALUES ('e327a860-70e6-4057-a0f3-691cf3cca384', 'Mocha Brown', '#8966d7', 73.18);
INSERT INTO "colors" ("id", "name", "hex_code", "price_modifier") VALUES ('e28048c0-be3a-4f96-986f-40cdc3fb5573', 'Olive Green', '#20a3d3', 205.57);
INSERT INTO "colors" ("id", "name", "hex_code", "price_modifier") VALUES ('37d4da51-71dd-42d8-ba87-884030b2f65d', 'Burgundy', '#0599eb', 386.05);
INSERT INTO "colors" ("id", "name", "hex_code", "price_modifier") VALUES ('5eddf32c-30af-46d9-98a7-682d82f5810f', 'Beige', '#9a5d8a', 72.60);
INSERT INTO "colors" ("id", "name", "hex_code", "price_modifier") VALUES ('23ad15ec-9c57-429a-91bd-2576eae5e399', 'Mustard Yellow', '#d70583', 406.74);
INSERT INTO "colors" ("id", "name", "hex_code", "price_modifier") VALUES ('c968816f-5d24-401b-932d-829dbadf2c46', 'Olive Green', '#d8b63e', 262.21);
INSERT INTO "colors" ("id", "name", "hex_code", "price_modifier") VALUES ('4df1fe22-2bcf-4632-99b9-278bb12a21a9', 'Burgundy', '#e63109', 204.35);
INSERT INTO "colors" ("id", "name", "hex_code", "price_modifier") VALUES ('1e1eb2d6-e0a2-4fbb-bb6a-4f9491f7596a', 'Navy Blue', '#d7ae08', 124.75);
INSERT INTO "colors" ("id", "name", "hex_code", "price_modifier") VALUES ('f30f9bff-e5d5-430f-98d2-6b67d3b80082', 'Glossy White', '#67b99d', 182.98);
INSERT INTO "colors" ("id", "name", "hex_code", "price_modifier") VALUES ('49592b48-21d8-4694-99b7-0886cafbdc91', 'Teal', '#e5222d', 529.67);
INSERT INTO "colors" ("id", "name", "hex_code", "price_modifier") VALUES ('40f3020f-7653-451b-aa61-d4db56f79020', 'Mustard Yellow', '#96c8db', 121.81);
INSERT INTO "colors" ("id", "name", "hex_code", "price_modifier") VALUES ('ac91b705-8880-4c6d-9765-d4e8bf91d318', 'Dusty Pink', '#2aed8b', 345.43);
INSERT INTO "colors" ("id", "name", "hex_code", "price_modifier") VALUES ('7df98f1d-22d5-4152-94c6-fd0e5e820173', 'Mustard Yellow', '#99eeee', 447.51);
INSERT INTO "colors" ("id", "name", "hex_code", "price_modifier") VALUES ('32bfb101-aaa2-475f-9839-2a8408efe7f4', 'Dusty Pink', '#11954a', 79.26);
INSERT INTO "colors" ("id", "name", "hex_code", "price_modifier") VALUES ('16ddd514-6a6f-400b-8ae3-d0f2c9faeacc', 'Glossy White', '#9c82b4', 496.38);
INSERT INTO "colors" ("id", "name", "hex_code", "price_modifier") VALUES ('00c1b220-acef-43a6-8921-9dd1c0f8397e', 'Matte Black', '#d9903d', 126.40);
INSERT INTO "colors" ("id", "name", "hex_code", "price_modifier") VALUES ('07483084-b19d-4769-854a-86923a9259c1', 'Mocha Brown', '#573a9a', 538.18);
INSERT INTO "colors" ("id", "name", "hex_code", "price_modifier") VALUES ('c9ce524b-6202-4b7f-9f58-770f3fdc6975', 'Silver', '#484f6a', 121.29);
INSERT INTO "colors" ("id", "name", "hex_code", "price_modifier") VALUES ('696c7830-18f3-4633-978a-df5a4a39488e', 'Silver', '#71883e', 534.16);
INSERT INTO "colors" ("id", "name", "hex_code", "price_modifier") VALUES ('6fb99770-6f0a-40e3-8ac3-4ef0c4be9e6c', 'Matte Black', '#7b1734', 263.29);
INSERT INTO "colors" ("id", "name", "hex_code", "price_modifier") VALUES ('10f83431-5090-4b28-909f-7853fc66acba', 'Forest Green', '#dbb01b', 78.66);
INSERT INTO "colors" ("id", "name", "hex_code", "price_modifier") VALUES ('77636494-4a95-4ec7-9410-cdf51a448248', 'Mustard Yellow', '#ba2c05', 218.03);
INSERT INTO "colors" ("id", "name", "hex_code", "price_modifier") VALUES ('b8cb7402-054d-4a70-9d07-3fc300f2841c', 'Olive Green', '#762371', 284.52);
INSERT INTO "colors" ("id", "name", "hex_code", "price_modifier") VALUES ('d5e4b884-cc5b-46f0-8043-59fec5ad5a87', 'Crimson Red', '#fc9fc6', 339.28);

-- Table: fabrics
INSERT INTO "fabrics" ("id", "name", "price_multiplier") VALUES ('3b376a32-cbd7-4ed6-add0-2d52554b8441', 'Cotton', 541.05);
INSERT INTO "fabrics" ("id", "name", "price_multiplier") VALUES ('cc5ac520-791c-448c-9fcf-582091a408dd', 'Tweed', 414.40);
INSERT INTO "fabrics" ("id", "name", "price_multiplier") VALUES ('485731c1-1d27-40f3-991a-90f8faac3df5', 'Silk', 490.48);
INSERT INTO "fabrics" ("id", "name", "price_multiplier") VALUES ('88aae0cc-ea60-4715-94e2-a0de52008292', 'Canvas', 152.13);
INSERT INTO "fabrics" ("id", "name", "price_multiplier") VALUES ('f0658c16-b3ac-45df-9c65-ba6c4c9a9af4', 'Chenille', 348.59);
INSERT INTO "fabrics" ("id", "name", "price_multiplier") VALUES ('8f15a5eb-8053-415c-b6e8-0ff50c131733', 'Jacquard', 59.59);
INSERT INTO "fabrics" ("id", "name", "price_multiplier") VALUES ('9ef14dc8-ff84-4084-84a0-12b997c68b07', 'Damask', 164.69);
INSERT INTO "fabrics" ("id", "name", "price_multiplier") VALUES ('e16b885c-31b7-48ef-b2c9-6dc26431209b', 'Linen', 494.74);
INSERT INTO "fabrics" ("id", "name", "price_multiplier") VALUES ('08a02d93-7f8a-440e-9c1a-e388578c8a26', 'Linen', 428.89);
INSERT INTO "fabrics" ("id", "name", "price_multiplier") VALUES ('8677b8b4-203e-4ee2-b103-c1202ae0fcfc', 'Canvas', 496.84);
INSERT INTO "fabrics" ("id", "name", "price_multiplier") VALUES ('12dab4a1-9ceb-446b-b550-ecbffab437c4', 'Velvet', 500.12);
INSERT INTO "fabrics" ("id", "name", "price_multiplier") VALUES ('13a92937-e6d9-4cb6-a6bc-750215e496b5', 'Suede', 305.84);
INSERT INTO "fabrics" ("id", "name", "price_multiplier") VALUES ('de334286-e1bd-435b-8661-13a29baed0e3', 'Linen', 484.91);
INSERT INTO "fabrics" ("id", "name", "price_multiplier") VALUES ('297123ed-b244-4ce7-b8e8-65569bcb00e1', 'Wool', 373.42);
INSERT INTO "fabrics" ("id", "name", "price_multiplier") VALUES ('e3986ace-dc57-40f2-aa15-697b9a95496a', 'Chenille', 52.77);
INSERT INTO "fabrics" ("id", "name", "price_multiplier") VALUES ('8a9ccc30-c278-4168-818e-f08b476ed9bf', 'Canvas', 152.90);
INSERT INTO "fabrics" ("id", "name", "price_multiplier") VALUES ('915849ad-c9e2-4da9-80c5-bb9bac6d403a', 'Wool', 412.07);
INSERT INTO "fabrics" ("id", "name", "price_multiplier") VALUES ('ac8adb25-6267-46fb-8455-75ebb9125e43', 'Microfiber', 413.65);
INSERT INTO "fabrics" ("id", "name", "price_multiplier") VALUES ('325d0a77-aa68-4850-a60d-8006cf8662dc', 'Chiffon', 102.65);
INSERT INTO "fabrics" ("id", "name", "price_multiplier") VALUES ('f3d68944-f7b9-490e-a018-1c1513cb692d', 'Boucle', 260.11);
INSERT INTO "fabrics" ("id", "name", "price_multiplier") VALUES ('1478344b-d307-417e-879c-3cb36e79577a', 'Microfiber', 201.65);
INSERT INTO "fabrics" ("id", "name", "price_multiplier") VALUES ('9b350184-4f3c-4330-a724-f274a23a4d78', 'Damask', 348.13);
INSERT INTO "fabrics" ("id", "name", "price_multiplier") VALUES ('1128c26d-91c2-4b02-a04a-0927ee708040', 'Velvet', 156.06);
INSERT INTO "fabrics" ("id", "name", "price_multiplier") VALUES ('de9d7121-6a78-4db8-a4d7-d0d4cc9a2c78', 'Boucle', 402.02);
INSERT INTO "fabrics" ("id", "name", "price_multiplier") VALUES ('fc3e7d52-8f86-4571-aa7c-3cc45120ef90', 'Velvet', 80.34);

-- Table: sizes
INSERT INTO "sizes" ("id", "name", "width", "height", "depth", "price_multiplier") VALUES ('53dd33a5-0bd8-4a4e-ab21-cbbc3436d5ee', 'Rustic Ottoman', 31.75, 21.49, 4.66, 303.81);
INSERT INTO "sizes" ("id", "name", "width", "height", "depth", "price_multiplier") VALUES ('8bfd4488-cd15-4cf9-8932-10da9a8e3fe8', 'Stylish Table', 7.92, 0.00, 70.62, 408.05);
INSERT INTO "sizes" ("id", "name", "width", "height", "depth", "price_multiplier") VALUES ('eec53c72-3fc0-46d2-8130-8228c5b1d5f8', 'Sleek Wardrobe', 20.11, 88.11, 44.57, 105.56);
INSERT INTO "sizes" ("id", "name", "width", "height", "depth", "price_multiplier") VALUES ('79578a81-b868-46d9-83d4-9f65458c0fe1', 'Elegant Nightstand', 34.70, 57.28, 45.86, 466.15);
INSERT INTO "sizes" ("id", "name", "width", "height", "depth", "price_multiplier") VALUES ('e152a012-99e9-462c-81bc-2eeffa972824', 'Luxury Dresser', 81.15, 58.85, 84.22, 345.26);
INSERT INTO "sizes" ("id", "name", "width", "height", "depth", "price_multiplier") VALUES ('f92e10f7-b8ef-40df-bfeb-4ce94d32f1d3', 'Cozy Bed', 80.52, 4.40, 70.26, 482.68);
INSERT INTO "sizes" ("id", "name", "width", "height", "depth", "price_multiplier") VALUES ('1233d189-dd39-4073-b349-0744e28adfd6', 'Chic Nightstand', 83.71, 72.16, 60.49, 319.29);
INSERT INTO "sizes" ("id", "name", "width", "height", "depth", "price_multiplier") VALUES ('5ac39df6-87ce-404a-aa91-8d3fd4b7cc31', 'Contemporary Desk', 81.84, 1.37, 47.96, 286.28);
INSERT INTO "sizes" ("id", "name", "width", "height", "depth", "price_multiplier") VALUES ('0fc8c786-b142-42bf-980c-00748714be2f', 'Sturdy Bookshelf', 56.99, 95.29, 45.03, 478.55);
INSERT INTO "sizes" ("id", "name", "width", "height", "depth", "price_multiplier") VALUES ('4f02df86-a617-4f33-b26f-98f5b727ba84', 'Vintage Sofa', 89.09, 21.67, 64.64, 254.66);
INSERT INTO "sizes" ("id", "name", "width", "height", "depth", "price_multiplier") VALUES ('a3257731-1b7f-4a45-93a7-f614c17598b7', 'Sturdy Bench', 42.33, 50.74, 50.02, 458.85);
INSERT INTO "sizes" ("id", "name", "width", "height", "depth", "price_multiplier") VALUES ('3eb7c272-96ab-4d54-8886-6fca1e427dbd', 'Contemporary Stool', 11.99, 32.55, 3.14, 128.38);
INSERT INTO "sizes" ("id", "name", "width", "height", "depth", "price_multiplier") VALUES ('cba1a726-3c0f-4228-ba88-bc3bc74bafa7', 'Elegant Dresser', 86.46, 83.41, 39.22, 175.93);
INSERT INTO "sizes" ("id", "name", "width", "height", "depth", "price_multiplier") VALUES ('7b513518-37c9-4461-bb91-4357cf3e2cce', 'Modern Desk', 49.76, 61.59, 13.67, 326.11);
INSERT INTO "sizes" ("id", "name", "width", "height", "depth", "price_multiplier") VALUES ('b628f880-12c1-4e48-a746-4876bf096fd4', 'Classic Ottoman', 12.29, 71.44, 92.97, 111.74);
INSERT INTO "sizes" ("id", "name", "width", "height", "depth", "price_multiplier") VALUES ('bce089f9-fa7e-4e37-ad98-eb3ab940d711', 'Comfortable Dresser', 80.90, 53.12, 65.21, 101.70);
INSERT INTO "sizes" ("id", "name", "width", "height", "depth", "price_multiplier") VALUES ('de802f6e-f69c-4c14-a922-dc97b5c7ea3d', 'Vintage Chair', 93.41, 28.42, 20.54, 368.72);
INSERT INTO "sizes" ("id", "name", "width", "height", "depth", "price_multiplier") VALUES ('e762309f-00eb-4b5f-ac7f-07ad4e514578', 'Premium Cabinet', 87.81, 58.47, 49.88, 429.64);
INSERT INTO "sizes" ("id", "name", "width", "height", "depth", "price_multiplier") VALUES ('afd59d23-ac04-430f-93c9-e70fcf97ea9f', 'Vintage Dresser', 21.73, 16.26, 3.15, 446.94);
INSERT INTO "sizes" ("id", "name", "width", "height", "depth", "price_multiplier") VALUES ('9dc120ec-199d-4947-98a4-53583c7f837f', 'Cozy Lamp', 43.19, 29.52, 15.47, 337.71);
INSERT INTO "sizes" ("id", "name", "width", "height", "depth", "price_multiplier") VALUES ('7fc66693-92a9-4b7d-a93c-90e3f9a95013', 'Sleek Bookshelf', 63.76, 67.29, 44.69, 254.81);
INSERT INTO "sizes" ("id", "name", "width", "height", "depth", "price_multiplier") VALUES ('5c52285b-c2b9-4da2-9b74-61f167ffc6d7', 'Stylish Dresser', 46.59, 73.48, 1.84, 79.93);
INSERT INTO "sizes" ("id", "name", "width", "height", "depth", "price_multiplier") VALUES ('8be0e5ee-ff70-4f36-bc63-1ba537d9d3ab', 'Premium Lamp', 74.45, 19.13, 18.78, 244.47);
INSERT INTO "sizes" ("id", "name", "width", "height", "depth", "price_multiplier") VALUES ('ec58db5c-3adc-4bad-82fc-666f8a2f7200', 'Stylish Lamp', 44.66, 72.46, 88.82, 401.47);
INSERT INTO "sizes" ("id", "name", "width", "height", "depth", "price_multiplier") VALUES ('49d31312-4c06-4ca1-87f3-49621a2db5b7', 'Cozy Recliner', 2.58, 72.41, 84.76, 198.83);

-- Table: add_ons
INSERT INTO "add_ons" ("id", "name", "price") VALUES ('9012961d-d603-4ab8-ab56-c7a6355c68ad', 'Premium Bookshelf', 299.14);
INSERT INTO "add_ons" ("id", "name", "price") VALUES ('93cf521a-e627-4ea0-b278-f17435bf6bbc', 'Comfortable Cabinet', 389.22);
INSERT INTO "add_ons" ("id", "name", "price") VALUES ('11089ed3-3cc9-4388-94f8-5c2f5aca23e0', 'Vintage Wardrobe', 229.11);
INSERT INTO "add_ons" ("id", "name", "price") VALUES ('590025c2-b9cb-4460-83a0-f2ab77c99b02', 'Sleek Lamp', 425.38);
INSERT INTO "add_ons" ("id", "name", "price") VALUES ('4def3695-9607-4de2-9ae4-63f716a6a497', 'Premium Recliner', 285.35);
INSERT INTO "add_ons" ("id", "name", "price") VALUES ('7548a9f1-1ae2-4db2-ab80-9cb1f0d13c72', 'Elegant Nightstand', 383.58);
INSERT INTO "add_ons" ("id", "name", "price") VALUES ('b3977547-fb20-45b1-84fa-1dba270e66b2', 'Modern Cabinet', 155.72);
INSERT INTO "add_ons" ("id", "name", "price") VALUES ('4aa0b5ed-5531-4e59-b2a8-ce4a93014627', 'Sleek Nightstand', 192.94);
INSERT INTO "add_ons" ("id", "name", "price") VALUES ('4c743a7e-7ae8-4ab9-a5e9-1cc2495ba704', 'Cozy Bed', 275.57);
INSERT INTO "add_ons" ("id", "name", "price") VALUES ('8af848d4-1a06-4d3b-8a05-7476ca014fbc', 'Luxury Recliner', 215.17);
INSERT INTO "add_ons" ("id", "name", "price") VALUES ('bf3a78d9-96b9-4049-b9b3-b9b5dc95f31f', 'Modern Recliner', 132.89);
INSERT INTO "add_ons" ("id", "name", "price") VALUES ('d3c8c2a1-1878-4196-8361-ff98b15d939d', 'Contemporary Sofa', 66.15);
INSERT INTO "add_ons" ("id", "name", "price") VALUES ('935a2818-304f-4790-a1df-d2d821e3a9df', 'Classic Table', 525.35);
INSERT INTO "add_ons" ("id", "name", "price") VALUES ('75293f98-6331-4c37-b055-dbc4e3be8f4f', 'Stylish Bed', 381.35);
INSERT INTO "add_ons" ("id", "name", "price") VALUES ('1ce50aa2-401d-4f59-973b-49051947a6ec', 'Chic Ottoman', 50.02);
INSERT INTO "add_ons" ("id", "name", "price") VALUES ('029b6061-d3f2-4da0-b25d-12678e6841aa', 'Sturdy Stool', 523.10);
INSERT INTO "add_ons" ("id", "name", "price") VALUES ('ae8db71f-35a8-4ae4-8bd8-e9135a5aff4f', 'Rustic Cabinet', 336.85);
INSERT INTO "add_ons" ("id", "name", "price") VALUES ('ec3cca68-0ae0-40b4-b63d-af609945f6c8', 'Cozy Bench', 252.18);
INSERT INTO "add_ons" ("id", "name", "price") VALUES ('d572f3e9-b7f1-498f-b3ae-daee2cc8abde', 'Sleek Cabinet', 275.01);
INSERT INTO "add_ons" ("id", "name", "price") VALUES ('4bad5cff-bc5b-4171-ac6f-44ec1802fb9f', 'Sturdy Cabinet', 130.98);
INSERT INTO "add_ons" ("id", "name", "price") VALUES ('c12c49eb-d7fb-4f93-a22b-b63409256a27', 'Premium Ottoman', 192.62);
INSERT INTO "add_ons" ("id", "name", "price") VALUES ('964e5027-a43e-4657-a03e-1701cef5f87d', 'Cozy Dresser', 426.48);
INSERT INTO "add_ons" ("id", "name", "price") VALUES ('dfd9a98f-79d8-453d-8ac1-1c1bf6bc9959', 'Luxury Lamp', 536.28);
INSERT INTO "add_ons" ("id", "name", "price") VALUES ('db59a370-a76a-4080-858e-e1e4112e513b', 'Chic Chair', 521.66);
INSERT INTO "add_ons" ("id", "name", "price") VALUES ('8fda1c02-d99e-40ee-9cbb-95618519dcef', 'Stylish Stool', 481.47);

-- Table: furniture_models
INSERT INTO "furniture_models" ("id", "vendor_id", "category_id", "name", "base_price", "base_image", "description", "is_active", "deleted_at") VALUES ('7c1d200d-ca9a-4c03-8c35-a3886c6041d2', 'f257786e-331f-4b6e-b083-3360a0c35701', '442c0dd3-4d16-4849-ab32-d8ce17864221', 'Sturdy Bench', 388.63, 'https://images.unsplash.com/photo-1524758631624-e2822e304c36', 'Experience the ultimate relaxation.', true, NULL);
INSERT INTO "furniture_models" ("id", "vendor_id", "category_id", "name", "base_price", "base_image", "description", "is_active", "deleted_at") VALUES ('d87e3631-8d0a-4083-b5a8-c6b250716c7b', 'd9f4c23c-efb4-4db9-83d2-2af6c5797da8', '27a37367-c465-4b3a-a089-fae7c42126dd', 'Cozy Dresser', 141.33, 'https://images.unsplash.com/photo-1505693314120-0d443867891c', 'A timeless design.', false, NULL);
INSERT INTO "furniture_models" ("id", "vendor_id", "category_id", "name", "base_price", "base_image", "description", "is_active", "deleted_at") VALUES ('155e3096-1410-45f0-8616-01b99ad91788', 'b28a78e6-b08a-4442-90f3-0808aa20cde5', 'dd4de7ba-f45b-4244-b21c-6e8bc2049c02', 'Cozy Cabinet', 514.80, 'https://images.unsplash.com/photo-1592078615290-033ee584e267', 'Designed with comfort and style.', true, NULL);
INSERT INTO "furniture_models" ("id", "vendor_id", "category_id", "name", "base_price", "base_image", "description", "is_active", "deleted_at") VALUES ('bd7da1aa-4e1c-40e2-abfd-d0b3c628e9c4', '051d9331-8af6-42ec-9638-f14b5f0eb604', 'ddb40030-1f3b-4046-bbab-425bf3000788', 'Rustic Lamp', 62.58, 'https://images.unsplash.com/photo-1524758631624-e2822e304c36', 'A timeless design.', false, NULL);
INSERT INTO "furniture_models" ("id", "vendor_id", "category_id", "name", "base_price", "base_image", "description", "is_active", "deleted_at") VALUES ('9f597266-2567-40bb-846c-5d7323bbe0da', '25662bce-87e1-49f1-a703-ed38a4b5d619', 'c456bf43-ac3a-4902-818e-794f0d54ce3e', 'Sturdy Chair', 378.20, 'https://images.unsplash.com/photo-1505693314120-0d443867891c', 'A perfect addition to your home.', true, NULL);
INSERT INTO "furniture_models" ("id", "vendor_id", "category_id", "name", "base_price", "base_image", "description", "is_active", "deleted_at") VALUES ('c8a2496e-8b10-46ec-8b8e-292b3a4fa74d', '7fd588fe-d2c0-4fa0-b4f3-649b51a5db23', '3d73d9a4-c16d-4aae-bf5f-634808497697', 'Classic Bookshelf', 310.54, 'https://images.unsplash.com/photo-1592078615290-033ee584e267', 'Built to last with premium materials.', false, NULL);
INSERT INTO "furniture_models" ("id", "vendor_id", "category_id", "name", "base_price", "base_image", "description", "is_active", "deleted_at") VALUES ('a27e515e-a4ca-4d78-ab27-1185f8d2e9dd', '26793bab-1759-473a-9e0b-a3534eca61ac', '907b974b-a7f2-4135-a2ca-d916422c0320', 'Sturdy Table', 512.03, 'https://images.unsplash.com/photo-1592078615290-033ee584e267', 'An extraordinary piece of furniture.', false, NULL);
INSERT INTO "furniture_models" ("id", "vendor_id", "category_id", "name", "base_price", "base_image", "description", "is_active", "deleted_at") VALUES ('e3f0bec9-d653-4928-aae8-c35c07318dcb', 'acef38ea-1396-41ad-9d11-41a19ae5bc0b', '39cd8ddc-9bd1-423c-a9c6-93f644daad37', 'Luxury Chair', 427.84, 'https://images.unsplash.com/photo-1592078615290-033ee584e267', 'An extraordinary piece of furniture.', false, NULL);
INSERT INTO "furniture_models" ("id", "vendor_id", "category_id", "name", "base_price", "base_image", "description", "is_active", "deleted_at") VALUES ('5fb5c2df-116e-444d-920b-6360d2cbb577', '0fffaa14-35d9-40ff-9e50-f11d942cf3ad', 'b6a186a7-c660-4c9d-9e2e-6dbf9c9d86c6', 'Minimalist Dresser', 439.25, 'https://images.unsplash.com/photo-1555041469-a586c61ea9bc', 'Enhance your living space.', true, NULL);
INSERT INTO "furniture_models" ("id", "vendor_id", "category_id", "name", "base_price", "base_image", "description", "is_active", "deleted_at") VALUES ('eda48ed1-31b4-48ff-9f83-b5d4b51caee5', 'f257786e-331f-4b6e-b083-3360a0c35701', '442c0dd3-4d16-4849-ab32-d8ce17864221', 'Minimalist Stool', 180.48, 'https://images.unsplash.com/photo-1524758631624-e2822e304c36', 'Built to last with premium materials.', true, NULL);
INSERT INTO "furniture_models" ("id", "vendor_id", "category_id", "name", "base_price", "base_image", "description", "is_active", "deleted_at") VALUES ('c3ec7695-a5f6-4457-a318-e966a2eee8b1', 'b9c258cd-2b34-4182-9e30-85092ebafc0a', 'ddb40030-1f3b-4046-bbab-425bf3000788', 'Elegant Table', 356.86, 'https://images.unsplash.com/photo-1586023492125-27b2c045efd7', 'An extraordinary piece of furniture.', false, NULL);
INSERT INTO "furniture_models" ("id", "vendor_id", "category_id", "name", "base_price", "base_image", "description", "is_active", "deleted_at") VALUES ('81fd13af-d2f2-4d11-aa3f-4f4915951b3a', '7fd588fe-d2c0-4fa0-b4f3-649b51a5db23', '27a37367-c465-4b3a-a089-fae7c42126dd', 'Vintage Recliner', 520.75, 'https://images.unsplash.com/photo-1586023492125-27b2c045efd7', 'Crafted with precision.', false, NULL);
INSERT INTO "furniture_models" ("id", "vendor_id", "category_id", "name", "base_price", "base_image", "description", "is_active", "deleted_at") VALUES ('a44aba65-87ce-4454-af2a-1264b5d74ab8', 'a43c3e8d-cfc8-40e6-a500-5734728af48f', 'e2d4e7f2-9aa1-4665-9d9f-d1c64ae6b68d', 'Sleek Table', 64.57, 'https://images.unsplash.com/photo-1524758631624-e2822e304c36', 'An extraordinary piece of furniture.', true, NULL);
INSERT INTO "furniture_models" ("id", "vendor_id", "category_id", "name", "base_price", "base_image", "description", "is_active", "deleted_at") VALUES ('2354552f-84dc-4ff2-b8be-95e0af052daa', '74b8da46-2170-4262-b312-ceacb6124b4e', '331d76b3-0f5e-48da-a701-dbbaa29ae980', 'Sleek Sofa', 464.76, 'https://images.unsplash.com/photo-1592078615290-033ee584e267', 'An extraordinary piece of furniture.', true, NULL);
INSERT INTO "furniture_models" ("id", "vendor_id", "category_id", "name", "base_price", "base_image", "description", "is_active", "deleted_at") VALUES ('16a24119-8ee1-4799-bfb3-f1d616aa593b', 'ba53296b-71bd-43f3-9acf-c09d8741f8c7', '262e57ea-1e7f-4b57-8b4a-336f965186ca', 'Rustic Dresser', 431.36, 'https://images.unsplash.com/photo-1505693314120-0d443867891c', 'A timeless design.', false, NULL);
INSERT INTO "furniture_models" ("id", "vendor_id", "category_id", "name", "base_price", "base_image", "description", "is_active", "deleted_at") VALUES ('c546bc4e-dc28-463b-81cf-709c2e163760', 'f1fe6d22-8d70-4bce-913a-1db5447cafb4', 'cdf9746d-932f-4a31-b8a7-f937cd8717d7', 'Modern Chair', 246.55, 'https://images.unsplash.com/photo-1586023492125-27b2c045efd7', 'Built to last with premium materials.', false, NULL);
INSERT INTO "furniture_models" ("id", "vendor_id", "category_id", "name", "base_price", "base_image", "description", "is_active", "deleted_at") VALUES ('a1dde0e9-b15b-4aee-b0e5-dbac9ca7d103', '74b8da46-2170-4262-b312-ceacb6124b4e', '331d76b3-0f5e-48da-a701-dbbaa29ae980', 'Chic Recliner', 482.71, 'https://images.unsplash.com/photo-1524758631624-e2822e304c36', 'Designed with comfort and style.', false, NULL);
INSERT INTO "furniture_models" ("id", "vendor_id", "category_id", "name", "base_price", "base_image", "description", "is_active", "deleted_at") VALUES ('4cab5a97-2245-47c6-a7a4-698039def55b', 'f257786e-331f-4b6e-b083-3360a0c35701', '0d86e014-b95c-4c3b-bd58-1c12724c99ae', 'Sturdy Table', 167.19, 'https://images.unsplash.com/photo-1592078615290-033ee584e267', 'Built to last with premium materials.', true, NULL);
INSERT INTO "furniture_models" ("id", "vendor_id", "category_id", "name", "base_price", "base_image", "description", "is_active", "deleted_at") VALUES ('2383ff84-0819-4803-a50a-367da1fc4d13', '1cc993f2-f227-42b5-b3c6-7796309f52d6', '442c0dd3-4d16-4849-ab32-d8ce17864221', 'Chic Bed', 490.08, 'https://images.unsplash.com/photo-1524758631624-e2822e304c36', 'An extraordinary piece of furniture.', false, NULL);
INSERT INTO "furniture_models" ("id", "vendor_id", "category_id", "name", "base_price", "base_image", "description", "is_active", "deleted_at") VALUES ('90d6b2e4-4da6-4bd5-97e9-074f105885d5', 'd696e377-0f9e-4f35-a49d-1d6fed6ae9c0', 'd295e760-d2af-4f20-b19b-d529488326fa', 'Rustic Nightstand', 177.12, 'https://images.unsplash.com/photo-1592078615290-033ee584e267', 'An extraordinary piece of furniture.', true, NULL);
INSERT INTO "furniture_models" ("id", "vendor_id", "category_id", "name", "base_price", "base_image", "description", "is_active", "deleted_at") VALUES ('f400ee4b-d7af-42c5-92e2-23ecdd25bb0d', 'b28a78e6-b08a-4442-90f3-0808aa20cde5', 'e2d4e7f2-9aa1-4665-9d9f-d1c64ae6b68d', 'Rustic Lamp', 210.50, 'https://images.unsplash.com/photo-1586023492125-27b2c045efd7', 'Crafted with precision.', false, NULL);
INSERT INTO "furniture_models" ("id", "vendor_id", "category_id", "name", "base_price", "base_image", "description", "is_active", "deleted_at") VALUES ('3c95f1ac-fb19-4f6f-9310-d119b4353e77', '1cc993f2-f227-42b5-b3c6-7796309f52d6', 'b6a186a7-c660-4c9d-9e2e-6dbf9c9d86c6', 'Chic Table', 280.92, 'https://images.unsplash.com/photo-1586023492125-27b2c045efd7', 'Experience the ultimate relaxation.', false, NULL);
INSERT INTO "furniture_models" ("id", "vendor_id", "category_id", "name", "base_price", "base_image", "description", "is_active", "deleted_at") VALUES ('e59d32d5-0c04-41b6-a0fb-bbed09cf97bb', 'e23240e4-4f7c-442a-b3a3-b51a6103e172', '0d86e014-b95c-4c3b-bd58-1c12724c99ae', 'Contemporary Bench', 118.08, 'https://images.unsplash.com/photo-1586023492125-27b2c045efd7', 'An extraordinary piece of furniture.', false, NULL);
INSERT INTO "furniture_models" ("id", "vendor_id", "category_id", "name", "base_price", "base_image", "description", "is_active", "deleted_at") VALUES ('ae8c970b-565c-4181-8650-365a8b629756', 'f63e4050-f3d4-4b4f-acd1-f4bfb8054fcf', '421c25f1-0124-450a-a5da-cbc59265863d', 'Rustic Desk', 284.05, 'https://images.unsplash.com/photo-1586023492125-27b2c045efd7', 'Enhance your living space.', true, NULL);
INSERT INTO "furniture_models" ("id", "vendor_id", "category_id", "name", "base_price", "base_image", "description", "is_active", "deleted_at") VALUES ('9b4d0f10-2d80-4f55-963f-0c2e46157a4f', 'ba53296b-71bd-43f3-9acf-c09d8741f8c7', 'dd4de7ba-f45b-4244-b21c-6e8bc2049c02', 'Classic Cabinet', 199.76, 'https://images.unsplash.com/photo-1555041469-a586c61ea9bc', 'A timeless design.', true, NULL);

-- Table: saved_designs
INSERT INTO "saved_designs" ("id", "user_id", "model_id", "selected_material", "selected_color", "selected_fabric", "selected_size", "calculated_price") VALUES ('08895624-26da-4074-b75d-9f60565b55b6', '8ac205c8-fce3-47ee-998f-c0ea27043df3', 'eda48ed1-31b4-48ff-9f83-b5d4b51caee5', 'd3416e1e-a3bb-4db7-b074-94bbe2f4b3f2', 'c968816f-5d24-401b-932d-829dbadf2c46', '08a02d93-7f8a-440e-9c1a-e388578c8a26', 'a3257731-1b7f-4a45-93a7-f614c17598b7', 329.62);
INSERT INTO "saved_designs" ("id", "user_id", "model_id", "selected_material", "selected_color", "selected_fabric", "selected_size", "calculated_price") VALUES ('cb2ed8c4-d2fc-4f18-8153-ad54ecf76b84', '8ac205c8-fce3-47ee-998f-c0ea27043df3', 'c546bc4e-dc28-463b-81cf-709c2e163760', 'd3416e1e-a3bb-4db7-b074-94bbe2f4b3f2', '696c7830-18f3-4633-978a-df5a4a39488e', 'de334286-e1bd-435b-8661-13a29baed0e3', '5ac39df6-87ce-404a-aa91-8d3fd4b7cc31', 83.85);
INSERT INTO "saved_designs" ("id", "user_id", "model_id", "selected_material", "selected_color", "selected_fabric", "selected_size", "calculated_price") VALUES ('adea5029-c032-4e91-9202-1497c15e5b11', '8881285c-86ff-4614-ab42-80067b8fbb77', '90d6b2e4-4da6-4bd5-97e9-074f105885d5', '6a0c15d7-9b17-4682-b531-01d45605519b', '4df1fe22-2bcf-4632-99b9-278bb12a21a9', 'f0658c16-b3ac-45df-9c65-ba6c4c9a9af4', 'ec58db5c-3adc-4bad-82fc-666f8a2f7200', 322.02);
INSERT INTO "saved_designs" ("id", "user_id", "model_id", "selected_material", "selected_color", "selected_fabric", "selected_size", "calculated_price") VALUES ('c053915a-956b-4dae-beb9-4913c2515e30', '06392989-9499-498f-af8f-469db1e2f7fd', 'c8a2496e-8b10-46ec-8b8e-292b3a4fa74d', 'f7ddb26b-d66f-46a8-a991-f424d57dbd25', '16ddd514-6a6f-400b-8ae3-d0f2c9faeacc', 'e3986ace-dc57-40f2-aa15-697b9a95496a', '8bfd4488-cd15-4cf9-8932-10da9a8e3fe8', 446.71);
INSERT INTO "saved_designs" ("id", "user_id", "model_id", "selected_material", "selected_color", "selected_fabric", "selected_size", "calculated_price") VALUES ('ef2fc690-8ee0-4b8f-af11-2836f4de8d95', '96479c18-13b1-4009-8b4b-36b9ea36de70', '155e3096-1410-45f0-8616-01b99ad91788', 'e2147942-b888-4eb1-8be5-c7bf4bbd6788', '49592b48-21d8-4694-99b7-0886cafbdc91', 'f3d68944-f7b9-490e-a018-1c1513cb692d', 'a3257731-1b7f-4a45-93a7-f614c17598b7', 432.19);
INSERT INTO "saved_designs" ("id", "user_id", "model_id", "selected_material", "selected_color", "selected_fabric", "selected_size", "calculated_price") VALUES ('a70c2a84-d5a8-4de0-8446-4ffbc9c58674', '0e13a669-4bff-4b40-af8f-598204bf666e', 'bd7da1aa-4e1c-40e2-abfd-d0b3c628e9c4', '65bc2378-e3cc-4ed6-9fea-94341401bc25', '07483084-b19d-4769-854a-86923a9259c1', '325d0a77-aa68-4850-a60d-8006cf8662dc', 'cba1a726-3c0f-4228-ba88-bc3bc74bafa7', 376.85);
INSERT INTO "saved_designs" ("id", "user_id", "model_id", "selected_material", "selected_color", "selected_fabric", "selected_size", "calculated_price") VALUES ('a2007928-fcc6-4637-95ea-3701e457e160', '8daf7ad6-c72e-48e0-8478-68e983861a15', '155e3096-1410-45f0-8616-01b99ad91788', '6a0c15d7-9b17-4682-b531-01d45605519b', '37d4da51-71dd-42d8-ba87-884030b2f65d', '12dab4a1-9ceb-446b-b550-ecbffab437c4', '4f02df86-a617-4f33-b26f-98f5b727ba84', 300.57);
INSERT INTO "saved_designs" ("id", "user_id", "model_id", "selected_material", "selected_color", "selected_fabric", "selected_size", "calculated_price") VALUES ('dc966f32-6fc9-4633-8391-dd0e3cc480e4', '8daf7ad6-c72e-48e0-8478-68e983861a15', 'bd7da1aa-4e1c-40e2-abfd-d0b3c628e9c4', 'bd9e2c22-6da1-4a97-bf1f-6b14afc1733c', '23ad15ec-9c57-429a-91bd-2576eae5e399', '8677b8b4-203e-4ee2-b103-c1202ae0fcfc', '1233d189-dd39-4073-b349-0744e28adfd6', 268.96);
INSERT INTO "saved_designs" ("id", "user_id", "model_id", "selected_material", "selected_color", "selected_fabric", "selected_size", "calculated_price") VALUES ('355898c6-67fc-4bd1-bab2-bc6d111e2444', 'b09d3ee9-46d3-445d-b89b-032535d84364', 'bd7da1aa-4e1c-40e2-abfd-d0b3c628e9c4', 'a6a2523a-9975-491e-a437-6d949a9ecc9c', '5eddf32c-30af-46d9-98a7-682d82f5810f', '88aae0cc-ea60-4715-94e2-a0de52008292', 'b628f880-12c1-4e48-a746-4876bf096fd4', 350.59);
INSERT INTO "saved_designs" ("id", "user_id", "model_id", "selected_material", "selected_color", "selected_fabric", "selected_size", "calculated_price") VALUES ('108169c0-c251-4725-9bc7-eef9e0f7ad48', '96479c18-13b1-4009-8b4b-36b9ea36de70', '7c1d200d-ca9a-4c03-8c35-a3886c6041d2', '3ac4fc08-66f9-477d-a85d-f4be1618a873', '1e1eb2d6-e0a2-4fbb-bb6a-4f9491f7596a', '9ef14dc8-ff84-4084-84a0-12b997c68b07', 'bce089f9-fa7e-4e37-ad98-eb3ab940d711', 315.53);
INSERT INTO "saved_designs" ("id", "user_id", "model_id", "selected_material", "selected_color", "selected_fabric", "selected_size", "calculated_price") VALUES ('96f2533f-3710-49be-be1e-7b846658e6f7', '8ac205c8-fce3-47ee-998f-c0ea27043df3', '90d6b2e4-4da6-4bd5-97e9-074f105885d5', '8961e850-9bf4-4793-beb1-4ecbb3ea5bb1', 'd5e4b884-cc5b-46f0-8043-59fec5ad5a87', '13a92937-e6d9-4cb6-a6bc-750215e496b5', '1233d189-dd39-4073-b349-0744e28adfd6', 374.65);
INSERT INTO "saved_designs" ("id", "user_id", "model_id", "selected_material", "selected_color", "selected_fabric", "selected_size", "calculated_price") VALUES ('0b45ddbc-04a5-42a5-87c0-cea735d52bdc', '4b31aa9a-a065-4e48-9fd2-e471212919c7', 'bd7da1aa-4e1c-40e2-abfd-d0b3c628e9c4', 'a37fe647-a965-4365-95ad-9c3a562aea4e', '23ad15ec-9c57-429a-91bd-2576eae5e399', 'f3d68944-f7b9-490e-a018-1c1513cb692d', '7b513518-37c9-4461-bb91-4357cf3e2cce', 214.11);
INSERT INTO "saved_designs" ("id", "user_id", "model_id", "selected_material", "selected_color", "selected_fabric", "selected_size", "calculated_price") VALUES ('ab770c4c-95e8-4d83-bd48-919d3a00860e', '06392989-9499-498f-af8f-469db1e2f7fd', 'a44aba65-87ce-4454-af2a-1264b5d74ab8', 'b56c90d9-2539-426c-a027-208241aa7712', '23ad15ec-9c57-429a-91bd-2576eae5e399', 'fc3e7d52-8f86-4571-aa7c-3cc45120ef90', '53dd33a5-0bd8-4a4e-ab21-cbbc3436d5ee', 375.41);
INSERT INTO "saved_designs" ("id", "user_id", "model_id", "selected_material", "selected_color", "selected_fabric", "selected_size", "calculated_price") VALUES ('b389dab2-58e2-4c44-bdaf-de6f1c1aa57d', 'b972e542-d358-4084-bb32-abe9a87685ea', 'bd7da1aa-4e1c-40e2-abfd-d0b3c628e9c4', 'a6a2523a-9975-491e-a437-6d949a9ecc9c', '00c1b220-acef-43a6-8921-9dd1c0f8397e', 'e16b885c-31b7-48ef-b2c9-6dc26431209b', 'b628f880-12c1-4e48-a746-4876bf096fd4', 493.37);
INSERT INTO "saved_designs" ("id", "user_id", "model_id", "selected_material", "selected_color", "selected_fabric", "selected_size", "calculated_price") VALUES ('879ce491-ab3f-40f0-a559-ef8fc3b3b73d', '995b5201-ba36-4b0a-9ff2-615cf122a583', 'c3ec7695-a5f6-4457-a318-e966a2eee8b1', 'fe3aca10-aadc-4e87-9c95-9f50e56b58b7', 'b8cb7402-054d-4a70-9d07-3fc300f2841c', '13a92937-e6d9-4cb6-a6bc-750215e496b5', '0fc8c786-b142-42bf-980c-00748714be2f', 447.64);
INSERT INTO "saved_designs" ("id", "user_id", "model_id", "selected_material", "selected_color", "selected_fabric", "selected_size", "calculated_price") VALUES ('e26673b8-73b4-4bc0-93bf-3851e89076aa', '27087242-a492-4c23-aacd-3dc3a736bda8', 'a1dde0e9-b15b-4aee-b0e5-dbac9ca7d103', 'f23e4a28-b30f-44d6-bacd-b05654e0987b', 'ac91b705-8880-4c6d-9765-d4e8bf91d318', '12dab4a1-9ceb-446b-b550-ecbffab437c4', '8be0e5ee-ff70-4f36-bc63-1ba537d9d3ab', 537.54);
INSERT INTO "saved_designs" ("id", "user_id", "model_id", "selected_material", "selected_color", "selected_fabric", "selected_size", "calculated_price") VALUES ('b229cbae-ef05-48bf-8d38-75714dd9ce03', '8881285c-86ff-4614-ab42-80067b8fbb77', 'e3f0bec9-d653-4928-aae8-c35c07318dcb', '65bc2378-e3cc-4ed6-9fea-94341401bc25', '37d4da51-71dd-42d8-ba87-884030b2f65d', 'fc3e7d52-8f86-4571-aa7c-3cc45120ef90', '3eb7c272-96ab-4d54-8886-6fca1e427dbd', 281.12);
INSERT INTO "saved_designs" ("id", "user_id", "model_id", "selected_material", "selected_color", "selected_fabric", "selected_size", "calculated_price") VALUES ('e2b7c01e-8240-4fc1-ab7e-2ee15750e9dc', '0e13a669-4bff-4b40-af8f-598204bf666e', 'c3ec7695-a5f6-4457-a318-e966a2eee8b1', 'e2147942-b888-4eb1-8be5-c7bf4bbd6788', 'ac91b705-8880-4c6d-9765-d4e8bf91d318', '8677b8b4-203e-4ee2-b103-c1202ae0fcfc', '4f02df86-a617-4f33-b26f-98f5b727ba84', 132.32);
INSERT INTO "saved_designs" ("id", "user_id", "model_id", "selected_material", "selected_color", "selected_fabric", "selected_size", "calculated_price") VALUES ('9bd57bbb-dd39-47bd-aa7c-6952395f45ee', '96479c18-13b1-4009-8b4b-36b9ea36de70', '2383ff84-0819-4803-a50a-367da1fc4d13', '004cff54-915d-4abb-9f3f-7219a5e8bc38', 'b8cb7402-054d-4a70-9d07-3fc300f2841c', 'fc3e7d52-8f86-4571-aa7c-3cc45120ef90', '5c52285b-c2b9-4da2-9b74-61f167ffc6d7', 122.06);
INSERT INTO "saved_designs" ("id", "user_id", "model_id", "selected_material", "selected_color", "selected_fabric", "selected_size", "calculated_price") VALUES ('b636e448-1a4d-40db-84ab-bbb2bd9926b2', 'b972e542-d358-4084-bb32-abe9a87685ea', '16a24119-8ee1-4799-bfb3-f1d616aa593b', 'b56c90d9-2539-426c-a027-208241aa7712', '4df1fe22-2bcf-4632-99b9-278bb12a21a9', 'f0658c16-b3ac-45df-9c65-ba6c4c9a9af4', 'f92e10f7-b8ef-40df-bfeb-4ce94d32f1d3', 531.55);
INSERT INTO "saved_designs" ("id", "user_id", "model_id", "selected_material", "selected_color", "selected_fabric", "selected_size", "calculated_price") VALUES ('5ca2e751-92bf-4cd5-8be6-33e28902afa3', '2ca29fde-04dd-42dd-9c1a-65d3746aaa00', 'd87e3631-8d0a-4083-b5a8-c6b250716c7b', '3ac4fc08-66f9-477d-a85d-f4be1618a873', '7df98f1d-22d5-4152-94c6-fd0e5e820173', 'de334286-e1bd-435b-8661-13a29baed0e3', 'cba1a726-3c0f-4228-ba88-bc3bc74bafa7', 275.51);
INSERT INTO "saved_designs" ("id", "user_id", "model_id", "selected_material", "selected_color", "selected_fabric", "selected_size", "calculated_price") VALUES ('8cea7282-8bd4-4383-ae1b-a092e9a167b7', '27087242-a492-4c23-aacd-3dc3a736bda8', '2354552f-84dc-4ff2-b8be-95e0af052daa', '5128e4a2-d92a-4a28-adeb-485669c49ef7', '07483084-b19d-4769-854a-86923a9259c1', 'e3986ace-dc57-40f2-aa15-697b9a95496a', '7b513518-37c9-4461-bb91-4357cf3e2cce', 67.78);
INSERT INTO "saved_designs" ("id", "user_id", "model_id", "selected_material", "selected_color", "selected_fabric", "selected_size", "calculated_price") VALUES ('cff443ff-df7e-41e7-9afb-6ca06b8a85b1', '967768e3-51a4-406e-987e-88d718b0c373', 'eda48ed1-31b4-48ff-9f83-b5d4b51caee5', 'a6a2523a-9975-491e-a437-6d949a9ecc9c', 'e28048c0-be3a-4f96-986f-40cdc3fb5573', '8677b8b4-203e-4ee2-b103-c1202ae0fcfc', '4f02df86-a617-4f33-b26f-98f5b727ba84', 148.62);
INSERT INTO "saved_designs" ("id", "user_id", "model_id", "selected_material", "selected_color", "selected_fabric", "selected_size", "calculated_price") VALUES ('b8a9c56b-a0b8-4cd1-a7d5-020ba08fa623', 'b09d3ee9-46d3-445d-b89b-032535d84364', '16a24119-8ee1-4799-bfb3-f1d616aa593b', '47d787d0-f4b2-4f44-b79d-b15c579a3685', '07483084-b19d-4769-854a-86923a9259c1', '1128c26d-91c2-4b02-a04a-0927ee708040', 'ec58db5c-3adc-4bad-82fc-666f8a2f7200', 104.87);
INSERT INTO "saved_designs" ("id", "user_id", "model_id", "selected_material", "selected_color", "selected_fabric", "selected_size", "calculated_price") VALUES ('b1d9d2e8-e6ac-422a-ad93-02c140f6a057', '17eb1c04-fb19-4190-84ee-fca3cf8c83fc', 'e59d32d5-0c04-41b6-a0fb-bbed09cf97bb', 'e2147942-b888-4eb1-8be5-c7bf4bbd6788', '32bfb101-aaa2-475f-9839-2a8408efe7f4', '13a92937-e6d9-4cb6-a6bc-750215e496b5', 'e762309f-00eb-4b5f-ac7f-07ad4e514578', 217.22);

-- Table: saved_design_addons
INSERT INTO "saved_design_addons" ("saved_design_id", "addon_id") VALUES ('5ca2e751-92bf-4cd5-8be6-33e28902afa3', '7548a9f1-1ae2-4db2-ab80-9cb1f0d13c72');
INSERT INTO "saved_design_addons" ("saved_design_id", "addon_id") VALUES ('8cea7282-8bd4-4383-ae1b-a092e9a167b7', '4c743a7e-7ae8-4ab9-a5e9-1cc2495ba704');
INSERT INTO "saved_design_addons" ("saved_design_id", "addon_id") VALUES ('b229cbae-ef05-48bf-8d38-75714dd9ce03', 'b3977547-fb20-45b1-84fa-1dba270e66b2');
INSERT INTO "saved_design_addons" ("saved_design_id", "addon_id") VALUES ('e26673b8-73b4-4bc0-93bf-3851e89076aa', '11089ed3-3cc9-4388-94f8-5c2f5aca23e0');
INSERT INTO "saved_design_addons" ("saved_design_id", "addon_id") VALUES ('ef2fc690-8ee0-4b8f-af11-2836f4de8d95', 'd3c8c2a1-1878-4196-8361-ff98b15d939d');
INSERT INTO "saved_design_addons" ("saved_design_id", "addon_id") VALUES ('dc966f32-6fc9-4633-8391-dd0e3cc480e4', 'db59a370-a76a-4080-858e-e1e4112e513b');
INSERT INTO "saved_design_addons" ("saved_design_id", "addon_id") VALUES ('8cea7282-8bd4-4383-ae1b-a092e9a167b7', '4def3695-9607-4de2-9ae4-63f716a6a497');
INSERT INTO "saved_design_addons" ("saved_design_id", "addon_id") VALUES ('879ce491-ab3f-40f0-a559-ef8fc3b3b73d', '93cf521a-e627-4ea0-b278-f17435bf6bbc');
INSERT INTO "saved_design_addons" ("saved_design_id", "addon_id") VALUES ('cff443ff-df7e-41e7-9afb-6ca06b8a85b1', '1ce50aa2-401d-4f59-973b-49051947a6ec');
INSERT INTO "saved_design_addons" ("saved_design_id", "addon_id") VALUES ('cff443ff-df7e-41e7-9afb-6ca06b8a85b1', '8af848d4-1a06-4d3b-8a05-7476ca014fbc');
INSERT INTO "saved_design_addons" ("saved_design_id", "addon_id") VALUES ('a70c2a84-d5a8-4de0-8446-4ffbc9c58674', '4def3695-9607-4de2-9ae4-63f716a6a497');
INSERT INTO "saved_design_addons" ("saved_design_id", "addon_id") VALUES ('e26673b8-73b4-4bc0-93bf-3851e89076aa', 'c12c49eb-d7fb-4f93-a22b-b63409256a27');
INSERT INTO "saved_design_addons" ("saved_design_id", "addon_id") VALUES ('355898c6-67fc-4bd1-bab2-bc6d111e2444', 'd3c8c2a1-1878-4196-8361-ff98b15d939d');
INSERT INTO "saved_design_addons" ("saved_design_id", "addon_id") VALUES ('ab770c4c-95e8-4d83-bd48-919d3a00860e', '964e5027-a43e-4657-a03e-1701cef5f87d');
INSERT INTO "saved_design_addons" ("saved_design_id", "addon_id") VALUES ('e26673b8-73b4-4bc0-93bf-3851e89076aa', 'c12c49eb-d7fb-4f93-a22b-b63409256a27');
INSERT INTO "saved_design_addons" ("saved_design_id", "addon_id") VALUES ('dc966f32-6fc9-4633-8391-dd0e3cc480e4', 'c12c49eb-d7fb-4f93-a22b-b63409256a27');
INSERT INTO "saved_design_addons" ("saved_design_id", "addon_id") VALUES ('b8a9c56b-a0b8-4cd1-a7d5-020ba08fa623', '1ce50aa2-401d-4f59-973b-49051947a6ec');
INSERT INTO "saved_design_addons" ("saved_design_id", "addon_id") VALUES ('cb2ed8c4-d2fc-4f18-8153-ad54ecf76b84', '1ce50aa2-401d-4f59-973b-49051947a6ec');
INSERT INTO "saved_design_addons" ("saved_design_id", "addon_id") VALUES ('08895624-26da-4074-b75d-9f60565b55b6', 'ae8db71f-35a8-4ae4-8bd8-e9135a5aff4f');
INSERT INTO "saved_design_addons" ("saved_design_id", "addon_id") VALUES ('adea5029-c032-4e91-9202-1497c15e5b11', '9012961d-d603-4ab8-ab56-c7a6355c68ad');
INSERT INTO "saved_design_addons" ("saved_design_id", "addon_id") VALUES ('8cea7282-8bd4-4383-ae1b-a092e9a167b7', 'd3c8c2a1-1878-4196-8361-ff98b15d939d');
INSERT INTO "saved_design_addons" ("saved_design_id", "addon_id") VALUES ('108169c0-c251-4725-9bc7-eef9e0f7ad48', '029b6061-d3f2-4da0-b25d-12678e6841aa');
INSERT INTO "saved_design_addons" ("saved_design_id", "addon_id") VALUES ('8cea7282-8bd4-4383-ae1b-a092e9a167b7', '590025c2-b9cb-4460-83a0-f2ab77c99b02');
INSERT INTO "saved_design_addons" ("saved_design_id", "addon_id") VALUES ('0b45ddbc-04a5-42a5-87c0-cea735d52bdc', '029b6061-d3f2-4da0-b25d-12678e6841aa');
INSERT INTO "saved_design_addons" ("saved_design_id", "addon_id") VALUES ('355898c6-67fc-4bd1-bab2-bc6d111e2444', 'ec3cca68-0ae0-40b4-b63d-af609945f6c8');

-- Table: carts
INSERT INTO "carts" ("id", "user_id") VALUES ('f1e09c06-a187-4647-a5fa-6d86bddb4996', '4acd91bc-3ad8-48e5-afc4-57c7f2ead9bf');
INSERT INTO "carts" ("id", "user_id") VALUES ('12a28865-3849-44d6-ab5a-bd289441e993', '2ca29fde-04dd-42dd-9c1a-65d3746aaa00');
INSERT INTO "carts" ("id", "user_id") VALUES ('96d0a083-cf5f-4dd0-bb27-55e0fe9e9c1a', '8881285c-86ff-4614-ab42-80067b8fbb77');
INSERT INTO "carts" ("id", "user_id") VALUES ('c9f3776f-e711-4747-8383-54b841193248', '06392989-9499-498f-af8f-469db1e2f7fd');
INSERT INTO "carts" ("id", "user_id") VALUES ('ba40723c-c0e3-44fd-8d7f-802a64fb8140', '8881285c-86ff-4614-ab42-80067b8fbb77');
INSERT INTO "carts" ("id", "user_id") VALUES ('f09fdf6e-82e7-4ec4-9ee3-1173000a58b3', '06392989-9499-498f-af8f-469db1e2f7fd');
INSERT INTO "carts" ("id", "user_id") VALUES ('77c73b8e-1ede-4a99-9eb3-9cc5544634da', 'ba728f6d-b87f-4e8f-8aa1-695167ec16a5');
INSERT INTO "carts" ("id", "user_id") VALUES ('e30ce86d-c0c2-4e5f-a29c-68780e6c9722', '995b5201-ba36-4b0a-9ff2-615cf122a583');
INSERT INTO "carts" ("id", "user_id") VALUES ('6b2fde7d-3c79-424c-957d-35f2973872aa', '30bb71bb-4c12-4a8a-8b04-3013e1759ec8');
INSERT INTO "carts" ("id", "user_id") VALUES ('7edb23a7-2343-495a-9760-e362e9303952', 'ba728f6d-b87f-4e8f-8aa1-695167ec16a5');
INSERT INTO "carts" ("id", "user_id") VALUES ('08425495-89fb-4faf-8ff9-d5498cccd79f', '17eb1c04-fb19-4190-84ee-fca3cf8c83fc');
INSERT INTO "carts" ("id", "user_id") VALUES ('8d6aa2e7-1bec-4158-a2a2-362d42d1a4cc', '4acd91bc-3ad8-48e5-afc4-57c7f2ead9bf');
INSERT INTO "carts" ("id", "user_id") VALUES ('a5e654bb-a065-4b41-a82c-c9e2254b7726', '17ff0f1e-43a7-4c7e-8f35-c3afca2fbc24');
INSERT INTO "carts" ("id", "user_id") VALUES ('d4235214-f1e7-4f02-ab49-719f6a8f2fec', 'f7cdfdf6-42e0-4fb3-838c-307b55c439aa');
INSERT INTO "carts" ("id", "user_id") VALUES ('01261622-7e9e-47fc-aac5-36907dab8c87', 'ba728f6d-b87f-4e8f-8aa1-695167ec16a5');
INSERT INTO "carts" ("id", "user_id") VALUES ('cc78b542-14b0-4165-b1f5-52c6a533a70a', 'bafb7d4c-55cd-47b8-88e3-c9b9dce634ce');
INSERT INTO "carts" ("id", "user_id") VALUES ('6769a5e1-3926-44de-9693-4f32a2276a60', '4acd91bc-3ad8-48e5-afc4-57c7f2ead9bf');
INSERT INTO "carts" ("id", "user_id") VALUES ('7a6f06f1-84c3-43bb-95f0-5e4f82e2f224', '967768e3-51a4-406e-987e-88d718b0c373');
INSERT INTO "carts" ("id", "user_id") VALUES ('1531b47c-77f5-48b2-b131-99d2bd4aaacf', '8881285c-86ff-4614-ab42-80067b8fbb77');
INSERT INTO "carts" ("id", "user_id") VALUES ('d1e49b91-0a9a-4397-9644-3ab81c58afbc', '995b5201-ba36-4b0a-9ff2-615cf122a583');
INSERT INTO "carts" ("id", "user_id") VALUES ('b6ae869a-eeb0-4c3c-afb0-4f09cfba74be', 'f7cdfdf6-42e0-4fb3-838c-307b55c439aa');
INSERT INTO "carts" ("id", "user_id") VALUES ('242a1135-9632-4372-a0e7-fe06e9b7a54f', '995b5201-ba36-4b0a-9ff2-615cf122a583');
INSERT INTO "carts" ("id", "user_id") VALUES ('da843b81-690a-4a7b-8818-5531c0d6601f', '06392989-9499-498f-af8f-469db1e2f7fd');
INSERT INTO "carts" ("id", "user_id") VALUES ('738a5685-f860-4268-9bec-495de28844f1', '503704a0-df77-4dab-ad97-e1bf482b1b69');
INSERT INTO "carts" ("id", "user_id") VALUES ('470241ec-0b2e-434f-bb6a-f244c1e17dff', 'b897819d-9b0c-4d8f-8eef-d837f79ecd61');

-- Table: cart_items
INSERT INTO "cart_items" ("id", "cart_id", "saved_design_id", "quantity") VALUES ('96fee044-5547-4866-8044-81c883eb44ec', 'b6ae869a-eeb0-4c3c-afb0-4f09cfba74be', '96f2533f-3710-49be-be1e-7b846658e6f7', 80);
INSERT INTO "cart_items" ("id", "cart_id", "saved_design_id", "quantity") VALUES ('894d7487-329c-49c6-9092-db7efec2acd7', 'ba40723c-c0e3-44fd-8d7f-802a64fb8140', '9bd57bbb-dd39-47bd-aa7c-6952395f45ee', 91);
INSERT INTO "cart_items" ("id", "cart_id", "saved_design_id", "quantity") VALUES ('dfcd4580-31af-4d85-8f31-640b1f50b47e', 'e30ce86d-c0c2-4e5f-a29c-68780e6c9722', 'ab770c4c-95e8-4d83-bd48-919d3a00860e', 24);
INSERT INTO "cart_items" ("id", "cart_id", "saved_design_id", "quantity") VALUES ('64adefcb-d9ea-4b02-ac3b-180ff75ce4c8', 'cc78b542-14b0-4165-b1f5-52c6a533a70a', 'a70c2a84-d5a8-4de0-8446-4ffbc9c58674', 52);
INSERT INTO "cart_items" ("id", "cart_id", "saved_design_id", "quantity") VALUES ('b125e1a0-7c3b-4cdb-bd42-b3bd3ca967f1', '96d0a083-cf5f-4dd0-bb27-55e0fe9e9c1a', 'c053915a-956b-4dae-beb9-4913c2515e30', 62);
INSERT INTO "cart_items" ("id", "cart_id", "saved_design_id", "quantity") VALUES ('c05cbb26-abbc-42c3-a380-b65fdaeac493', '738a5685-f860-4268-9bec-495de28844f1', 'a70c2a84-d5a8-4de0-8446-4ffbc9c58674', 99);
INSERT INTO "cart_items" ("id", "cart_id", "saved_design_id", "quantity") VALUES ('92cfd6e8-d448-4514-8d8e-2219bef7d246', '08425495-89fb-4faf-8ff9-d5498cccd79f', 'cb2ed8c4-d2fc-4f18-8153-ad54ecf76b84', 72);
INSERT INTO "cart_items" ("id", "cart_id", "saved_design_id", "quantity") VALUES ('08b52de2-e0c8-4c2c-9959-359fa36a3775', '6769a5e1-3926-44de-9693-4f32a2276a60', '355898c6-67fc-4bd1-bab2-bc6d111e2444', 22);
INSERT INTO "cart_items" ("id", "cart_id", "saved_design_id", "quantity") VALUES ('578432de-c641-4db7-9e86-5d9153d8fc1b', 'd4235214-f1e7-4f02-ab49-719f6a8f2fec', 'ab770c4c-95e8-4d83-bd48-919d3a00860e', 99);
INSERT INTO "cart_items" ("id", "cart_id", "saved_design_id", "quantity") VALUES ('a0ef8d1f-cf7b-49d9-b9aa-92af11eb46b9', 'f09fdf6e-82e7-4ec4-9ee3-1173000a58b3', '96f2533f-3710-49be-be1e-7b846658e6f7', 99);
INSERT INTO "cart_items" ("id", "cart_id", "saved_design_id", "quantity") VALUES ('57b986da-d487-4335-be8b-c9a79fe20c04', 'e30ce86d-c0c2-4e5f-a29c-68780e6c9722', '9bd57bbb-dd39-47bd-aa7c-6952395f45ee', 39);
INSERT INTO "cart_items" ("id", "cart_id", "saved_design_id", "quantity") VALUES ('ad9907ad-6600-41fd-80c7-93182790b622', '01261622-7e9e-47fc-aac5-36907dab8c87', '108169c0-c251-4725-9bc7-eef9e0f7ad48', 38);
INSERT INTO "cart_items" ("id", "cart_id", "saved_design_id", "quantity") VALUES ('8732c72b-6840-4be9-8525-c02a6021080e', 'da843b81-690a-4a7b-8818-5531c0d6601f', 'b636e448-1a4d-40db-84ab-bbb2bd9926b2', 68);
INSERT INTO "cart_items" ("id", "cart_id", "saved_design_id", "quantity") VALUES ('12763030-758c-48b0-b4d7-e9d83f6c1014', '738a5685-f860-4268-9bec-495de28844f1', '9bd57bbb-dd39-47bd-aa7c-6952395f45ee', 41);
INSERT INTO "cart_items" ("id", "cart_id", "saved_design_id", "quantity") VALUES ('ede606f4-bffd-4432-a57b-ca0cb755b3b0', 'f1e09c06-a187-4647-a5fa-6d86bddb4996', '355898c6-67fc-4bd1-bab2-bc6d111e2444', 17);
INSERT INTO "cart_items" ("id", "cart_id", "saved_design_id", "quantity") VALUES ('9b0ceb27-9866-4dfb-8b33-173cf8b44ce0', 'd1e49b91-0a9a-4397-9644-3ab81c58afbc', '9bd57bbb-dd39-47bd-aa7c-6952395f45ee', 80);
INSERT INTO "cart_items" ("id", "cart_id", "saved_design_id", "quantity") VALUES ('0ce75f97-881c-46a6-bfbe-74f8898e3387', '77c73b8e-1ede-4a99-9eb3-9cc5544634da', '9bd57bbb-dd39-47bd-aa7c-6952395f45ee', 66);
INSERT INTO "cart_items" ("id", "cart_id", "saved_design_id", "quantity") VALUES ('84b37b7d-779a-4686-98e6-1f9abbe780ae', '77c73b8e-1ede-4a99-9eb3-9cc5544634da', 'cff443ff-df7e-41e7-9afb-6ca06b8a85b1', 61);
INSERT INTO "cart_items" ("id", "cart_id", "saved_design_id", "quantity") VALUES ('4050380d-9e59-48b0-90f4-7def4cd33da5', '1531b47c-77f5-48b2-b131-99d2bd4aaacf', 'e2b7c01e-8240-4fc1-ab7e-2ee15750e9dc', 31);
INSERT INTO "cart_items" ("id", "cart_id", "saved_design_id", "quantity") VALUES ('7f437fae-00d6-43e6-8883-41f6415a6c96', '7a6f06f1-84c3-43bb-95f0-5e4f82e2f224', 'b389dab2-58e2-4c44-bdaf-de6f1c1aa57d', 90);
INSERT INTO "cart_items" ("id", "cart_id", "saved_design_id", "quantity") VALUES ('5f154d65-945e-49c9-8bca-902d6cc08b92', 'd1e49b91-0a9a-4397-9644-3ab81c58afbc', 'ab770c4c-95e8-4d83-bd48-919d3a00860e', 54);
INSERT INTO "cart_items" ("id", "cart_id", "saved_design_id", "quantity") VALUES ('d4d02d38-78c5-4a2d-8b8c-e0cb70cfc674', '242a1135-9632-4372-a0e7-fe06e9b7a54f', '8cea7282-8bd4-4383-ae1b-a092e9a167b7', 51);
INSERT INTO "cart_items" ("id", "cart_id", "saved_design_id", "quantity") VALUES ('b79876d6-9f6f-4db0-a3ee-1d708fabdd40', '08425495-89fb-4faf-8ff9-d5498cccd79f', 'cb2ed8c4-d2fc-4f18-8153-ad54ecf76b84', 1);
INSERT INTO "cart_items" ("id", "cart_id", "saved_design_id", "quantity") VALUES ('d57d4b02-98df-475f-a3fd-3a5651466147', '738a5685-f860-4268-9bec-495de28844f1', 'a2007928-fcc6-4637-95ea-3701e457e160', 30);
INSERT INTO "cart_items" ("id", "cart_id", "saved_design_id", "quantity") VALUES ('2692e657-f927-4874-ab57-5234404e3805', 'f1e09c06-a187-4647-a5fa-6d86bddb4996', 'c053915a-956b-4dae-beb9-4913c2515e30', 66);

-- Table: orders
INSERT INTO "orders" ("id", "user_id", "total_amount", "tax_amount", "discount_amount", "final_amount", "status", "payment_status", "address_id") VALUES ('5d54307e-4b60-4079-996c-b20ee7d2695c', 'bafb7d4c-55cd-47b8-88e3-c9b9dce634ce', 74.18, 23.23, 23.02, 95.82, NULL, NULL, '89d82044-5cf8-498a-94b9-d0538624a988');
INSERT INTO "orders" ("id", "user_id", "total_amount", "tax_amount", "discount_amount", "final_amount", "status", "payment_status", "address_id") VALUES ('faef7f25-2be7-4642-8d6c-a68628149f91', '8daf7ad6-c72e-48e0-8478-68e983861a15', 23.31, 6.71, 95.30, 75.25, NULL, NULL, 'd4a4cb03-938c-4c12-9996-bb06f3d0c247');
INSERT INTO "orders" ("id", "user_id", "total_amount", "tax_amount", "discount_amount", "final_amount", "status", "payment_status", "address_id") VALUES ('9d0fc8e9-f155-4e34-a0a7-e8df7b9e3f0e', '96479c18-13b1-4009-8b4b-36b9ea36de70', 10.52, 31.86, 44.15, 64.86, NULL, NULL, '89d82044-5cf8-498a-94b9-d0538624a988');
INSERT INTO "orders" ("id", "user_id", "total_amount", "tax_amount", "discount_amount", "final_amount", "status", "payment_status", "address_id") VALUES ('5c1870b3-4d82-4c47-aea4-5ed52a9d6002', 'ba728f6d-b87f-4e8f-8aa1-695167ec16a5', 86.67, 0.64, 50.31, 26.12, NULL, NULL, '7b03cf27-3dbd-492e-ae6c-2b16e6c80654');
INSERT INTO "orders" ("id", "user_id", "total_amount", "tax_amount", "discount_amount", "final_amount", "status", "payment_status", "address_id") VALUES ('1b1b3dff-7154-477a-9104-3ab2095108be', '8ac205c8-fce3-47ee-998f-c0ea27043df3', 48.58, 13.23, 78.17, 99.21, NULL, NULL, '516975f2-756c-4316-aef8-cc7a716caaa7');
INSERT INTO "orders" ("id", "user_id", "total_amount", "tax_amount", "discount_amount", "final_amount", "status", "payment_status", "address_id") VALUES ('4494ff5d-0f04-410e-9293-c693af46ec89', 'bafb7d4c-55cd-47b8-88e3-c9b9dce634ce', 40.73, 98.70, 3.87, 32.92, NULL, NULL, 'd5108b59-f458-4feb-92d9-4e48981504d9');
INSERT INTO "orders" ("id", "user_id", "total_amount", "tax_amount", "discount_amount", "final_amount", "status", "payment_status", "address_id") VALUES ('d3b28006-6925-431d-bf92-aba95c80013d', '4acd91bc-3ad8-48e5-afc4-57c7f2ead9bf', 20.36, 59.37, 46.51, 6.43, NULL, NULL, '71bed96c-9ee0-4c26-9c11-278066bf242c');
INSERT INTO "orders" ("id", "user_id", "total_amount", "tax_amount", "discount_amount", "final_amount", "status", "payment_status", "address_id") VALUES ('cb9bc766-fa08-4139-b762-6d36c9771bff', '0e13a669-4bff-4b40-af8f-598204bf666e', 33.55, 83.91, 57.34, 6.07, NULL, NULL, 'e3d413a7-a1ef-48d3-91fe-4a86daf18155');
INSERT INTO "orders" ("id", "user_id", "total_amount", "tax_amount", "discount_amount", "final_amount", "status", "payment_status", "address_id") VALUES ('a1462e62-72ba-4ada-9a50-da3acf4a021d', '0e13a669-4bff-4b40-af8f-598204bf666e', 56.81, 25.86, 29.94, 71.24, NULL, NULL, 'c737ded6-11ee-40c5-92d2-8b10211e087c');
INSERT INTO "orders" ("id", "user_id", "total_amount", "tax_amount", "discount_amount", "final_amount", "status", "payment_status", "address_id") VALUES ('73877f6d-c55d-4cd9-9451-80629543289f', '06392989-9499-498f-af8f-469db1e2f7fd', 28.79, 40.83, 96.75, 89.71, NULL, NULL, '978ef781-e896-48c4-acbf-1ef4df14bcc4');
INSERT INTO "orders" ("id", "user_id", "total_amount", "tax_amount", "discount_amount", "final_amount", "status", "payment_status", "address_id") VALUES ('5d9d0414-1baf-404c-a112-95d0d4d22eb9', 'b897819d-9b0c-4d8f-8eef-d837f79ecd61', 7.18, 14.19, 43.37, 20.20, NULL, NULL, '18c26252-a095-4995-b615-afaeab513e33');
INSERT INTO "orders" ("id", "user_id", "total_amount", "tax_amount", "discount_amount", "final_amount", "status", "payment_status", "address_id") VALUES ('3caf0987-0bf4-4acf-834b-59e8f1e7dfd0', '96479c18-13b1-4009-8b4b-36b9ea36de70', 90.49, 43.55, 6.10, 43.50, NULL, NULL, '72a7093d-b720-45b5-99ac-98e3505109a9');
INSERT INTO "orders" ("id", "user_id", "total_amount", "tax_amount", "discount_amount", "final_amount", "status", "payment_status", "address_id") VALUES ('c597df07-fd72-4bbf-bc97-27d86757af92', '4acd91bc-3ad8-48e5-afc4-57c7f2ead9bf', 11.45, 9.61, 29.00, 28.41, NULL, NULL, 'f40f8958-2826-4e9a-aa0c-9dc824b1b4b2');
INSERT INTO "orders" ("id", "user_id", "total_amount", "tax_amount", "discount_amount", "final_amount", "status", "payment_status", "address_id") VALUES ('fba0defc-5fb9-4835-84f2-1b1c018230be', 'b897819d-9b0c-4d8f-8eef-d837f79ecd61', 49.32, 64.23, 2.72, 65.11, NULL, NULL, '9fef9584-f243-41f2-95ea-17d78a815b3e');
INSERT INTO "orders" ("id", "user_id", "total_amount", "tax_amount", "discount_amount", "final_amount", "status", "payment_status", "address_id") VALUES ('61689161-1e8a-41f8-a3ad-3ab7cdb9fdca', '96479c18-13b1-4009-8b4b-36b9ea36de70', 13.14, 44.27, 29.80, 33.21, NULL, NULL, 'd4a4cb03-938c-4c12-9996-bb06f3d0c247');
INSERT INTO "orders" ("id", "user_id", "total_amount", "tax_amount", "discount_amount", "final_amount", "status", "payment_status", "address_id") VALUES ('ada63f5f-eb85-44e4-9b08-7f344dd45637', 'b972e542-d358-4084-bb32-abe9a87685ea', 38.61, 12.16, 13.13, 16.90, NULL, NULL, 'e3d413a7-a1ef-48d3-91fe-4a86daf18155');
INSERT INTO "orders" ("id", "user_id", "total_amount", "tax_amount", "discount_amount", "final_amount", "status", "payment_status", "address_id") VALUES ('dfef7585-115f-4e2a-af82-5047709ee46c', '8881285c-86ff-4614-ab42-80067b8fbb77', 63.07, 63.94, 71.89, 88.29, NULL, NULL, '619cb561-3eb5-4689-b9b8-44d0bd9f4b38');
INSERT INTO "orders" ("id", "user_id", "total_amount", "tax_amount", "discount_amount", "final_amount", "status", "payment_status", "address_id") VALUES ('22f6a965-bedf-4b47-a9ef-2ccf75e54141', 'b897819d-9b0c-4d8f-8eef-d837f79ecd61', 45.73, 19.17, 41.97, 77.47, NULL, NULL, 'abe1d963-2188-46f9-b80a-f9124dcb1da2');
INSERT INTO "orders" ("id", "user_id", "total_amount", "tax_amount", "discount_amount", "final_amount", "status", "payment_status", "address_id") VALUES ('794a8c56-e3f5-4f4d-b789-d1e5ce08a9c0', 'b897819d-9b0c-4d8f-8eef-d837f79ecd61', 6.99, 51.76, 46.01, 76.65, NULL, NULL, 'c737ded6-11ee-40c5-92d2-8b10211e087c');
INSERT INTO "orders" ("id", "user_id", "total_amount", "tax_amount", "discount_amount", "final_amount", "status", "payment_status", "address_id") VALUES ('47785659-0123-4749-abbe-acec5436a944', '4acd91bc-3ad8-48e5-afc4-57c7f2ead9bf', 16.12, 93.96, 50.68, 9.14, NULL, NULL, 'd4a4cb03-938c-4c12-9996-bb06f3d0c247');
INSERT INTO "orders" ("id", "user_id", "total_amount", "tax_amount", "discount_amount", "final_amount", "status", "payment_status", "address_id") VALUES ('68054742-908a-47ee-97ac-235cbe966639', 'bafb7d4c-55cd-47b8-88e3-c9b9dce634ce', 23.14, 14.53, 90.66, 50.55, NULL, NULL, 'abe1d963-2188-46f9-b80a-f9124dcb1da2');
INSERT INTO "orders" ("id", "user_id", "total_amount", "tax_amount", "discount_amount", "final_amount", "status", "payment_status", "address_id") VALUES ('8d80d903-3c73-40ed-a1e4-e7eb0ad1b838', 'f7cdfdf6-42e0-4fb3-838c-307b55c439aa', 95.02, 83.01, 68.83, 36.02, NULL, NULL, '1cd13a67-8c34-4ec2-922c-5193cb275b62');
INSERT INTO "orders" ("id", "user_id", "total_amount", "tax_amount", "discount_amount", "final_amount", "status", "payment_status", "address_id") VALUES ('7ea68950-87ff-4a5d-a2b9-50e44d1a9493', 'f7cdfdf6-42e0-4fb3-838c-307b55c439aa', 95.75, 34.93, 72.00, 50.83, NULL, NULL, '72a7093d-b720-45b5-99ac-98e3505109a9');
INSERT INTO "orders" ("id", "user_id", "total_amount", "tax_amount", "discount_amount", "final_amount", "status", "payment_status", "address_id") VALUES ('04ea3117-590a-40bc-9511-8ae0621aeb31', '17eb1c04-fb19-4190-84ee-fca3cf8c83fc', 85.26, 63.76, 7.61, 70.85, NULL, NULL, 'a863f3a7-f1f1-4f4a-8098-4a775aa88f73');
INSERT INTO "orders" ("id", "user_id", "total_amount", "tax_amount", "discount_amount", "final_amount", "status", "payment_status", "address_id") VALUES ('af8a9ce5-396b-4021-b535-a0e41fdb7272', '0e13a669-4bff-4b40-af8f-598204bf666e', 73.54, 95.42, 52.15, 89.26, NULL, NULL, 'e0f6177b-68e9-4fa6-8bd7-37777995c938');

-- Table: order_items
INSERT INTO "order_items" ("id", "order_id", "model_id", "snapshot_data", "quantity", "unit_price", "total_price") VALUES ('8c76f36c-e49a-482f-a0b1-0019989eb429', 'ada63f5f-eb85-44e4-9b08-7f344dd45637', 'a7b23f44-f4fd-477f-b568-6123690ba855', '{}', 9, 96.00, 293.43);
INSERT INTO "order_items" ("id", "order_id", "model_id", "snapshot_data", "quantity", "unit_price", "total_price") VALUES ('a04ba75f-1e09-40eb-9aec-0a36f63089d7', '1b1b3dff-7154-477a-9104-3ab2095108be', '53919d94-9282-498e-86b4-22ac982b8ab1', '{}', 25, 67.77, 50.64);
INSERT INTO "order_items" ("id", "order_id", "model_id", "snapshot_data", "quantity", "unit_price", "total_price") VALUES ('4df752bb-3d20-438f-aa1c-699b806a3d8e', 'ada63f5f-eb85-44e4-9b08-7f344dd45637', '44e3f95c-0b52-4518-ab15-48ff06c305f3', '{}', 22, 177.30, 349.46);
INSERT INTO "order_items" ("id", "order_id", "model_id", "snapshot_data", "quantity", "unit_price", "total_price") VALUES ('5f6f851b-5b72-4233-8f76-df703430d056', '3caf0987-0bf4-4acf-834b-59e8f1e7dfd0', 'fab3e547-7069-4b80-b727-8565b5c4eb2a', '{}', 30, 177.54, 419.32);
INSERT INTO "order_items" ("id", "order_id", "model_id", "snapshot_data", "quantity", "unit_price", "total_price") VALUES ('b15bfdd2-4027-44a4-88f2-8b8287d20ad4', 'a1462e62-72ba-4ada-9a50-da3acf4a021d', 'ac3308ea-2a88-4941-931e-bb46f5a1642b', '{}', 9, 179.27, 345.93);
INSERT INTO "order_items" ("id", "order_id", "model_id", "snapshot_data", "quantity", "unit_price", "total_price") VALUES ('3d786f8e-66d0-4685-8c76-cdca4e8adcaf', '794a8c56-e3f5-4f4d-b789-d1e5ce08a9c0', '2cf3236b-7a26-4e09-bea3-0de55d0e6ae5', '{}', 78, 393.81, 529.52);
INSERT INTO "order_items" ("id", "order_id", "model_id", "snapshot_data", "quantity", "unit_price", "total_price") VALUES ('0e1864e0-b80e-4ac6-af4e-f3b176e625e8', '4494ff5d-0f04-410e-9293-c693af46ec89', '4e09fbb1-0d2d-42e5-9e5f-96d15beb5015', '{}', 74, 415.17, 303.83);
INSERT INTO "order_items" ("id", "order_id", "model_id", "snapshot_data", "quantity", "unit_price", "total_price") VALUES ('ad54fc31-8e99-4782-bebd-4abbcd526426', '5d9d0414-1baf-404c-a112-95d0d4d22eb9', '2a791c7f-cfa6-4e6f-8fa1-b725944400c5', '{}', 86, 174.26, 90.91);
INSERT INTO "order_items" ("id", "order_id", "model_id", "snapshot_data", "quantity", "unit_price", "total_price") VALUES ('01149dde-5bdc-4b17-a540-a21605886378', '5c1870b3-4d82-4c47-aea4-5ed52a9d6002', '62cbf82a-f730-4cb2-ba74-827b553f2b73', '{}', 93, 542.79, 527.59);
INSERT INTO "order_items" ("id", "order_id", "model_id", "snapshot_data", "quantity", "unit_price", "total_price") VALUES ('4365f1b6-ab2d-4ff2-bcf5-97a3b3517344', '73877f6d-c55d-4cd9-9451-80629543289f', '213f34e3-9480-4642-9fd9-c51bb5fb0915', '{}', 60, 133.54, 167.45);
INSERT INTO "order_items" ("id", "order_id", "model_id", "snapshot_data", "quantity", "unit_price", "total_price") VALUES ('955b80ac-91f8-4b0b-af2c-0afed32d0729', '9d0fc8e9-f155-4e34-a0a7-e8df7b9e3f0e', '7d7f04eb-e5b3-497b-a9b1-af25771bc890', '{}', 56, 334.83, 124.27);
INSERT INTO "order_items" ("id", "order_id", "model_id", "snapshot_data", "quantity", "unit_price", "total_price") VALUES ('8cd80259-ada8-4259-9e89-4aa13d2c3a1c', '22f6a965-bedf-4b47-a9ef-2ccf75e54141', '0aaa1116-4a8c-4b86-9d97-50dde460923b', '{}', 95, 132.47, 370.64);
INSERT INTO "order_items" ("id", "order_id", "model_id", "snapshot_data", "quantity", "unit_price", "total_price") VALUES ('6ba05ca1-c9b2-41e8-b53f-8a7c4064de46', '4494ff5d-0f04-410e-9293-c693af46ec89', 'bdb8391f-121d-4f9e-a5c7-7bada27ebdbd', '{}', 26, 139.96, 180.81);
INSERT INTO "order_items" ("id", "order_id", "model_id", "snapshot_data", "quantity", "unit_price", "total_price") VALUES ('93639872-e69c-4e04-82bc-5e4a8b3c9eae', 'a1462e62-72ba-4ada-9a50-da3acf4a021d', '6a912429-149c-4124-9e90-9582fa36aed6', '{}', 47, 315.23, 127.97);
INSERT INTO "order_items" ("id", "order_id", "model_id", "snapshot_data", "quantity", "unit_price", "total_price") VALUES ('ae123956-540c-4567-b191-c9695cc3b531', '61689161-1e8a-41f8-a3ad-3ab7cdb9fdca', '9efda874-fd13-4581-b0e5-31f0b5728fac', '{}', 46, 178.87, 230.08);
INSERT INTO "order_items" ("id", "order_id", "model_id", "snapshot_data", "quantity", "unit_price", "total_price") VALUES ('aa87e51f-3674-4b9e-abcc-09fc80936acb', '04ea3117-590a-40bc-9511-8ae0621aeb31', '49153af1-a1f5-46e1-abbc-27c2963ae43d', '{}', 70, 542.92, 536.12);
INSERT INTO "order_items" ("id", "order_id", "model_id", "snapshot_data", "quantity", "unit_price", "total_price") VALUES ('49c52ecd-f8e2-454b-a0a1-dfd6123d0286', '9d0fc8e9-f155-4e34-a0a7-e8df7b9e3f0e', 'a0676676-2050-4e1b-9808-0ca8569057b2', '{}', 59, 254.49, 311.07);
INSERT INTO "order_items" ("id", "order_id", "model_id", "snapshot_data", "quantity", "unit_price", "total_price") VALUES ('8fbd7fdc-05ce-4613-9c24-82ad2fc556a8', '8d80d903-3c73-40ed-a1e4-e7eb0ad1b838', '61f9b9fd-ae74-4861-8522-ce728d455545', '{}', 71, 257.01, 204.31);
INSERT INTO "order_items" ("id", "order_id", "model_id", "snapshot_data", "quantity", "unit_price", "total_price") VALUES ('f03dad1b-fa7a-4230-badf-6f9f9a6ed98b', 'cb9bc766-fa08-4139-b762-6d36c9771bff', '05052046-ca1c-4ebb-b281-05b84e3f34ad', '{}', 55, 302.20, 546.39);
INSERT INTO "order_items" ("id", "order_id", "model_id", "snapshot_data", "quantity", "unit_price", "total_price") VALUES ('5508ef39-8d2c-4366-bb17-cda6d85ea63e', 'd3b28006-6925-431d-bf92-aba95c80013d', '7665599e-99b1-42de-96d4-8050f3785bfb', '{}', 61, 226.73, 105.17);
INSERT INTO "order_items" ("id", "order_id", "model_id", "snapshot_data", "quantity", "unit_price", "total_price") VALUES ('94550ee5-c9b7-4143-8ab9-f86502c15c20', 'fba0defc-5fb9-4835-84f2-1b1c018230be', 'd1f4ce8f-dcc5-4bfc-961d-85c4b6156142', '{}', 18, 274.76, 158.38);
INSERT INTO "order_items" ("id", "order_id", "model_id", "snapshot_data", "quantity", "unit_price", "total_price") VALUES ('ea12308a-95f6-43bc-b689-78152e4aed5f', '04ea3117-590a-40bc-9511-8ae0621aeb31', '3435f1b8-358d-4480-9e9e-593d8adb41ba', '{}', 4, 252.73, 256.12);
INSERT INTO "order_items" ("id", "order_id", "model_id", "snapshot_data", "quantity", "unit_price", "total_price") VALUES ('76d710ee-faac-479c-8a5a-bc7752eb9524', '73877f6d-c55d-4cd9-9451-80629543289f', '47816304-07e2-4706-ba46-f1143813105e', '{}', 18, 174.04, 89.52);
INSERT INTO "order_items" ("id", "order_id", "model_id", "snapshot_data", "quantity", "unit_price", "total_price") VALUES ('d7bf8801-bf7e-4d14-9b45-838207acfc12', 'af8a9ce5-396b-4021-b535-a0e41fdb7272', 'b4001803-1dc5-4e88-bc12-7c568e44918f', '{}', 60, 518.10, 109.29);
INSERT INTO "order_items" ("id", "order_id", "model_id", "snapshot_data", "quantity", "unit_price", "total_price") VALUES ('22fb1e81-cad4-4053-8dc8-3b1304289c60', '73877f6d-c55d-4cd9-9451-80629543289f', '32c39d4f-51ee-4137-9aee-5fe837b4f22b', '{}', 68, 131.07, 149.99);

-- Table: payments
INSERT INTO "payments" ("id", "order_id", "payment_method", "transaction_id", "amount", "status", "paid_at") VALUES ('0ae59cb3-ca16-4e69-a50e-542b3a5d6c1c', '7ea68950-87ff-4a5d-a2b9-50e44d1a9493', 'credit_card', 'TXN531953', 7.84, NULL, '2024-05-15 10:00:00');
INSERT INTO "payments" ("id", "order_id", "payment_method", "transaction_id", "amount", "status", "paid_at") VALUES ('37c0979a-7100-4c1c-9eaf-feca481b4ba5', 'fba0defc-5fb9-4835-84f2-1b1c018230be', 'credit_card', 'TXN564397', 16.60, NULL, '2024-05-15 10:00:00');
INSERT INTO "payments" ("id", "order_id", "payment_method", "transaction_id", "amount", "status", "paid_at") VALUES ('b67547f2-0755-406f-ac23-df3bab15d138', 'a1462e62-72ba-4ada-9a50-da3acf4a021d', 'credit_card', 'TXN608488', 26.06, NULL, '2024-05-15 10:00:00');
INSERT INTO "payments" ("id", "order_id", "payment_method", "transaction_id", "amount", "status", "paid_at") VALUES ('9dad0bf4-07b0-477d-9722-5f98c16aaa01', '5d54307e-4b60-4079-996c-b20ee7d2695c', 'credit_card', 'TXN511642', 99.82, NULL, '2024-05-15 10:00:00');
INSERT INTO "payments" ("id", "order_id", "payment_method", "transaction_id", "amount", "status", "paid_at") VALUES ('12d23f73-857f-4f05-870c-284eb7b81d8c', 'a1462e62-72ba-4ada-9a50-da3acf4a021d', 'credit_card', 'TXN479209', 77.25, NULL, '2024-05-15 10:00:00');
INSERT INTO "payments" ("id", "order_id", "payment_method", "transaction_id", "amount", "status", "paid_at") VALUES ('f5122647-1d3f-449c-943b-1dff2931c16a', 'dfef7585-115f-4e2a-af82-5047709ee46c', 'credit_card', 'TXN979992', 59.23, NULL, '2024-05-15 10:00:00');
INSERT INTO "payments" ("id", "order_id", "payment_method", "transaction_id", "amount", "status", "paid_at") VALUES ('88a2ea24-698a-42e7-b339-7f8f222dda46', '68054742-908a-47ee-97ac-235cbe966639', 'credit_card', 'TXN234762', 3.60, NULL, '2024-05-15 10:00:00');
INSERT INTO "payments" ("id", "order_id", "payment_method", "transaction_id", "amount", "status", "paid_at") VALUES ('2cd1d944-a43b-4681-9e81-e3ee39a1e45f', '3caf0987-0bf4-4acf-834b-59e8f1e7dfd0', 'credit_card', 'TXN523642', 97.13, NULL, '2024-05-15 10:00:00');
INSERT INTO "payments" ("id", "order_id", "payment_method", "transaction_id", "amount", "status", "paid_at") VALUES ('f2c25075-7b24-4128-b763-b85b379008b9', '1b1b3dff-7154-477a-9104-3ab2095108be', 'credit_card', 'TXN748581', 3.76, NULL, '2024-05-15 10:00:00');
INSERT INTO "payments" ("id", "order_id", "payment_method", "transaction_id", "amount", "status", "paid_at") VALUES ('ed836bc8-71be-4801-8f14-1e002b96bab9', 'cb9bc766-fa08-4139-b762-6d36c9771bff', 'credit_card', 'TXN285011', 2.02, NULL, '2024-05-15 10:00:00');
INSERT INTO "payments" ("id", "order_id", "payment_method", "transaction_id", "amount", "status", "paid_at") VALUES ('084a3a3e-b9de-4e80-8d90-cfe82ddc6c25', 'faef7f25-2be7-4642-8d6c-a68628149f91', 'credit_card', 'TXN279305', 62.18, NULL, '2024-05-15 10:00:00');
INSERT INTO "payments" ("id", "order_id", "payment_method", "transaction_id", "amount", "status", "paid_at") VALUES ('273e0d9b-4c90-433e-90d8-62d6883eec0b', '5c1870b3-4d82-4c47-aea4-5ed52a9d6002', 'credit_card', 'TXN490963', 95.92, NULL, '2024-05-15 10:00:00');
INSERT INTO "payments" ("id", "order_id", "payment_method", "transaction_id", "amount", "status", "paid_at") VALUES ('1e5473a7-8901-40e5-ac12-30610f2f8b52', 'ada63f5f-eb85-44e4-9b08-7f344dd45637', 'credit_card', 'TXN739367', 52.35, NULL, '2024-05-15 10:00:00');
INSERT INTO "payments" ("id", "order_id", "payment_method", "transaction_id", "amount", "status", "paid_at") VALUES ('5f0e3d14-125b-40d2-9edb-1627f9495c94', 'd3b28006-6925-431d-bf92-aba95c80013d', 'credit_card', 'TXN455783', 94.86, NULL, '2024-05-15 10:00:00');
INSERT INTO "payments" ("id", "order_id", "payment_method", "transaction_id", "amount", "status", "paid_at") VALUES ('255fc361-a7f1-4943-9b5f-cc25ddc2814e', '7ea68950-87ff-4a5d-a2b9-50e44d1a9493', 'credit_card', 'TXN384557', 42.96, NULL, '2024-05-15 10:00:00');
INSERT INTO "payments" ("id", "order_id", "payment_method", "transaction_id", "amount", "status", "paid_at") VALUES ('01330b5f-8be5-420a-83c9-d67f69529890', '3caf0987-0bf4-4acf-834b-59e8f1e7dfd0', 'credit_card', 'TXN859696', 18.32, NULL, '2024-05-15 10:00:00');
INSERT INTO "payments" ("id", "order_id", "payment_method", "transaction_id", "amount", "status", "paid_at") VALUES ('daadbde8-56e1-473d-8518-5c3662d380f1', '73877f6d-c55d-4cd9-9451-80629543289f', 'credit_card', 'TXN34682', 7.00, NULL, '2024-05-15 10:00:00');
INSERT INTO "payments" ("id", "order_id", "payment_method", "transaction_id", "amount", "status", "paid_at") VALUES ('efbca007-1f88-42fd-9b39-67315736106a', '3caf0987-0bf4-4acf-834b-59e8f1e7dfd0', 'credit_card', 'TXN816413', 10.60, NULL, '2024-05-15 10:00:00');
INSERT INTO "payments" ("id", "order_id", "payment_method", "transaction_id", "amount", "status", "paid_at") VALUES ('a3ae48d6-2ec3-4796-b7c1-f7ab0e624cdf', '7ea68950-87ff-4a5d-a2b9-50e44d1a9493', 'credit_card', 'TXN875418', 64.91, NULL, '2024-05-15 10:00:00');
INSERT INTO "payments" ("id", "order_id", "payment_method", "transaction_id", "amount", "status", "paid_at") VALUES ('e2293ef8-a73c-41c0-be62-5df422d6d522', 'cb9bc766-fa08-4139-b762-6d36c9771bff', 'credit_card', 'TXN735454', 89.20, NULL, '2024-05-15 10:00:00');
INSERT INTO "payments" ("id", "order_id", "payment_method", "transaction_id", "amount", "status", "paid_at") VALUES ('7c7e7f81-656d-413d-a6ff-a026450cbc46', 'faef7f25-2be7-4642-8d6c-a68628149f91', 'credit_card', 'TXN579249', 98.20, NULL, '2024-05-15 10:00:00');
INSERT INTO "payments" ("id", "order_id", "payment_method", "transaction_id", "amount", "status", "paid_at") VALUES ('290c3e67-26d7-44ff-bcbb-863fdb9df72f', '5d9d0414-1baf-404c-a112-95d0d4d22eb9', 'credit_card', 'TXN905575', 59.60, NULL, '2024-05-15 10:00:00');
INSERT INTO "payments" ("id", "order_id", "payment_method", "transaction_id", "amount", "status", "paid_at") VALUES ('e9f9a98d-5236-43bf-8c1a-de01a3727f2c', 'd3b28006-6925-431d-bf92-aba95c80013d', 'credit_card', 'TXN421802', 77.29, NULL, '2024-05-15 10:00:00');
INSERT INTO "payments" ("id", "order_id", "payment_method", "transaction_id", "amount", "status", "paid_at") VALUES ('4e559fa3-68c9-4b49-a503-820a250b01da', 'af8a9ce5-396b-4021-b535-a0e41fdb7272', 'credit_card', 'TXN23217', 52.72, NULL, '2024-05-15 10:00:00');
INSERT INTO "payments" ("id", "order_id", "payment_method", "transaction_id", "amount", "status", "paid_at") VALUES ('1552dcc5-78b1-4234-97bd-1091cafc8372', '9d0fc8e9-f155-4e34-a0a7-e8df7b9e3f0e', 'credit_card', 'TXN453398', 72.55, NULL, '2024-05-15 10:00:00');

-- Table: reviews
INSERT INTO "reviews" ("id", "user_id", "model_id", "rating", "comment", "is_approved") VALUES ('17c30adb-ba89-4e53-9aee-01b9b53139ee', '4b31aa9a-a065-4e48-9fd2-e471212919c7', '81fd13af-d2f2-4d11-aa3f-4f4915951b3a', 3, 'Crafted with precision.', true);
INSERT INTO "reviews" ("id", "user_id", "model_id", "rating", "comment", "is_approved") VALUES ('0252ae41-1549-4c91-ac0d-e4062d3ac006', '27087242-a492-4c23-aacd-3dc3a736bda8', '4cab5a97-2245-47c6-a7a4-698039def55b', 4, 'Built to last with premium materials.', false);
INSERT INTO "reviews" ("id", "user_id", "model_id", "rating", "comment", "is_approved") VALUES ('2fa05c0f-bfad-4f98-a830-42442f5861ae', 'b09d3ee9-46d3-445d-b89b-032535d84364', 'd87e3631-8d0a-4083-b5a8-c6b250716c7b', 5, 'Built to last with premium materials.', false);
INSERT INTO "reviews" ("id", "user_id", "model_id", "rating", "comment", "is_approved") VALUES ('3dd1c5cd-bc35-413d-948b-bc4774643049', 'b972e542-d358-4084-bb32-abe9a87685ea', 'a1dde0e9-b15b-4aee-b0e5-dbac9ca7d103', 4, 'A perfect addition to your home.', true);
INSERT INTO "reviews" ("id", "user_id", "model_id", "rating", "comment", "is_approved") VALUES ('3d984a57-4f25-4391-83fc-80f804aa0b23', '17ff0f1e-43a7-4c7e-8f35-c3afca2fbc24', 'e3f0bec9-d653-4928-aae8-c35c07318dcb', 4, 'An extraordinary piece of furniture.', true);
INSERT INTO "reviews" ("id", "user_id", "model_id", "rating", "comment", "is_approved") VALUES ('6c461e5e-b1e3-4f90-ad2d-a579603602b2', '4b31aa9a-a065-4e48-9fd2-e471212919c7', 'bd7da1aa-4e1c-40e2-abfd-d0b3c628e9c4', 3, 'Built to last with premium materials.', true);
INSERT INTO "reviews" ("id", "user_id", "model_id", "rating", "comment", "is_approved") VALUES ('f2a4f3a9-aa1d-4b93-b810-b1f447d6a31f', 'ec41df36-a885-4e66-be26-744305a66500', 'e3f0bec9-d653-4928-aae8-c35c07318dcb', 1, 'A perfect addition to your home.', true);
INSERT INTO "reviews" ("id", "user_id", "model_id", "rating", "comment", "is_approved") VALUES ('6898e671-4c92-491d-be06-e09ed88a4112', 'b972e542-d358-4084-bb32-abe9a87685ea', '2383ff84-0819-4803-a50a-367da1fc4d13', 1, 'A timeless design.', false);
INSERT INTO "reviews" ("id", "user_id", "model_id", "rating", "comment", "is_approved") VALUES ('ead3ea1d-e298-4ca5-866e-37339a4c1336', '4b31aa9a-a065-4e48-9fd2-e471212919c7', 'f400ee4b-d7af-42c5-92e2-23ecdd25bb0d', 4, 'Enhance your living space.', false);
INSERT INTO "reviews" ("id", "user_id", "model_id", "rating", "comment", "is_approved") VALUES ('e039e402-e72f-4e64-bc49-184e849416ed', 'b09d3ee9-46d3-445d-b89b-032535d84364', 'a27e515e-a4ca-4d78-ab27-1185f8d2e9dd', 5, 'A perfect addition to your home.', true);
INSERT INTO "reviews" ("id", "user_id", "model_id", "rating", "comment", "is_approved") VALUES ('fb5cb373-a23e-4c5a-ad83-bc62245cba82', '503704a0-df77-4dab-ad97-e1bf482b1b69', '9f597266-2567-40bb-846c-5d7323bbe0da', 4, 'A perfect addition to your home.', true);
INSERT INTO "reviews" ("id", "user_id", "model_id", "rating", "comment", "is_approved") VALUES ('4a5f2c49-a91d-49fc-8b95-bfe39ccdaae3', 'ba728f6d-b87f-4e8f-8aa1-695167ec16a5', 'e59d32d5-0c04-41b6-a0fb-bbed09cf97bb', 3, 'Experience the ultimate relaxation.', false);
INSERT INTO "reviews" ("id", "user_id", "model_id", "rating", "comment", "is_approved") VALUES ('c9b6e4b3-1bad-46f5-9d2e-f3c9ae5fb641', 'b09d3ee9-46d3-445d-b89b-032535d84364', '4cab5a97-2245-47c6-a7a4-698039def55b', 4, 'Experience the ultimate relaxation.', false);
INSERT INTO "reviews" ("id", "user_id", "model_id", "rating", "comment", "is_approved") VALUES ('c72d8304-5860-47ed-a5af-80bdc3012458', '420da6ec-0f92-4282-a4c4-50a4f428a3e6', '2383ff84-0819-4803-a50a-367da1fc4d13', 2, 'An extraordinary piece of furniture.', false);
INSERT INTO "reviews" ("id", "user_id", "model_id", "rating", "comment", "is_approved") VALUES ('44b49704-0dfd-4fcb-99fc-4d5bda6349b0', '64b6107b-7673-4c9d-ae14-354f48909282', '9f597266-2567-40bb-846c-5d7323bbe0da', 4, 'An extraordinary piece of furniture.', false);
INSERT INTO "reviews" ("id", "user_id", "model_id", "rating", "comment", "is_approved") VALUES ('93533140-ccdb-416d-aeec-76b7d842b667', '17eb1c04-fb19-4190-84ee-fca3cf8c83fc', '9b4d0f10-2d80-4f55-963f-0c2e46157a4f', 2, 'A timeless design.', false);
INSERT INTO "reviews" ("id", "user_id", "model_id", "rating", "comment", "is_approved") VALUES ('1836bb05-6c2d-476a-a176-27904ee73f64', '17eb1c04-fb19-4190-84ee-fca3cf8c83fc', '2354552f-84dc-4ff2-b8be-95e0af052daa', 3, 'Built to last with premium materials.', false);
INSERT INTO "reviews" ("id", "user_id", "model_id", "rating", "comment", "is_approved") VALUES ('47d31b0d-54b2-43c8-a879-d928aadbc0c6', 'b09d3ee9-46d3-445d-b89b-032535d84364', '9b4d0f10-2d80-4f55-963f-0c2e46157a4f', 3, 'A timeless design.', true);
INSERT INTO "reviews" ("id", "user_id", "model_id", "rating", "comment", "is_approved") VALUES ('dc947c02-9b8e-4876-8ced-da900c75f4f6', '17ff0f1e-43a7-4c7e-8f35-c3afca2fbc24', 'd87e3631-8d0a-4083-b5a8-c6b250716c7b', 2, 'An extraordinary piece of furniture.', false);
INSERT INTO "reviews" ("id", "user_id", "model_id", "rating", "comment", "is_approved") VALUES ('1dc60b24-8316-4266-bf7b-868692dd944c', 'bafb7d4c-55cd-47b8-88e3-c9b9dce634ce', 'e3f0bec9-d653-4928-aae8-c35c07318dcb', 2, 'Crafted with precision.', true);
INSERT INTO "reviews" ("id", "user_id", "model_id", "rating", "comment", "is_approved") VALUES ('8020d470-b881-45bf-9993-a4172f69210a', '8881285c-86ff-4614-ab42-80067b8fbb77', 'a27e515e-a4ca-4d78-ab27-1185f8d2e9dd', 1, 'A timeless design.', false);
INSERT INTO "reviews" ("id", "user_id", "model_id", "rating", "comment", "is_approved") VALUES ('91300814-ed6f-4604-a572-cd65492cfc62', '96479c18-13b1-4009-8b4b-36b9ea36de70', '16a24119-8ee1-4799-bfb3-f1d616aa593b', 3, 'Enhance your living space.', false);
INSERT INTO "reviews" ("id", "user_id", "model_id", "rating", "comment", "is_approved") VALUES ('5655fefe-7d89-4e04-b9ab-ec9a573d66d5', '503704a0-df77-4dab-ad97-e1bf482b1b69', '9f597266-2567-40bb-846c-5d7323bbe0da', 3, 'Enhance your living space.', false);
INSERT INTO "reviews" ("id", "user_id", "model_id", "rating", "comment", "is_approved") VALUES ('6cfb1df9-12a4-488a-a685-1e4f5b53b94e', '27087242-a492-4c23-aacd-3dc3a736bda8', '5fb5c2df-116e-444d-920b-6360d2cbb577', 3, 'Crafted with precision.', false);
INSERT INTO "reviews" ("id", "user_id", "model_id", "rating", "comment", "is_approved") VALUES ('2d20d2ea-4b1e-41f1-9a31-079f982124ee', 'b897819d-9b0c-4d8f-8eef-d837f79ecd61', '16a24119-8ee1-4799-bfb3-f1d616aa593b', 3, 'Built to last with premium materials.', true);

-- Table: coupons
INSERT INTO "coupons" ("id", "code", "discount_type", "value", "max_discount", "min_order_value", "expiry_date", "usage_limit") VALUES ('0bbffd46-93a8-4c03-bde5-22774ae28631', 'TOKEN_ck26r', NULL, 44.68, 49.72, 52.42, '2024-05-15 10:00:00', 23);
INSERT INTO "coupons" ("id", "code", "discount_type", "value", "max_discount", "min_order_value", "expiry_date", "usage_limit") VALUES ('c42bb82c-866d-4399-8be5-a1a4f186e2a4', 'TOKEN_5wm44o', NULL, 39.51, 82.91, 63.40, '2024-05-15 10:00:00', 48);
INSERT INTO "coupons" ("id", "code", "discount_type", "value", "max_discount", "min_order_value", "expiry_date", "usage_limit") VALUES ('98de0341-c07d-44a4-87f8-56cecd62788e', 'TOKEN_rcq9eo', NULL, 67.33, 67.07, 39.97, '2024-05-15 10:00:00', 43);
INSERT INTO "coupons" ("id", "code", "discount_type", "value", "max_discount", "min_order_value", "expiry_date", "usage_limit") VALUES ('589e0a0e-a347-4a09-918a-b5f583dc211c', 'TOKEN_54f1qf', NULL, 30.91, 64.85, 56.46, '2024-05-15 10:00:00', 10);
INSERT INTO "coupons" ("id", "code", "discount_type", "value", "max_discount", "min_order_value", "expiry_date", "usage_limit") VALUES ('f45e5dbd-47c1-400d-8496-60195860f1bb', 'TOKEN_0uh37h', NULL, 28.71, 74.89, 50.12, '2024-05-15 10:00:00', 8);
INSERT INTO "coupons" ("id", "code", "discount_type", "value", "max_discount", "min_order_value", "expiry_date", "usage_limit") VALUES ('beb01645-5418-4f5e-a0e9-f66293e77574', 'TOKEN_15xu3', NULL, 86.17, 79.52, 85.29, '2024-05-15 10:00:00', 21);
INSERT INTO "coupons" ("id", "code", "discount_type", "value", "max_discount", "min_order_value", "expiry_date", "usage_limit") VALUES ('5a28672a-a1e1-447f-8ce2-4b1c1c46b8ea', 'TOKEN_hr64xc', NULL, 77.29, 53.14, 57.36, '2024-05-15 10:00:00', 45);
INSERT INTO "coupons" ("id", "code", "discount_type", "value", "max_discount", "min_order_value", "expiry_date", "usage_limit") VALUES ('34853d51-27d3-40e9-af7a-88c49e387029', 'TOKEN_rw8bnc', NULL, 80.76, 37.45, 26.64, '2024-05-15 10:00:00', 50);
INSERT INTO "coupons" ("id", "code", "discount_type", "value", "max_discount", "min_order_value", "expiry_date", "usage_limit") VALUES ('e200f863-c614-4871-850a-c8ecad450731', 'TOKEN_h2x51', NULL, 90.45, 90.42, 67.81, '2024-05-15 10:00:00', 40);
INSERT INTO "coupons" ("id", "code", "discount_type", "value", "max_discount", "min_order_value", "expiry_date", "usage_limit") VALUES ('a0f663c6-563a-4ca5-9448-adc914bf28ba', 'TOKEN_vobmln', NULL, 81.34, 93.56, 23.73, '2024-05-15 10:00:00', 32);
INSERT INTO "coupons" ("id", "code", "discount_type", "value", "max_discount", "min_order_value", "expiry_date", "usage_limit") VALUES ('6a3f1738-c09d-480a-91fc-b2d53b549568', 'TOKEN_85hznq', NULL, 51.81, 10.43, 85.82, '2024-05-15 10:00:00', 50);
INSERT INTO "coupons" ("id", "code", "discount_type", "value", "max_discount", "min_order_value", "expiry_date", "usage_limit") VALUES ('ba01ec99-f0c6-49a6-98e1-c5edb2ad68f8', 'TOKEN_q2ybn8', NULL, 11.80, 1.17, 36.03, '2024-05-15 10:00:00', 22);
INSERT INTO "coupons" ("id", "code", "discount_type", "value", "max_discount", "min_order_value", "expiry_date", "usage_limit") VALUES ('e57da443-62d2-4bbe-ad5b-ec9835ec1dc9', 'TOKEN_av3tcm', NULL, 1.83, 27.01, 19.66, '2024-05-15 10:00:00', 48);
INSERT INTO "coupons" ("id", "code", "discount_type", "value", "max_discount", "min_order_value", "expiry_date", "usage_limit") VALUES ('2b971b36-f395-4cb3-a3c9-3b98496841db', 'TOKEN_rwea0l', NULL, 42.88, 81.47, 40.67, '2024-05-15 10:00:00', 26);
INSERT INTO "coupons" ("id", "code", "discount_type", "value", "max_discount", "min_order_value", "expiry_date", "usage_limit") VALUES ('8b743623-64e7-49c7-9787-f647cfd3fe03', 'TOKEN_3w4y8m', NULL, 1.24, 92.30, 88.02, '2024-05-15 10:00:00', 42);
INSERT INTO "coupons" ("id", "code", "discount_type", "value", "max_discount", "min_order_value", "expiry_date", "usage_limit") VALUES ('c386d52e-1073-4a4e-bcde-1ebd74a3b1a7', 'TOKEN_q9awsk', NULL, 38.11, 31.67, 1.01, '2024-05-15 10:00:00', 8);
INSERT INTO "coupons" ("id", "code", "discount_type", "value", "max_discount", "min_order_value", "expiry_date", "usage_limit") VALUES ('43446669-713e-4995-b748-4f331ddfa724', 'TOKEN_cmjpze', NULL, 82.64, 82.43, 4.36, '2024-05-15 10:00:00', 19);
INSERT INTO "coupons" ("id", "code", "discount_type", "value", "max_discount", "min_order_value", "expiry_date", "usage_limit") VALUES ('8507f648-f1cc-4551-a4e4-d148a4ae26f7', 'TOKEN_fiu0vk', NULL, 76.17, 42.19, 22.39, '2024-05-15 10:00:00', 1);
INSERT INTO "coupons" ("id", "code", "discount_type", "value", "max_discount", "min_order_value", "expiry_date", "usage_limit") VALUES ('ffd36962-9c90-460b-a3db-57b61039dea0', 'TOKEN_m50q48', NULL, 40.67, 88.46, 35.88, '2024-05-15 10:00:00', 27);
INSERT INTO "coupons" ("id", "code", "discount_type", "value", "max_discount", "min_order_value", "expiry_date", "usage_limit") VALUES ('e9b55ab4-d0b1-42fe-ad70-c6eb6d065be7', 'TOKEN_dbrdzg', NULL, 49.30, 27.54, 18.93, '2024-05-15 10:00:00', 23);
INSERT INTO "coupons" ("id", "code", "discount_type", "value", "max_discount", "min_order_value", "expiry_date", "usage_limit") VALUES ('e11a328d-7b25-42c6-bb50-ca96cd307bed', 'TOKEN_941hs', NULL, 79.53, 23.81, 97.42, '2024-05-15 10:00:00', 46);
INSERT INTO "coupons" ("id", "code", "discount_type", "value", "max_discount", "min_order_value", "expiry_date", "usage_limit") VALUES ('9a230464-f176-48b0-8df7-7e16f0081360', 'TOKEN_dd4a3s', NULL, 92.82, 89.05, 81.13, '2024-05-15 10:00:00', 13);
INSERT INTO "coupons" ("id", "code", "discount_type", "value", "max_discount", "min_order_value", "expiry_date", "usage_limit") VALUES ('accd85af-d3e7-43f7-b26e-41f48ad1781d', 'TOKEN_c7t2kn', NULL, 41.71, 38.18, 87.95, '2024-05-15 10:00:00', 14);
INSERT INTO "coupons" ("id", "code", "discount_type", "value", "max_discount", "min_order_value", "expiry_date", "usage_limit") VALUES ('79a15d01-fd68-4785-88e4-a83a3cc6fa4f', 'TOKEN_9hvvv', NULL, 27.89, 94.70, 91.27, '2024-05-15 10:00:00', 37);
INSERT INTO "coupons" ("id", "code", "discount_type", "value", "max_discount", "min_order_value", "expiry_date", "usage_limit") VALUES ('2d1af10d-a57f-423e-8c37-991d942e2a1d', 'TOKEN_q8q0uj', NULL, 92.26, 83.63, 23.68, '2024-05-15 10:00:00', 38);

-- Table: coupon_usage
INSERT INTO "coupon_usage" ("id", "coupon_id", "user_id", "order_id") VALUES ('9a017b3b-2fbb-415e-8963-5ff9d0f24a43', 'ba01ec99-f0c6-49a6-98e1-c5edb2ad68f8', '995b5201-ba36-4b0a-9ff2-615cf122a583', '61689161-1e8a-41f8-a3ad-3ab7cdb9fdca');
INSERT INTO "coupon_usage" ("id", "coupon_id", "user_id", "order_id") VALUES ('cf50d29f-b004-49a2-9873-9c2423598228', 'a0f663c6-563a-4ca5-9448-adc914bf28ba', '17eb1c04-fb19-4190-84ee-fca3cf8c83fc', 'cb9bc766-fa08-4139-b762-6d36c9771bff');
INSERT INTO "coupon_usage" ("id", "coupon_id", "user_id", "order_id") VALUES ('8ac26608-4dcc-47a4-a45c-a2869b186c0e', '2b971b36-f395-4cb3-a3c9-3b98496841db', '30bb71bb-4c12-4a8a-8b04-3013e1759ec8', 'd3b28006-6925-431d-bf92-aba95c80013d');
INSERT INTO "coupon_usage" ("id", "coupon_id", "user_id", "order_id") VALUES ('bbb1eb42-4fcc-4f53-bc4a-4f9bc7c08f1c', '43446669-713e-4995-b748-4f331ddfa724', 'ba728f6d-b87f-4e8f-8aa1-695167ec16a5', '73877f6d-c55d-4cd9-9451-80629543289f');
INSERT INTO "coupon_usage" ("id", "coupon_id", "user_id", "order_id") VALUES ('66d24e70-e26e-4059-8d4c-aa8b476abb97', 'e200f863-c614-4871-850a-c8ecad450731', '30bb71bb-4c12-4a8a-8b04-3013e1759ec8', 'af8a9ce5-396b-4021-b535-a0e41fdb7272');
INSERT INTO "coupon_usage" ("id", "coupon_id", "user_id", "order_id") VALUES ('9f9305bc-caf8-4922-8bf2-e4cf34e7b397', '589e0a0e-a347-4a09-918a-b5f583dc211c', '27087242-a492-4c23-aacd-3dc3a736bda8', '22f6a965-bedf-4b47-a9ef-2ccf75e54141');
INSERT INTO "coupon_usage" ("id", "coupon_id", "user_id", "order_id") VALUES ('d833b8fe-c5c7-4f9c-840f-b06b742f1101', 'f45e5dbd-47c1-400d-8496-60195860f1bb', 'b897819d-9b0c-4d8f-8eef-d837f79ecd61', 'ada63f5f-eb85-44e4-9b08-7f344dd45637');
INSERT INTO "coupon_usage" ("id", "coupon_id", "user_id", "order_id") VALUES ('ce9d833e-a315-4830-b115-583ca5bf2ef1', 'beb01645-5418-4f5e-a0e9-f66293e77574', '4b31aa9a-a065-4e48-9fd2-e471212919c7', '68054742-908a-47ee-97ac-235cbe966639');
INSERT INTO "coupon_usage" ("id", "coupon_id", "user_id", "order_id") VALUES ('6ee237f7-4e29-4d8f-ac43-fcffa5e2b1be', '2d1af10d-a57f-423e-8c37-991d942e2a1d', '96479c18-13b1-4009-8b4b-36b9ea36de70', '1b1b3dff-7154-477a-9104-3ab2095108be');
INSERT INTO "coupon_usage" ("id", "coupon_id", "user_id", "order_id") VALUES ('6cbf5f19-a9fa-4102-93d4-5a50951c195d', '98de0341-c07d-44a4-87f8-56cecd62788e', 'ba728f6d-b87f-4e8f-8aa1-695167ec16a5', '3caf0987-0bf4-4acf-834b-59e8f1e7dfd0');
INSERT INTO "coupon_usage" ("id", "coupon_id", "user_id", "order_id") VALUES ('050e24b4-e272-4d7a-bdb8-6d1872057d11', 'ba01ec99-f0c6-49a6-98e1-c5edb2ad68f8', '8ac205c8-fce3-47ee-998f-c0ea27043df3', '47785659-0123-4749-abbe-acec5436a944');
INSERT INTO "coupon_usage" ("id", "coupon_id", "user_id", "order_id") VALUES ('9cf6a796-54ed-4296-afdf-a8e6709a959b', 'c386d52e-1073-4a4e-bcde-1ebd74a3b1a7', '995b5201-ba36-4b0a-9ff2-615cf122a583', 'a1462e62-72ba-4ada-9a50-da3acf4a021d');
INSERT INTO "coupon_usage" ("id", "coupon_id", "user_id", "order_id") VALUES ('a0c52332-1fbe-4cb2-8702-8d0d2068487a', '2b971b36-f395-4cb3-a3c9-3b98496841db', '17eb1c04-fb19-4190-84ee-fca3cf8c83fc', '5d9d0414-1baf-404c-a112-95d0d4d22eb9');
INSERT INTO "coupon_usage" ("id", "coupon_id", "user_id", "order_id") VALUES ('3b1cc59e-3809-4a52-a91d-0ed4137432e6', '79a15d01-fd68-4785-88e4-a83a3cc6fa4f', '8daf7ad6-c72e-48e0-8478-68e983861a15', '5d54307e-4b60-4079-996c-b20ee7d2695c');
INSERT INTO "coupon_usage" ("id", "coupon_id", "user_id", "order_id") VALUES ('a8f04581-1bf8-4c39-a219-12e630702f23', 'ba01ec99-f0c6-49a6-98e1-c5edb2ad68f8', '4acd91bc-3ad8-48e5-afc4-57c7f2ead9bf', 'faef7f25-2be7-4642-8d6c-a68628149f91');
INSERT INTO "coupon_usage" ("id", "coupon_id", "user_id", "order_id") VALUES ('1e5bd6b7-7751-4054-87cb-1f90e6af30a7', '589e0a0e-a347-4a09-918a-b5f583dc211c', 'bafb7d4c-55cd-47b8-88e3-c9b9dce634ce', 'ada63f5f-eb85-44e4-9b08-7f344dd45637');
INSERT INTO "coupon_usage" ("id", "coupon_id", "user_id", "order_id") VALUES ('3c385b6b-70d5-440a-b054-cbd0a89d143c', '8b743623-64e7-49c7-9787-f647cfd3fe03', 'b972e542-d358-4084-bb32-abe9a87685ea', 'a1462e62-72ba-4ada-9a50-da3acf4a021d');
INSERT INTO "coupon_usage" ("id", "coupon_id", "user_id", "order_id") VALUES ('1e1f29ee-5a18-406a-af87-a60eb4a4cf89', '2d1af10d-a57f-423e-8c37-991d942e2a1d', '4acd91bc-3ad8-48e5-afc4-57c7f2ead9bf', '61689161-1e8a-41f8-a3ad-3ab7cdb9fdca');
INSERT INTO "coupon_usage" ("id", "coupon_id", "user_id", "order_id") VALUES ('540416bf-2f9c-4f42-9d74-3747be63e3d0', '98de0341-c07d-44a4-87f8-56cecd62788e', 'ba728f6d-b87f-4e8f-8aa1-695167ec16a5', '22f6a965-bedf-4b47-a9ef-2ccf75e54141');
INSERT INTO "coupon_usage" ("id", "coupon_id", "user_id", "order_id") VALUES ('09b6ab31-41bb-4b1b-ad42-14ad3337da08', 'a0f663c6-563a-4ca5-9448-adc914bf28ba', 'ba728f6d-b87f-4e8f-8aa1-695167ec16a5', 'd3b28006-6925-431d-bf92-aba95c80013d');
INSERT INTO "coupon_usage" ("id", "coupon_id", "user_id", "order_id") VALUES ('c23a85b3-6795-4c96-83d9-5b354a3b4edc', '43446669-713e-4995-b748-4f331ddfa724', '27087242-a492-4c23-aacd-3dc3a736bda8', 'faef7f25-2be7-4642-8d6c-a68628149f91');
INSERT INTO "coupon_usage" ("id", "coupon_id", "user_id", "order_id") VALUES ('2bd48e7f-08e0-4e02-9ed0-2c5cfc96bac1', '2d1af10d-a57f-423e-8c37-991d942e2a1d', 'b972e542-d358-4084-bb32-abe9a87685ea', '5d54307e-4b60-4079-996c-b20ee7d2695c');
INSERT INTO "coupon_usage" ("id", "coupon_id", "user_id", "order_id") VALUES ('9c8bcf67-fbdc-4a70-ab19-bc857fa0339b', '9a230464-f176-48b0-8df7-7e16f0081360', '2ca29fde-04dd-42dd-9c1a-65d3746aaa00', 'af8a9ce5-396b-4021-b535-a0e41fdb7272');
INSERT INTO "coupon_usage" ("id", "coupon_id", "user_id", "order_id") VALUES ('a3d46955-180a-4c0c-ac80-6f56ff331ff2', '8507f648-f1cc-4551-a4e4-d148a4ae26f7', '967768e3-51a4-406e-987e-88d718b0c373', '5d9d0414-1baf-404c-a112-95d0d4d22eb9');
INSERT INTO "coupon_usage" ("id", "coupon_id", "user_id", "order_id") VALUES ('8654c03e-c081-487a-a489-520729b94a58', '79a15d01-fd68-4785-88e4-a83a3cc6fa4f', '17ff0f1e-43a7-4c7e-8f35-c3afca2fbc24', '8d80d903-3c73-40ed-a1e4-e7eb0ad1b838');

-- Table: inventory_logs
INSERT INTO "inventory_logs" ("id", "material_id", "change_type", "quantity", "reference_id") VALUES ('60ae81d5-efe6-4809-b603-471ae8e2c741', '5128e4a2-d92a-4a28-adeb-485669c49ef7', NULL, 7, 'f01b74fb-f378-4c00-b6ad-f8f1f93757e2');
INSERT INTO "inventory_logs" ("id", "material_id", "change_type", "quantity", "reference_id") VALUES ('77b71ca5-f931-40cf-9adb-04c28fd2a53d', 'a91c7703-8450-4508-a3c8-e849eb333221', NULL, 40, '90257523-89e9-4d9c-b350-fac3078137e9');
INSERT INTO "inventory_logs" ("id", "material_id", "change_type", "quantity", "reference_id") VALUES ('1469f553-f19c-4c3d-a9cf-fd8a75f5c8f3', 'e2147942-b888-4eb1-8be5-c7bf4bbd6788', NULL, 54, '2d5e76d3-6ec5-4acb-b126-b4b322ea7611');
INSERT INTO "inventory_logs" ("id", "material_id", "change_type", "quantity", "reference_id") VALUES ('fd8a8f6d-446b-4df2-8376-68a8b404c223', 'a37fe647-a965-4365-95ad-9c3a562aea4e', NULL, 19, '3e11b1dd-6ce6-44fc-b636-bb35a819b19e');
INSERT INTO "inventory_logs" ("id", "material_id", "change_type", "quantity", "reference_id") VALUES ('adf8d3c7-3006-40de-9f35-d07b63570f83', 'bd9e2c22-6da1-4a97-bf1f-6b14afc1733c', NULL, 30, '8786d3d0-e79e-4d68-93d8-b91021a863f5');
INSERT INTO "inventory_logs" ("id", "material_id", "change_type", "quantity", "reference_id") VALUES ('21801d39-1640-45b5-8b19-fd6e3fea848a', 'e2147942-b888-4eb1-8be5-c7bf4bbd6788', NULL, 51, '30c2b26d-d739-485e-83d5-a04e2ca5de6c');
INSERT INTO "inventory_logs" ("id", "material_id", "change_type", "quantity", "reference_id") VALUES ('e507169d-e300-4a17-ac6a-b4f40e64e83a', 'b56c90d9-2539-426c-a027-208241aa7712', NULL, 62, '338d608b-76a3-4c6e-86f6-388e0db53c1e');
INSERT INTO "inventory_logs" ("id", "material_id", "change_type", "quantity", "reference_id") VALUES ('f38d1f27-be93-423f-8c06-64565e9d129a', '8961e850-9bf4-4793-beb1-4ecbb3ea5bb1', NULL, 4, 'e4df7f63-f5e3-4e80-8688-7040aa0d7f12');
INSERT INTO "inventory_logs" ("id", "material_id", "change_type", "quantity", "reference_id") VALUES ('610a2593-0aef-4122-8710-8d364c8541e8', 'ae1b830f-7d06-4a44-9eeb-66d650e675f7', NULL, 41, 'aa99e5d5-c79d-4d1c-a4ce-e5c24c6481bd');
INSERT INTO "inventory_logs" ("id", "material_id", "change_type", "quantity", "reference_id") VALUES ('062bdd47-fb69-444c-bf7d-97905153cd18', '5128e4a2-d92a-4a28-adeb-485669c49ef7', NULL, 29, 'cb80b4dd-f2a4-4622-bbf9-c167a4c0ff30');
INSERT INTO "inventory_logs" ("id", "material_id", "change_type", "quantity", "reference_id") VALUES ('564bf787-d0bb-40bb-a546-94d1801ea9dc', 'e2147942-b888-4eb1-8be5-c7bf4bbd6788', NULL, 62, 'cee78ee1-0065-4f92-a8c0-b688632be4eb');
INSERT INTO "inventory_logs" ("id", "material_id", "change_type", "quantity", "reference_id") VALUES ('835d6677-41df-4f82-bb43-3acd2b4fabd0', '0afe2aea-7356-484c-92b3-04d3abb9cb72', NULL, 85, '7beabcd9-a3cb-4e82-9803-fe96308ff103');
INSERT INTO "inventory_logs" ("id", "material_id", "change_type", "quantity", "reference_id") VALUES ('25922379-68ba-4ba7-8bd1-69d6f42f3b6c', '5128e4a2-d92a-4a28-adeb-485669c49ef7', NULL, 50, 'c95b63ed-5c8f-4d6f-8bb6-7dcfb91d6dd6');
INSERT INTO "inventory_logs" ("id", "material_id", "change_type", "quantity", "reference_id") VALUES ('5a4c632b-cc42-43ac-a251-619d10e83946', '0afe2aea-7356-484c-92b3-04d3abb9cb72', NULL, 81, '7b736989-096d-406b-8996-0369cfb623e6');
INSERT INTO "inventory_logs" ("id", "material_id", "change_type", "quantity", "reference_id") VALUES ('5f4effd3-c544-4934-9a2e-3b47a0a21c16', 'ac1b4eb2-e10f-4d98-9a9e-b94a2da88d8f', NULL, 29, '47290d64-c19f-4ac1-986f-5afa52d1d07e');
INSERT INTO "inventory_logs" ("id", "material_id", "change_type", "quantity", "reference_id") VALUES ('98befca5-2a78-47e2-88c0-348ea3bc6bbd', '0afe2aea-7356-484c-92b3-04d3abb9cb72', NULL, 87, '1c802846-2758-421e-9472-2f09135a0636');
INSERT INTO "inventory_logs" ("id", "material_id", "change_type", "quantity", "reference_id") VALUES ('2fce2751-39f2-4445-98d2-9637f5d52854', 'fe3aca10-aadc-4e87-9c95-9f50e56b58b7', NULL, 3, '87ee4634-a514-45ed-85eb-1291ca29b46c');
INSERT INTO "inventory_logs" ("id", "material_id", "change_type", "quantity", "reference_id") VALUES ('4660292e-b580-4564-822a-90fc006cdf86', 'ae1b830f-7d06-4a44-9eeb-66d650e675f7', NULL, 32, '84e3da88-396d-4558-b55b-8c507ba1f12f');
INSERT INTO "inventory_logs" ("id", "material_id", "change_type", "quantity", "reference_id") VALUES ('ba493f32-e98c-4f99-a623-d62ac856541d', '47d787d0-f4b2-4f44-b79d-b15c579a3685', NULL, 54, '1fe42fe1-b2f0-46ae-9452-caa75192cf06');
INSERT INTO "inventory_logs" ("id", "material_id", "change_type", "quantity", "reference_id") VALUES ('0098f81a-b46b-4774-af83-7f6cca0bac5a', 'a37fe647-a965-4365-95ad-9c3a562aea4e', NULL, 54, '06a89e97-31ac-4e55-b630-d5593ad4094a');
INSERT INTO "inventory_logs" ("id", "material_id", "change_type", "quantity", "reference_id") VALUES ('96c81ef6-1352-4331-a448-6c0884680ef6', '004cff54-915d-4abb-9f3f-7219a5e8bc38', NULL, 10, '97e7dd81-9499-4d70-8ab5-604d57cc55b0');
INSERT INTO "inventory_logs" ("id", "material_id", "change_type", "quantity", "reference_id") VALUES ('9656309a-0417-45eb-a0ca-8315479f529c', '004cff54-915d-4abb-9f3f-7219a5e8bc38', NULL, 95, '42ada3f5-ea33-4d37-a651-09017ad34a91');
INSERT INTO "inventory_logs" ("id", "material_id", "change_type", "quantity", "reference_id") VALUES ('5706b02c-4b66-46fe-8750-57cf6b98b0f0', '3ac4fc08-66f9-477d-a85d-f4be1618a873', NULL, 27, '432bd7ef-fa72-4533-b466-0284abcaef57');
INSERT INTO "inventory_logs" ("id", "material_id", "change_type", "quantity", "reference_id") VALUES ('165381b0-cdbc-4c26-8361-3c3a0fbb9d56', '004cff54-915d-4abb-9f3f-7219a5e8bc38', NULL, 24, '432b40c9-326c-4671-ad6a-00555352dae3');
INSERT INTO "inventory_logs" ("id", "material_id", "change_type", "quantity", "reference_id") VALUES ('8df43ddc-45e0-4095-a8a6-50abc37b86c1', 'f7ddb26b-d66f-46a8-a991-f424d57dbd25', NULL, 4, 'ea97ffb0-3ecb-45c3-89d6-1d14ec2b7750');

-- Table: wishlists
INSERT INTO "wishlists" ("id", "user_id") VALUES ('980d7ccf-9efb-45a4-bcba-acfa28a7e14e', '06392989-9499-498f-af8f-469db1e2f7fd');
INSERT INTO "wishlists" ("id", "user_id") VALUES ('e5525bc5-ca21-4572-8c31-cb0e90fa4b4f', '967768e3-51a4-406e-987e-88d718b0c373');
INSERT INTO "wishlists" ("id", "user_id") VALUES ('62036ce7-2f1e-4543-911e-026fb4d2f56b', 'b897819d-9b0c-4d8f-8eef-d837f79ecd61');
INSERT INTO "wishlists" ("id", "user_id") VALUES ('02bb0257-48d0-4ad6-a71c-235114648abe', '30bb71bb-4c12-4a8a-8b04-3013e1759ec8');
INSERT INTO "wishlists" ("id", "user_id") VALUES ('b8a2bd84-6709-41d5-aefd-8a8929f43b3c', 'b09d3ee9-46d3-445d-b89b-032535d84364');
INSERT INTO "wishlists" ("id", "user_id") VALUES ('4c10f919-eb56-46b9-9f18-e910df5c01b5', '27087242-a492-4c23-aacd-3dc3a736bda8');
INSERT INTO "wishlists" ("id", "user_id") VALUES ('973fc3c6-d979-4800-91fa-f0245b693a7b', '17eb1c04-fb19-4190-84ee-fca3cf8c83fc');
INSERT INTO "wishlists" ("id", "user_id") VALUES ('65ce432b-650a-4ca4-a55c-7a28a4fabbe0', '995b5201-ba36-4b0a-9ff2-615cf122a583');
INSERT INTO "wishlists" ("id", "user_id") VALUES ('dc1ac13f-7781-4398-ab3e-7d884f3144c2', '2ca29fde-04dd-42dd-9c1a-65d3746aaa00');
INSERT INTO "wishlists" ("id", "user_id") VALUES ('e77ee569-ea41-4733-88ca-6c84c7225246', '96479c18-13b1-4009-8b4b-36b9ea36de70');
INSERT INTO "wishlists" ("id", "user_id") VALUES ('bdf9cf92-6e7d-4e6c-b27d-172092d57b8d', '8daf7ad6-c72e-48e0-8478-68e983861a15');
INSERT INTO "wishlists" ("id", "user_id") VALUES ('9bff45eb-4ee1-49f6-b9c0-c1e54204db15', 'ba728f6d-b87f-4e8f-8aa1-695167ec16a5');
INSERT INTO "wishlists" ("id", "user_id") VALUES ('7801c45f-cd65-40ed-82e5-192f3f1f7c6f', '27087242-a492-4c23-aacd-3dc3a736bda8');
INSERT INTO "wishlists" ("id", "user_id") VALUES ('77d916d9-73b0-4793-b246-a813b3e93b8f', 'f7cdfdf6-42e0-4fb3-838c-307b55c439aa');
INSERT INTO "wishlists" ("id", "user_id") VALUES ('4b07c830-54f2-4d02-952f-2ff25e2542af', 'ba728f6d-b87f-4e8f-8aa1-695167ec16a5');
INSERT INTO "wishlists" ("id", "user_id") VALUES ('c250f76d-9f3c-4e63-b09d-f62c0f92749e', '8ac205c8-fce3-47ee-998f-c0ea27043df3');
INSERT INTO "wishlists" ("id", "user_id") VALUES ('996b9625-c068-48ad-9652-97bd4b9be115', '420da6ec-0f92-4282-a4c4-50a4f428a3e6');
INSERT INTO "wishlists" ("id", "user_id") VALUES ('15a3d3f5-2a2d-4369-ad08-c149445d484e', 'b897819d-9b0c-4d8f-8eef-d837f79ecd61');
INSERT INTO "wishlists" ("id", "user_id") VALUES ('352c1e05-78a3-4732-9611-b1e05089df0e', 'f7cdfdf6-42e0-4fb3-838c-307b55c439aa');
INSERT INTO "wishlists" ("id", "user_id") VALUES ('8898b7d9-0a1c-4d2d-ad5c-1b3f01d2de4f', 'b897819d-9b0c-4d8f-8eef-d837f79ecd61');
INSERT INTO "wishlists" ("id", "user_id") VALUES ('a0c1caaa-a8d2-4598-abab-e8e14fdc2917', '64b6107b-7673-4c9d-ae14-354f48909282');
INSERT INTO "wishlists" ("id", "user_id") VALUES ('67200966-9db9-4df9-ad66-fa8511c3e7b1', '420da6ec-0f92-4282-a4c4-50a4f428a3e6');
INSERT INTO "wishlists" ("id", "user_id") VALUES ('1b8cf93e-ceac-45f7-909f-7ae70114d873', '4b31aa9a-a065-4e48-9fd2-e471212919c7');
INSERT INTO "wishlists" ("id", "user_id") VALUES ('9275eaf8-e255-40bd-b069-bbde0dca7c9f', '4acd91bc-3ad8-48e5-afc4-57c7f2ead9bf');
INSERT INTO "wishlists" ("id", "user_id") VALUES ('cff0cffe-d5df-4373-9064-52a69876aa4d', '96479c18-13b1-4009-8b4b-36b9ea36de70');

-- Table: wishlist_items
INSERT INTO "wishlist_items" ("id", "wishlist_id", "model_id", "added_at") VALUES ('2ddce4f1-9a58-46f6-b08a-fdb7ca301c2e', 'e5525bc5-ca21-4572-8c31-cb0e90fa4b4f', 'c3ec7695-a5f6-4457-a318-e966a2eee8b1', '2024-05-15 10:00:00');
INSERT INTO "wishlist_items" ("id", "wishlist_id", "model_id", "added_at") VALUES ('c856b03c-baf8-4370-98ea-db7a45507142', '4c10f919-eb56-46b9-9f18-e910df5c01b5', 'a1dde0e9-b15b-4aee-b0e5-dbac9ca7d103', '2024-05-15 10:00:00');
INSERT INTO "wishlist_items" ("id", "wishlist_id", "model_id", "added_at") VALUES ('81c05373-404e-4f52-9b45-5b7301dd5d7d', 'e5525bc5-ca21-4572-8c31-cb0e90fa4b4f', 'a1dde0e9-b15b-4aee-b0e5-dbac9ca7d103', '2024-05-15 10:00:00');
INSERT INTO "wishlist_items" ("id", "wishlist_id", "model_id", "added_at") VALUES ('cc465518-36be-4da4-96b1-442fd073d82b', '9275eaf8-e255-40bd-b069-bbde0dca7c9f', 'e59d32d5-0c04-41b6-a0fb-bbed09cf97bb', '2024-05-15 10:00:00');
INSERT INTO "wishlist_items" ("id", "wishlist_id", "model_id", "added_at") VALUES ('08e996c8-b299-4f18-9f12-9e7b376dd17c', '65ce432b-650a-4ca4-a55c-7a28a4fabbe0', '16a24119-8ee1-4799-bfb3-f1d616aa593b', '2024-05-15 10:00:00');
INSERT INTO "wishlist_items" ("id", "wishlist_id", "model_id", "added_at") VALUES ('df5f9668-9670-4f19-865c-d844ed1cb0a2', 'dc1ac13f-7781-4398-ab3e-7d884f3144c2', 'c3ec7695-a5f6-4457-a318-e966a2eee8b1', '2024-05-15 10:00:00');
INSERT INTO "wishlist_items" ("id", "wishlist_id", "model_id", "added_at") VALUES ('04dbf917-4919-440f-90b8-b6822ec94ae2', 'dc1ac13f-7781-4398-ab3e-7d884f3144c2', '4cab5a97-2245-47c6-a7a4-698039def55b', '2024-05-15 10:00:00');
INSERT INTO "wishlist_items" ("id", "wishlist_id", "model_id", "added_at") VALUES ('5d5988e4-0ea7-4539-a5e5-60e2260098d6', '996b9625-c068-48ad-9652-97bd4b9be115', '4cab5a97-2245-47c6-a7a4-698039def55b', '2024-05-15 10:00:00');
INSERT INTO "wishlist_items" ("id", "wishlist_id", "model_id", "added_at") VALUES ('36a20fc1-2380-4fc9-89f7-7c04647279cb', '4b07c830-54f2-4d02-952f-2ff25e2542af', '4cab5a97-2245-47c6-a7a4-698039def55b', '2024-05-15 10:00:00');
INSERT INTO "wishlist_items" ("id", "wishlist_id", "model_id", "added_at") VALUES ('d691c00b-242d-41de-b12f-f4f63de820be', '973fc3c6-d979-4800-91fa-f0245b693a7b', '16a24119-8ee1-4799-bfb3-f1d616aa593b', '2024-05-15 10:00:00');
INSERT INTO "wishlist_items" ("id", "wishlist_id", "model_id", "added_at") VALUES ('5ecd6518-6739-40af-881b-3ee8f07a4cb9', 'cff0cffe-d5df-4373-9064-52a69876aa4d', '155e3096-1410-45f0-8616-01b99ad91788', '2024-05-15 10:00:00');
INSERT INTO "wishlist_items" ("id", "wishlist_id", "model_id", "added_at") VALUES ('0ea4229f-dd17-468b-b493-5cf3a3ed4940', '77d916d9-73b0-4793-b246-a813b3e93b8f', 'c8a2496e-8b10-46ec-8b8e-292b3a4fa74d', '2024-05-15 10:00:00');
INSERT INTO "wishlist_items" ("id", "wishlist_id", "model_id", "added_at") VALUES ('88d646a0-3766-45df-89ef-984e5026f8ca', '67200966-9db9-4df9-ad66-fa8511c3e7b1', 'e3f0bec9-d653-4928-aae8-c35c07318dcb', '2024-05-15 10:00:00');
INSERT INTO "wishlist_items" ("id", "wishlist_id", "model_id", "added_at") VALUES ('3dfb8ecd-ea9f-4b3a-8f7d-d12c976f677a', 'e77ee569-ea41-4733-88ca-6c84c7225246', 'f400ee4b-d7af-42c5-92e2-23ecdd25bb0d', '2024-05-15 10:00:00');
INSERT INTO "wishlist_items" ("id", "wishlist_id", "model_id", "added_at") VALUES ('6ff37738-b27c-4579-a220-93dedb6ff408', '4c10f919-eb56-46b9-9f18-e910df5c01b5', 'e59d32d5-0c04-41b6-a0fb-bbed09cf97bb', '2024-05-15 10:00:00');
INSERT INTO "wishlist_items" ("id", "wishlist_id", "model_id", "added_at") VALUES ('f2b87764-814b-4bea-9ccd-29f5e1724cbf', '02bb0257-48d0-4ad6-a71c-235114648abe', '7c1d200d-ca9a-4c03-8c35-a3886c6041d2', '2024-05-15 10:00:00');
INSERT INTO "wishlist_items" ("id", "wishlist_id", "model_id", "added_at") VALUES ('e78632f7-088d-4ef9-bb77-e3a6b4bd7857', '8898b7d9-0a1c-4d2d-ad5c-1b3f01d2de4f', 'e59d32d5-0c04-41b6-a0fb-bbed09cf97bb', '2024-05-15 10:00:00');
INSERT INTO "wishlist_items" ("id", "wishlist_id", "model_id", "added_at") VALUES ('004757b0-84ee-4fdc-b8e8-d2820708ea99', '65ce432b-650a-4ca4-a55c-7a28a4fabbe0', 'a1dde0e9-b15b-4aee-b0e5-dbac9ca7d103', '2024-05-15 10:00:00');
INSERT INTO "wishlist_items" ("id", "wishlist_id", "model_id", "added_at") VALUES ('5941e5ff-9351-4bc1-b301-a956ac96c431', '1b8cf93e-ceac-45f7-909f-7ae70114d873', 'ae8c970b-565c-4181-8650-365a8b629756', '2024-05-15 10:00:00');
INSERT INTO "wishlist_items" ("id", "wishlist_id", "model_id", "added_at") VALUES ('5addfa1e-e9b8-4704-ad41-dc257211f26f', '65ce432b-650a-4ca4-a55c-7a28a4fabbe0', 'e3f0bec9-d653-4928-aae8-c35c07318dcb', '2024-05-15 10:00:00');
INSERT INTO "wishlist_items" ("id", "wishlist_id", "model_id", "added_at") VALUES ('4cb93dec-90d9-497e-9912-66bc0576484c', '65ce432b-650a-4ca4-a55c-7a28a4fabbe0', '2354552f-84dc-4ff2-b8be-95e0af052daa', '2024-05-15 10:00:00');
INSERT INTO "wishlist_items" ("id", "wishlist_id", "model_id", "added_at") VALUES ('bdf1cd1a-11a9-4e72-bbaf-20b6d5f63754', '9bff45eb-4ee1-49f6-b9c0-c1e54204db15', 'e3f0bec9-d653-4928-aae8-c35c07318dcb', '2024-05-15 10:00:00');
INSERT INTO "wishlist_items" ("id", "wishlist_id", "model_id", "added_at") VALUES ('c8e99779-e818-4525-bac6-a613b82dce4c', 'c250f76d-9f3c-4e63-b09d-f62c0f92749e', 'd87e3631-8d0a-4083-b5a8-c6b250716c7b', '2024-05-15 10:00:00');
INSERT INTO "wishlist_items" ("id", "wishlist_id", "model_id", "added_at") VALUES ('6b2b911f-ec8a-4a7b-8ea2-ccd9e2971a45', 'e77ee569-ea41-4733-88ca-6c84c7225246', 'c8a2496e-8b10-46ec-8b8e-292b3a4fa74d', '2024-05-15 10:00:00');
INSERT INTO "wishlist_items" ("id", "wishlist_id", "model_id", "added_at") VALUES ('2054e85d-18a9-41a9-8ca9-c33f1a97f033', '1b8cf93e-ceac-45f7-909f-7ae70114d873', '3c95f1ac-fb19-4f6f-9310-d119b4353e77', '2024-05-15 10:00:00');

-- Table: notifications
INSERT INTO "notifications" ("id", "user_id", "type", "title", "message", "reference_id", "reference_type", "is_read") VALUES ('b185c5c4-fa0c-4281-bc12-29266ce56bc3', 'ec41df36-a885-4e66-be26-744305a66500', 'Stylish Item', 'Stylish Item', 'Classic Item', 'b0928b54-4db7-450c-b81f-3a3a98a6d923', 'Comfortable Item', false);
INSERT INTO "notifications" ("id", "user_id", "type", "title", "message", "reference_id", "reference_type", "is_read") VALUES ('96db5489-29b7-4e20-9344-0de45c4c614c', '503704a0-df77-4dab-ad97-e1bf482b1b69', 'Luxury Item', 'Elegant Item', 'Minimalist Item', '56134f6d-3b40-464c-8452-721825d6a664', 'Stylish Item', false);
INSERT INTO "notifications" ("id", "user_id", "type", "title", "message", "reference_id", "reference_type", "is_read") VALUES ('c46e92a2-126f-47cf-a489-c2d0ccfcee0c', '8ac205c8-fce3-47ee-998f-c0ea27043df3', 'Cozy Item', 'Luxury Item', 'Premium Item', 'a3f04647-5a2e-42eb-87db-e194f8f70658', 'Elegant Item', true);
INSERT INTO "notifications" ("id", "user_id", "type", "title", "message", "reference_id", "reference_type", "is_read") VALUES ('78a97aed-298b-4342-a3c2-75c67dcb3bfb', '2ca29fde-04dd-42dd-9c1a-65d3746aaa00', 'Luxury Item', 'Premium Item', 'Luxury Item', 'dc6e97ae-04b5-49ba-8f73-14122095372a', 'Stylish Item', false);
INSERT INTO "notifications" ("id", "user_id", "type", "title", "message", "reference_id", "reference_type", "is_read") VALUES ('a06c3c13-6ff5-4276-a0fd-e0f09213fec7', '8daf7ad6-c72e-48e0-8478-68e983861a15', 'Stylish Item', 'Classic Item', 'Comfortable Item', '35abbfec-5946-4f4d-838a-79db9f0ce1a7', 'Contemporary Item', true);
INSERT INTO "notifications" ("id", "user_id", "type", "title", "message", "reference_id", "reference_type", "is_read") VALUES ('748148f9-f6dd-4b39-8f4a-4c411620e084', '30bb71bb-4c12-4a8a-8b04-3013e1759ec8', 'Rustic Item', 'Elegant Item', 'Cozy Item', 'e98b0cbc-9593-4632-a3b3-414a5ad3b83d', 'Vintage Item', true);
INSERT INTO "notifications" ("id", "user_id", "type", "title", "message", "reference_id", "reference_type", "is_read") VALUES ('e5fef651-b1c0-45df-be66-ec7fbe9385ee', '17eb1c04-fb19-4190-84ee-fca3cf8c83fc', 'Premium Item', 'Chic Item', 'Cozy Item', '18043628-c566-4d91-adee-494e2914f954', 'Cozy Item', true);
INSERT INTO "notifications" ("id", "user_id", "type", "title", "message", "reference_id", "reference_type", "is_read") VALUES ('6fffacd5-fb5d-4ff3-8eeb-d1339e7e093f', 'b972e542-d358-4084-bb32-abe9a87685ea', 'Luxury Item', 'Stylish Item', 'Classic Item', '9005b737-aab1-47cf-a333-b7d898b7f755', 'Rustic Item', true);
INSERT INTO "notifications" ("id", "user_id", "type", "title", "message", "reference_id", "reference_type", "is_read") VALUES ('31da035f-f8f4-4948-97e7-e8c95efae243', '64b6107b-7673-4c9d-ae14-354f48909282', 'Contemporary Item', 'Rustic Item', 'Vintage Item', '17aee80c-7b90-4340-bccb-a6169be96eb5', 'Cozy Item', true);
INSERT INTO "notifications" ("id", "user_id", "type", "title", "message", "reference_id", "reference_type", "is_read") VALUES ('4afabd88-dbb9-4fd6-ac9a-8f210cca895a', 'b897819d-9b0c-4d8f-8eef-d837f79ecd61', 'Contemporary Item', 'Luxury Item', 'Sleek Item', 'e68e7349-5436-4d48-b229-85bd4ba49768', 'Comfortable Item', true);
INSERT INTO "notifications" ("id", "user_id", "type", "title", "message", "reference_id", "reference_type", "is_read") VALUES ('1e28f812-4687-4206-a364-62f2c307c8b0', '420da6ec-0f92-4282-a4c4-50a4f428a3e6', 'Elegant Item', 'Vintage Item', 'Cozy Item', 'fc806777-77c8-4311-afc8-b508e5d318ae', 'Premium Item', true);
INSERT INTO "notifications" ("id", "user_id", "type", "title", "message", "reference_id", "reference_type", "is_read") VALUES ('85518adf-d203-4ed0-a9aa-9d9971571a52', '06392989-9499-498f-af8f-469db1e2f7fd', 'Cozy Item', 'Sturdy Item', 'Chic Item', '76c9ab9d-f938-4a34-b153-45658fad7232', 'Elegant Item', true);
INSERT INTO "notifications" ("id", "user_id", "type", "title", "message", "reference_id", "reference_type", "is_read") VALUES ('3710ece5-f559-47ae-b349-0dbb672425f6', 'ba728f6d-b87f-4e8f-8aa1-695167ec16a5', 'Sturdy Item', 'Chic Item', 'Stylish Item', '1ca5d942-73f7-4c7b-b175-8fc09e61a1de', 'Chic Item', true);
INSERT INTO "notifications" ("id", "user_id", "type", "title", "message", "reference_id", "reference_type", "is_read") VALUES ('ef8344b1-fcac-4a9f-9a01-a850e80202d2', '4acd91bc-3ad8-48e5-afc4-57c7f2ead9bf', 'Cozy Item', 'Cozy Item', 'Contemporary Item', 'e3770329-a44b-4eec-9684-b7432dd170c8', 'Classic Item', false);
INSERT INTO "notifications" ("id", "user_id", "type", "title", "message", "reference_id", "reference_type", "is_read") VALUES ('8be7b930-608c-44b0-9e7e-5b5fad059b1d', '64b6107b-7673-4c9d-ae14-354f48909282', 'Elegant Item', 'Elegant Item', 'Premium Item', '601b14c5-b39d-4948-972a-bf42d01d3439', 'Premium Item', false);
INSERT INTO "notifications" ("id", "user_id", "type", "title", "message", "reference_id", "reference_type", "is_read") VALUES ('13e7d236-1c4c-406c-8c08-511cd9198e3e', '17ff0f1e-43a7-4c7e-8f35-c3afca2fbc24', 'Cozy Item', 'Luxury Item', 'Premium Item', '329be460-2a8e-4caf-a860-2d3860d3926c', 'Contemporary Item', true);
INSERT INTO "notifications" ("id", "user_id", "type", "title", "message", "reference_id", "reference_type", "is_read") VALUES ('5c3a782d-0716-43fc-8229-6793f3219d78', '8881285c-86ff-4614-ab42-80067b8fbb77', 'Minimalist Item', 'Sturdy Item', 'Stylish Item', '65f18fe5-7a1e-4d5e-9636-881a3fd7d169', 'Vintage Item', true);
INSERT INTO "notifications" ("id", "user_id", "type", "title", "message", "reference_id", "reference_type", "is_read") VALUES ('79825265-5527-4c81-9b4f-bed32235d2f1', 'b897819d-9b0c-4d8f-8eef-d837f79ecd61', 'Contemporary Item', 'Modern Item', 'Sleek Item', '28832029-eace-4a6f-8265-0ace862e425c', 'Chic Item', false);
INSERT INTO "notifications" ("id", "user_id", "type", "title", "message", "reference_id", "reference_type", "is_read") VALUES ('cc79ac6c-c818-48e1-9a4a-590c4ba4a276', 'ba728f6d-b87f-4e8f-8aa1-695167ec16a5', 'Premium Item', 'Luxury Item', 'Minimalist Item', '8572e73b-7c1f-43e5-bd6b-6a704aeef642', 'Rustic Item', true);
INSERT INTO "notifications" ("id", "user_id", "type", "title", "message", "reference_id", "reference_type", "is_read") VALUES ('41bebc33-3cc8-4f7b-a1f3-846d48800a87', '420da6ec-0f92-4282-a4c4-50a4f428a3e6', 'Vintage Item', 'Classic Item', 'Modern Item', 'ff012fcc-ec19-42b3-9049-1f09912aeb4f', 'Sleek Item', false);
INSERT INTO "notifications" ("id", "user_id", "type", "title", "message", "reference_id", "reference_type", "is_read") VALUES ('96d607ed-4fbb-4c9b-b31e-c54c582e5f60', '4acd91bc-3ad8-48e5-afc4-57c7f2ead9bf', 'Rustic Item', 'Modern Item', 'Minimalist Item', '8dcf578a-48db-4ed1-ba52-efa37113d62c', 'Premium Item', false);
INSERT INTO "notifications" ("id", "user_id", "type", "title", "message", "reference_id", "reference_type", "is_read") VALUES ('3225fe42-5847-4b85-b2b3-0d529d4e0157', '4b31aa9a-a065-4e48-9fd2-e471212919c7', 'Chic Item', 'Classic Item', 'Chic Item', '958b8486-c0d7-4bd5-a79c-1fcdcb3794fe', 'Elegant Item', false);
INSERT INTO "notifications" ("id", "user_id", "type", "title", "message", "reference_id", "reference_type", "is_read") VALUES ('b59d2c1c-a0a7-49c0-b217-628cbe189eb8', 'f7cdfdf6-42e0-4fb3-838c-307b55c439aa', 'Sleek Item', 'Stylish Item', 'Minimalist Item', '20faae76-f90d-4638-b9bf-a5452e083c29', 'Chic Item', true);
INSERT INTO "notifications" ("id", "user_id", "type", "title", "message", "reference_id", "reference_type", "is_read") VALUES ('0cdf657e-d605-42ef-bee8-c921f067c629', '967768e3-51a4-406e-987e-88d718b0c373', 'Vintage Item', 'Modern Item', 'Premium Item', '93e29770-937b-4564-b187-a1324236f195', 'Vintage Item', true);
INSERT INTO "notifications" ("id", "user_id", "type", "title", "message", "reference_id", "reference_type", "is_read") VALUES ('4ea5aef2-107a-4998-ace8-cf3e92ed387b', '30bb71bb-4c12-4a8a-8b04-3013e1759ec8', 'Vintage Item', 'Contemporary Item', 'Classic Item', '3cf17448-3969-4084-aa2f-e6a1cd5399f3', 'Classic Item', false);

-- Table: consultations
INSERT INTO "consultations" ("id", "user_id", "designer_id", "scheduled_at", "notes", "status") VALUES ('a1fead9d-0264-4909-94c6-5f1f29a52c29', '420da6ec-0f92-4282-a4c4-50a4f428a3e6', '105e2885-66b6-41b9-9625-6527334cf657', '2024-05-15 10:00:00', 'Sturdy Item', NULL);
INSERT INTO "consultations" ("id", "user_id", "designer_id", "scheduled_at", "notes", "status") VALUES ('bb6fcd53-a776-4451-a561-6c8cef262867', '8daf7ad6-c72e-48e0-8478-68e983861a15', '2fa48e24-1cba-48cd-8661-d6069d270441', '2024-05-15 10:00:00', 'Premium Item', NULL);
INSERT INTO "consultations" ("id", "user_id", "designer_id", "scheduled_at", "notes", "status") VALUES ('70cbea45-0646-4767-af74-bad35afd20e8', '8daf7ad6-c72e-48e0-8478-68e983861a15', '876ae27e-9459-49b7-b67f-55292f2bbb8a', '2024-05-15 10:00:00', 'Minimalist Item', NULL);
INSERT INTO "consultations" ("id", "user_id", "designer_id", "scheduled_at", "notes", "status") VALUES ('7e6c42b7-5883-4cb6-b302-2a3a0abe0ab9', '967768e3-51a4-406e-987e-88d718b0c373', '2fa48e24-1cba-48cd-8661-d6069d270441', '2024-05-15 10:00:00', 'Vintage Item', NULL);
INSERT INTO "consultations" ("id", "user_id", "designer_id", "scheduled_at", "notes", "status") VALUES ('a73b621e-b577-4e21-958a-8999aa8c8610', '420da6ec-0f92-4282-a4c4-50a4f428a3e6', '54e5f079-f6b8-47a9-b709-903248b4e348', '2024-05-15 10:00:00', 'Elegant Item', NULL);
INSERT INTO "consultations" ("id", "user_id", "designer_id", "scheduled_at", "notes", "status") VALUES ('4689ce0b-ef68-4ebe-9ced-c89646becfda', '17ff0f1e-43a7-4c7e-8f35-c3afca2fbc24', '105e2885-66b6-41b9-9625-6527334cf657', '2024-05-15 10:00:00', 'Minimalist Item', NULL);
INSERT INTO "consultations" ("id", "user_id", "designer_id", "scheduled_at", "notes", "status") VALUES ('515fe3e0-0837-4e0b-a78c-ce271b6888a8', '64b6107b-7673-4c9d-ae14-354f48909282', 'e6a8d264-845d-4d36-ba26-3779a3a28f0b', '2024-05-15 10:00:00', 'Stylish Item', NULL);
INSERT INTO "consultations" ("id", "user_id", "designer_id", "scheduled_at", "notes", "status") VALUES ('3c381ad8-75d9-4962-8e30-54370670acbd', 'b09d3ee9-46d3-445d-b89b-032535d84364', 'd53bde8f-1026-49db-a630-4d33f1d190c6', '2024-05-15 10:00:00', 'Rustic Item', NULL);
INSERT INTO "consultations" ("id", "user_id", "designer_id", "scheduled_at", "notes", "status") VALUES ('bc17be24-2d7a-42b9-b8f8-8910e1ce0c15', 'b972e542-d358-4084-bb32-abe9a87685ea', '07a73b76-15b0-407f-9ee1-67827b2cbe1c', '2024-05-15 10:00:00', 'Sleek Item', NULL);
INSERT INTO "consultations" ("id", "user_id", "designer_id", "scheduled_at", "notes", "status") VALUES ('90db86a2-0006-4f8d-b949-5e0ca83b6f94', '8daf7ad6-c72e-48e0-8478-68e983861a15', 'f9aa55af-5802-4940-aa00-6a184cf57547', '2024-05-15 10:00:00', 'Luxury Item', NULL);
INSERT INTO "consultations" ("id", "user_id", "designer_id", "scheduled_at", "notes", "status") VALUES ('eafac74d-0a1f-443c-81a3-bc3f29778362', 'ec41df36-a885-4e66-be26-744305a66500', '07a73b76-15b0-407f-9ee1-67827b2cbe1c', '2024-05-15 10:00:00', 'Elegant Item', NULL);
INSERT INTO "consultations" ("id", "user_id", "designer_id", "scheduled_at", "notes", "status") VALUES ('c09a799c-70ca-4b88-b7e7-fc47f67bc91d', '4acd91bc-3ad8-48e5-afc4-57c7f2ead9bf', '29ee357b-b4b5-4552-8f26-92d9fc34ca71', '2024-05-15 10:00:00', 'Vintage Item', NULL);
INSERT INTO "consultations" ("id", "user_id", "designer_id", "scheduled_at", "notes", "status") VALUES ('3179cc18-d143-4fff-b7f7-eebe3db75d6f', '503704a0-df77-4dab-ad97-e1bf482b1b69', '07a73b76-15b0-407f-9ee1-67827b2cbe1c', '2024-05-15 10:00:00', 'Premium Item', NULL);
INSERT INTO "consultations" ("id", "user_id", "designer_id", "scheduled_at", "notes", "status") VALUES ('c126943f-03ee-40c0-a7f7-2b4ad75d8d1b', '8881285c-86ff-4614-ab42-80067b8fbb77', '2336715c-0de5-471e-9ba2-bfe6bf14356b', '2024-05-15 10:00:00', 'Luxury Item', NULL);
INSERT INTO "consultations" ("id", "user_id", "designer_id", "scheduled_at", "notes", "status") VALUES ('c14d375c-67c2-486a-bd43-6cdb628e4ed5', 'b897819d-9b0c-4d8f-8eef-d837f79ecd61', 'bfd56855-e273-4841-85b5-1c296d50c8c3', '2024-05-15 10:00:00', 'Rustic Item', NULL);
INSERT INTO "consultations" ("id", "user_id", "designer_id", "scheduled_at", "notes", "status") VALUES ('0aecbe4a-ec00-43ec-9fbf-b8c8000f7558', '503704a0-df77-4dab-ad97-e1bf482b1b69', '29ee357b-b4b5-4552-8f26-92d9fc34ca71', '2024-05-15 10:00:00', 'Chic Item', NULL);
INSERT INTO "consultations" ("id", "user_id", "designer_id", "scheduled_at", "notes", "status") VALUES ('5cc1960d-1032-4da0-8a61-529aed677378', '27087242-a492-4c23-aacd-3dc3a736bda8', '2336715c-0de5-471e-9ba2-bfe6bf14356b', '2024-05-15 10:00:00', 'Minimalist Item', NULL);
INSERT INTO "consultations" ("id", "user_id", "designer_id", "scheduled_at", "notes", "status") VALUES ('07a0e546-98ba-4be2-8396-08f57eb969eb', '8daf7ad6-c72e-48e0-8478-68e983861a15', 'd6ff14b5-1433-4e2e-84a3-15676708daa1', '2024-05-15 10:00:00', 'Classic Item', NULL);
INSERT INTO "consultations" ("id", "user_id", "designer_id", "scheduled_at", "notes", "status") VALUES ('940fef01-c357-4d52-8537-7d8a23efdff7', 'ba728f6d-b87f-4e8f-8aa1-695167ec16a5', '876ae27e-9459-49b7-b67f-55292f2bbb8a', '2024-05-15 10:00:00', 'Vintage Item', NULL);
INSERT INTO "consultations" ("id", "user_id", "designer_id", "scheduled_at", "notes", "status") VALUES ('581a66e2-7dff-46f7-9e53-a02178fe6628', '8daf7ad6-c72e-48e0-8478-68e983861a15', '2336715c-0de5-471e-9ba2-bfe6bf14356b', '2024-05-15 10:00:00', 'Luxury Item', NULL);
INSERT INTO "consultations" ("id", "user_id", "designer_id", "scheduled_at", "notes", "status") VALUES ('8a9dc6d3-1f7e-4cb8-a0d8-1d4a5d3aa21b', '64b6107b-7673-4c9d-ae14-354f48909282', '87c3b403-e735-41c9-9e6d-c543a87a8cb4', '2024-05-15 10:00:00', 'Elegant Item', NULL);
INSERT INTO "consultations" ("id", "user_id", "designer_id", "scheduled_at", "notes", "status") VALUES ('b62bbcda-66a9-413d-bc4e-4a96665ea21a', 'b972e542-d358-4084-bb32-abe9a87685ea', '8653d6a2-6e6a-43e4-8dbb-37fe57296f1b', '2024-05-15 10:00:00', 'Rustic Item', NULL);
INSERT INTO "consultations" ("id", "user_id", "designer_id", "scheduled_at", "notes", "status") VALUES ('ce4f15ac-8d9d-49c6-832b-9bd55e787441', '17eb1c04-fb19-4190-84ee-fca3cf8c83fc', 'e6a8d264-845d-4d36-ba26-3779a3a28f0b', '2024-05-15 10:00:00', 'Chic Item', NULL);
INSERT INTO "consultations" ("id", "user_id", "designer_id", "scheduled_at", "notes", "status") VALUES ('84614241-3bc9-43b5-a7e6-b7cbaebd0c93', '967768e3-51a4-406e-987e-88d718b0c373', 'd53bde8f-1026-49db-a630-4d33f1d190c6', '2024-05-15 10:00:00', 'Premium Item', NULL);
INSERT INTO "consultations" ("id", "user_id", "designer_id", "scheduled_at", "notes", "status") VALUES ('4bbdb998-d530-4d8a-9931-4468b33bdb7b', 'b09d3ee9-46d3-445d-b89b-032535d84364', '43e9ba21-cff1-4817-8c90-605a5c26028f', '2024-05-15 10:00:00', 'Contemporary Item', NULL);
