-- Generated Human-Readable Dummy Data for Furniture DB

-- Table: roles
INSERT INTO "roles" ("id", "name", "description", "created_at", "updated_at") VALUES ('08129c7f-73da-442b-a562-75181a976233', 'Comfortable Sturdy', 'Crafted with precision.', CURRENT_TIMESTAMP, CURRENT_TIMESTAMP);
INSERT INTO "roles" ("id", "name", "description", "created_at", "updated_at") VALUES ('551e5636-0eb2-4a0e-8a02-ea219cfc776d', 'Sleek Comfortable', 'A timeless design.', CURRENT_TIMESTAMP, CURRENT_TIMESTAMP);
INSERT INTO "roles" ("id", "name", "description", "created_at", "updated_at") VALUES ('df97be9f-aff6-45cc-8f4b-05fe493a21a5', 'Rustic Chic', 'A perfect addition to your home.', CURRENT_TIMESTAMP, CURRENT_TIMESTAMP);
INSERT INTO "roles" ("id", "name", "description", "created_at", "updated_at") VALUES ('72f8322f-d419-4226-9b28-64249435bfaf', 'Sleek Contemporary', 'Crafted with precision.', CURRENT_TIMESTAMP, CURRENT_TIMESTAMP);
INSERT INTO "roles" ("id", "name", "description", "created_at", "updated_at") VALUES ('8451d9e2-a80f-49d0-91dd-064780fc03b9', 'Vintage Sleek', 'A timeless design.', CURRENT_TIMESTAMP, CURRENT_TIMESTAMP);
INSERT INTO "roles" ("id", "name", "description", "created_at", "updated_at") VALUES ('718aa5d4-6557-4afa-8a1f-da641b95aa98', 'Comfortable Sturdy', 'A timeless design.', CURRENT_TIMESTAMP, CURRENT_TIMESTAMP);
INSERT INTO "roles" ("id", "name", "description", "created_at", "updated_at") VALUES ('d3fe3da8-c4b6-4332-910e-5342f2260ca5', 'Crafted Modern', 'Experience the ultimate relaxation.', CURRENT_TIMESTAMP, CURRENT_TIMESTAMP);
INSERT INTO "roles" ("id", "name", "description", "created_at", "updated_at") VALUES ('6058d784-58bb-4fd2-b43e-68692d658e66', 'Crafted Luxury', 'Built to last with premium materials.', CURRENT_TIMESTAMP, CURRENT_TIMESTAMP);
INSERT INTO "roles" ("id", "name", "description", "created_at", "updated_at") VALUES ('95a93499-a158-4a8c-8561-b8dde0681ff3', 'Classic Classic', 'An extraordinary piece of furniture.', CURRENT_TIMESTAMP, CURRENT_TIMESTAMP);
INSERT INTO "roles" ("id", "name", "description", "created_at", "updated_at") VALUES ('9f8edc1a-c3ff-4745-b2fa-7f47d1266956', 'Minimalist Rustic', 'Built to last with premium materials.', CURRENT_TIMESTAMP, CURRENT_TIMESTAMP);
INSERT INTO "roles" ("id", "name", "description", "created_at", "updated_at") VALUES ('e65a3715-987e-4860-9fac-1d1372f7a0d7', 'Vintage Luxury', 'A timeless design.', CURRENT_TIMESTAMP, CURRENT_TIMESTAMP);
INSERT INTO "roles" ("id", "name", "description", "created_at", "updated_at") VALUES ('31e9698b-2740-4d07-a327-9aab76e7f36a', 'Sleek Modern', 'Crafted with precision.', CURRENT_TIMESTAMP, CURRENT_TIMESTAMP);
INSERT INTO "roles" ("id", "name", "description", "created_at", "updated_at") VALUES ('eaf41e37-e02c-4150-b2be-5e609cace212', 'Luxury Comfortable', 'A perfect addition to your home.', CURRENT_TIMESTAMP, CURRENT_TIMESTAMP);
INSERT INTO "roles" ("id", "name", "description", "created_at", "updated_at") VALUES ('a7e53298-2233-4070-a071-750b868b1617', 'Sturdy Crafted', 'Enhance your living space.', CURRENT_TIMESTAMP, CURRENT_TIMESTAMP);
INSERT INTO "roles" ("id", "name", "description", "created_at", "updated_at") VALUES ('d22fef88-85a6-4a3c-9fa8-333fef14bbe2', 'Experience Experience', 'A timeless design.', CURRENT_TIMESTAMP, CURRENT_TIMESTAMP);
INSERT INTO "roles" ("id", "name", "description", "created_at", "updated_at") VALUES ('43afbeac-01b6-4a1e-af56-0e1a54cafdd9', 'Crafted Comfortable', 'An extraordinary piece of furniture.', CURRENT_TIMESTAMP, CURRENT_TIMESTAMP);
INSERT INTO "roles" ("id", "name", "description", "created_at", "updated_at") VALUES ('fa4eaf63-e4dc-4386-aaf5-4e1046aff110', 'Premium Sturdy', 'A timeless design.', CURRENT_TIMESTAMP, CURRENT_TIMESTAMP);
INSERT INTO "roles" ("id", "name", "description", "created_at", "updated_at") VALUES ('7b5919c9-9ee2-42e5-838e-8187c7397f48', 'Chic Minimalist', 'Experience the ultimate relaxation.', CURRENT_TIMESTAMP, CURRENT_TIMESTAMP);
INSERT INTO "roles" ("id", "name", "description", "created_at", "updated_at") VALUES ('4072d263-23c4-47b4-83cc-ee4373243826', 'Modern Vintage', 'Designed with comfort and style.', CURRENT_TIMESTAMP, CURRENT_TIMESTAMP);
INSERT INTO "roles" ("id", "name", "description", "created_at", "updated_at") VALUES ('4442a985-a764-40b1-8d15-a8e6b7d45675', 'Sturdy Vintage', 'Crafted with precision.', CURRENT_TIMESTAMP, CURRENT_TIMESTAMP);
INSERT INTO "roles" ("id", "name", "description", "created_at", "updated_at") VALUES ('0a8aae8c-f5b8-488b-9b8a-3012eec1bf2e', 'Vintage Elegant', 'A timeless design.', CURRENT_TIMESTAMP, CURRENT_TIMESTAMP);
INSERT INTO "roles" ("id", "name", "description", "created_at", "updated_at") VALUES ('a4d3f215-a670-4456-8a71-a73e9b269f6e', 'Vintage Sturdy', 'A perfect addition to your home.', CURRENT_TIMESTAMP, CURRENT_TIMESTAMP);
INSERT INTO "roles" ("id", "name", "description", "created_at", "updated_at") VALUES ('e48764c8-7432-48a2-a6e6-9df52668d595', 'Stylish Premium', 'Built to last with premium materials.', CURRENT_TIMESTAMP, CURRENT_TIMESTAMP);
INSERT INTO "roles" ("id", "name", "description", "created_at", "updated_at") VALUES ('bc929e22-58a4-4165-b6d4-4215663f5b99', 'Crafted Minimalist', 'Crafted with precision.', CURRENT_TIMESTAMP, CURRENT_TIMESTAMP);
INSERT INTO "roles" ("id", "name", "description", "created_at", "updated_at") VALUES ('df179d6d-8104-423d-8d24-0e929af5db6a', 'Experience Luxury', 'A timeless design.', CURRENT_TIMESTAMP, CURRENT_TIMESTAMP);

-- Table: permissions
INSERT INTO "permissions" ("id", "name", "module", "created_at", "updated_at") VALUES ('98ff63b6-dbcb-4653-b74b-7657d431fa52', 'Chic Experience', 'Sleek', CURRENT_TIMESTAMP, CURRENT_TIMESTAMP);
INSERT INTO "permissions" ("id", "name", "module", "created_at", "updated_at") VALUES ('bdff34d9-b4e8-41ef-9886-05a5c8a7d134', 'Sleek Vintage', 'Modern', CURRENT_TIMESTAMP, CURRENT_TIMESTAMP);
INSERT INTO "permissions" ("id", "name", "module", "created_at", "updated_at") VALUES ('56936feb-8be4-4a8c-8e44-172023b774bd', 'Minimalist Sturdy', 'Sleek', CURRENT_TIMESTAMP, CURRENT_TIMESTAMP);
INSERT INTO "permissions" ("id", "name", "module", "created_at", "updated_at") VALUES ('0a2d2e2a-09ac-472b-94d2-a431d89d45c5', 'Crafted Sturdy', 'Rustic', CURRENT_TIMESTAMP, CURRENT_TIMESTAMP);
INSERT INTO "permissions" ("id", "name", "module", "created_at", "updated_at") VALUES ('8e3477a7-1788-4b14-99b1-e002fdae933f', 'Sleek Luxury', 'Chic', CURRENT_TIMESTAMP, CURRENT_TIMESTAMP);
INSERT INTO "permissions" ("id", "name", "module", "created_at", "updated_at") VALUES ('47615ad0-bc10-40b1-bb95-2d3c0bca12c2', 'Comfortable Contemporary', 'Elegant', CURRENT_TIMESTAMP, CURRENT_TIMESTAMP);
INSERT INTO "permissions" ("id", "name", "module", "created_at", "updated_at") VALUES ('0f3874ed-17d8-46d7-94bb-94a1dae61945', 'Crafted Sturdy', 'Contemporary', CURRENT_TIMESTAMP, CURRENT_TIMESTAMP);
INSERT INTO "permissions" ("id", "name", "module", "created_at", "updated_at") VALUES ('6a94de18-8cec-44d5-b884-08dbfc552f7b', 'Classic Elegant', 'Luxury', CURRENT_TIMESTAMP, CURRENT_TIMESTAMP);
INSERT INTO "permissions" ("id", "name", "module", "created_at", "updated_at") VALUES ('7c0b19ad-5e7b-496e-b349-2314cb7d3ef3', 'Classic Sturdy', 'Experience', CURRENT_TIMESTAMP, CURRENT_TIMESTAMP);
INSERT INTO "permissions" ("id", "name", "module", "created_at", "updated_at") VALUES ('39fd40d6-a098-4f07-8653-a913a14d58f2', 'Vintage Minimalist', 'Vintage', CURRENT_TIMESTAMP, CURRENT_TIMESTAMP);
INSERT INTO "permissions" ("id", "name", "module", "created_at", "updated_at") VALUES ('b080216b-6eee-4314-bd72-be85f19cc8b2', 'Sturdy Luxury', 'Cozy', CURRENT_TIMESTAMP, CURRENT_TIMESTAMP);
INSERT INTO "permissions" ("id", "name", "module", "created_at", "updated_at") VALUES ('5d8b2974-e452-430f-bcda-ff9c1b138cab', 'Premium Cozy', 'Classic', CURRENT_TIMESTAMP, CURRENT_TIMESTAMP);
INSERT INTO "permissions" ("id", "name", "module", "created_at", "updated_at") VALUES ('3ac38606-0ee5-49ce-9460-7f58d4de7409', 'Sturdy Cozy', 'Cozy', CURRENT_TIMESTAMP, CURRENT_TIMESTAMP);
INSERT INTO "permissions" ("id", "name", "module", "created_at", "updated_at") VALUES ('96881ae8-8a9e-4602-8d8a-5388a1078cf5', 'Cozy Sturdy', 'Vintage', CURRENT_TIMESTAMP, CURRENT_TIMESTAMP);
INSERT INTO "permissions" ("id", "name", "module", "created_at", "updated_at") VALUES ('0198d71d-6671-4d1f-9052-147f7f6b2802', 'Elegant Comfortable', 'Sleek', CURRENT_TIMESTAMP, CURRENT_TIMESTAMP);
INSERT INTO "permissions" ("id", "name", "module", "created_at", "updated_at") VALUES ('bd344d00-c988-483e-9bbe-0029e4a2ad21', 'Elegant Comfortable', 'Luxury', CURRENT_TIMESTAMP, CURRENT_TIMESTAMP);
INSERT INTO "permissions" ("id", "name", "module", "created_at", "updated_at") VALUES ('1d20a5c8-5404-4c02-bf2d-06758b8d785d', 'Classic Sleek', 'Rustic', CURRENT_TIMESTAMP, CURRENT_TIMESTAMP);
INSERT INTO "permissions" ("id", "name", "module", "created_at", "updated_at") VALUES ('ea5ec619-477e-4475-8343-031b3025cd28', 'Minimalist Premium', 'Rustic', CURRENT_TIMESTAMP, CURRENT_TIMESTAMP);
INSERT INTO "permissions" ("id", "name", "module", "created_at", "updated_at") VALUES ('d4f935cd-eb04-47cb-9c54-3a72707a6872', 'Classic Minimalist', 'Minimalist', CURRENT_TIMESTAMP, CURRENT_TIMESTAMP);
INSERT INTO "permissions" ("id", "name", "module", "created_at", "updated_at") VALUES ('3b925c6e-7534-4758-ba6d-7ce5828d3155', 'Comfortable Stylish', 'Chic', CURRENT_TIMESTAMP, CURRENT_TIMESTAMP);
INSERT INTO "permissions" ("id", "name", "module", "created_at", "updated_at") VALUES ('3acb46cf-af90-491f-937d-5030fef91e8c', 'Sturdy Chic', 'Comfortable', CURRENT_TIMESTAMP, CURRENT_TIMESTAMP);
INSERT INTO "permissions" ("id", "name", "module", "created_at", "updated_at") VALUES ('4f73ddbd-8a43-43cd-a0eb-eb06180a4fbd', 'Premium Minimalist', 'Crafted', CURRENT_TIMESTAMP, CURRENT_TIMESTAMP);
INSERT INTO "permissions" ("id", "name", "module", "created_at", "updated_at") VALUES ('92e40bc4-8115-4d36-a5a6-750c0a39aef2', 'Sturdy Sleek', 'Vintage', CURRENT_TIMESTAMP, CURRENT_TIMESTAMP);
INSERT INTO "permissions" ("id", "name", "module", "created_at", "updated_at") VALUES ('bb2d7a94-69de-4a1e-9dbc-042a79fbd0b6', 'Luxury Cozy', 'Experience', CURRENT_TIMESTAMP, CURRENT_TIMESTAMP);
INSERT INTO "permissions" ("id", "name", "module", "created_at", "updated_at") VALUES ('ddac5c29-5580-437b-9659-3f025d6502db', 'Minimalist Stylish', 'Rustic', CURRENT_TIMESTAMP, CURRENT_TIMESTAMP);

-- Table: users
INSERT INTO "users" ("id", "full_name", "email", "password_hash", "phone", "role_id", "is_verified", "is_active", "deleted_at", "created_at", "updated_at") VALUES ('9ae81e5c-d32c-4639-a604-43c4d56ec334', 'Admin', 'admin@gmail.com', '12345678', '1234567891', 'd22fef88-85a6-4a3c-9fa8-333fef14bbe2', true, true, CURRENT_TIMESTAMP, CURRENT_TIMESTAMP, CURRENT_TIMESTAMP);
INSERT INTO "users" ("id", "full_name", "email", "password_hash", "phone", "role_id", "is_verified", "is_active", "deleted_at", "created_at", "updated_at") VALUES ('9ae81e5c-d32c-4639-a604-43c4d56ec22b', 'Rustic Minimalist', 'Cozy', '$2y$10$abcdefghijklmnopqrstuv', '555-811-6834', 'd22fef88-85a6-4a3c-9fa8-333fef14bbe2', false, false, CURRENT_TIMESTAMP, CURRENT_TIMESTAMP, CURRENT_TIMESTAMP);
INSERT INTO "users" ("id", "full_name", "email", "password_hash", "phone", "role_id", "is_verified", "is_active", "deleted_at", "created_at", "updated_at") VALUES ('001c3674-42ad-4302-823a-5460b3c73561', 'Minimalist Vintage', 'Vintage', '$2y$10$abcdefghijklmnopqrstuv', '555-716-9457', '31e9698b-2740-4d07-a327-9aab76e7f36a', false, true, CURRENT_TIMESTAMP, CURRENT_TIMESTAMP, CURRENT_TIMESTAMP);
INSERT INTO "users" ("id", "full_name", "email", "password_hash", "phone", "role_id", "is_verified", "is_active", "deleted_at", "created_at", "updated_at") VALUES ('10e2758c-da11-4d44-a04f-79790473caf7', 'Vintage Sturdy', 'Sleek', '$2y$10$abcdefghijklmnopqrstuv', '555-667-1812', '4442a985-a764-40b1-8d15-a8e6b7d45675', true, true, CURRENT_TIMESTAMP, CURRENT_TIMESTAMP, CURRENT_TIMESTAMP);
INSERT INTO "users" ("id", "full_name", "email", "password_hash", "phone", "role_id", "is_verified", "is_active", "deleted_at", "created_at", "updated_at") VALUES ('d8bb713c-3500-413d-955b-70438f087fc4', 'Experience Minimalist', 'Premium', '$2y$10$abcdefghijklmnopqrstuv', '555-688-5216', '9f8edc1a-c3ff-4745-b2fa-7f47d1266956', true, false, CURRENT_TIMESTAMP, CURRENT_TIMESTAMP, CURRENT_TIMESTAMP);
INSERT INTO "users" ("id", "full_name", "email", "password_hash", "phone", "role_id", "is_verified", "is_active", "deleted_at", "created_at", "updated_at") VALUES ('8b20826e-a028-4279-81ba-c3d13c293b97', 'Rustic Vintage', 'Elegant', '$2y$10$abcdefghijklmnopqrstuv', '555-505-9285', 'e65a3715-987e-4860-9fac-1d1372f7a0d7', false, false, CURRENT_TIMESTAMP, CURRENT_TIMESTAMP, CURRENT_TIMESTAMP);
INSERT INTO "users" ("id", "full_name", "email", "password_hash", "phone", "role_id", "is_verified", "is_active", "deleted_at", "created_at", "updated_at") VALUES ('aff9b5e9-0248-4bd8-a7d5-d33b89f7d6d0', 'Luxury Minimalist', 'Crafted', '$2y$10$abcdefghijklmnopqrstuv', '555-786-9849', 'eaf41e37-e02c-4150-b2be-5e609cace212', false, true, CURRENT_TIMESTAMP, CURRENT_TIMESTAMP, CURRENT_TIMESTAMP);
INSERT INTO "users" ("id", "full_name", "email", "password_hash", "phone", "role_id", "is_verified", "is_active", "deleted_at", "created_at", "updated_at") VALUES ('e915247c-2d7e-4732-94bb-060ac71536a1', 'Experience Comfortable', 'Sleek', '$2y$10$abcdefghijklmnopqrstuv', '555-220-6395', 'a4d3f215-a670-4456-8a71-a73e9b269f6e', true, false, CURRENT_TIMESTAMP, CURRENT_TIMESTAMP, CURRENT_TIMESTAMP);
INSERT INTO "users" ("id", "full_name", "email", "password_hash", "phone", "role_id", "is_verified", "is_active", "deleted_at", "created_at", "updated_at") VALUES ('05810ffd-fa02-4052-9232-5342d3ac72a1', 'Vintage Contemporary', 'Chic', '$2y$10$abcdefghijklmnopqrstuv', '555-312-8484', 'df97be9f-aff6-45cc-8f4b-05fe493a21a5', false, true, CURRENT_TIMESTAMP, CURRENT_TIMESTAMP, CURRENT_TIMESTAMP);
INSERT INTO "users" ("id", "full_name", "email", "password_hash", "phone", "role_id", "is_verified", "is_active", "deleted_at", "created_at", "updated_at") VALUES ('bf859116-607a-4d6e-a3fe-09a25c1f5571', 'Luxury Classic', 'Contemporary', '$2y$10$abcdefghijklmnopqrstuv', '555-489-7155', 'df179d6d-8104-423d-8d24-0e929af5db6a', false, true, CURRENT_TIMESTAMP, CURRENT_TIMESTAMP, CURRENT_TIMESTAMP);
INSERT INTO "users" ("id", "full_name", "email", "password_hash", "phone", "role_id", "is_verified", "is_active", "deleted_at", "created_at", "updated_at") VALUES ('c283ec78-28a6-4d27-a7b1-a80f2ce4d726', 'Premium Rustic', 'Luxury', '$2y$10$abcdefghijklmnopqrstuv', '555-173-1182', 'e48764c8-7432-48a2-a6e6-9df52668d595', true, true, CURRENT_TIMESTAMP, CURRENT_TIMESTAMP, CURRENT_TIMESTAMP);
INSERT INTO "users" ("id", "full_name", "email", "password_hash", "phone", "role_id", "is_verified", "is_active", "deleted_at", "created_at", "updated_at") VALUES ('c5e6085d-7bf0-4793-b818-29fdbdd69ba0', 'Elegant Elegant', 'Experience', '$2y$10$abcdefghijklmnopqrstuv', '555-317-8294', '72f8322f-d419-4226-9b28-64249435bfaf', false, true, CURRENT_TIMESTAMP, CURRENT_TIMESTAMP, CURRENT_TIMESTAMP);
INSERT INTO "users" ("id", "full_name", "email", "password_hash", "phone", "role_id", "is_verified", "is_active", "deleted_at", "created_at", "updated_at") VALUES ('afe1267f-e8fb-4492-b61f-d317600ae9c2', 'Chic Sturdy', 'Contemporary', '$2y$10$abcdefghijklmnopqrstuv', '555-794-9020', 'bc929e22-58a4-4165-b6d4-4215663f5b99', true, true, CURRENT_TIMESTAMP, CURRENT_TIMESTAMP, CURRENT_TIMESTAMP);
INSERT INTO "users" ("id", "full_name", "email", "password_hash", "phone", "role_id", "is_verified", "is_active", "deleted_at", "created_at", "updated_at") VALUES ('b5c57f27-82cc-4f41-8df3-c294ab6fe2c1', 'Minimalist Minimalist', 'Elegant', '$2y$10$abcdefghijklmnopqrstuv', '555-418-3315', 'df97be9f-aff6-45cc-8f4b-05fe493a21a5', true, false, CURRENT_TIMESTAMP, CURRENT_TIMESTAMP, CURRENT_TIMESTAMP);
INSERT INTO "users" ("id", "full_name", "email", "password_hash", "phone", "role_id", "is_verified", "is_active", "deleted_at", "created_at", "updated_at") VALUES ('1176ee68-cb99-4d88-bbd9-7ef9583be241', 'Sleek Vintage', 'Classic', '$2y$10$abcdefghijklmnopqrstuv', '555-755-4221', '4072d263-23c4-47b4-83cc-ee4373243826', true, false, CURRENT_TIMESTAMP, CURRENT_TIMESTAMP, CURRENT_TIMESTAMP);
INSERT INTO "users" ("id", "full_name", "email", "password_hash", "phone", "role_id", "is_verified", "is_active", "deleted_at", "created_at", "updated_at") VALUES ('fac6dbc3-d74a-41c9-8378-fcedc4f64f1d', 'Cozy Cozy', 'Rustic', '$2y$10$abcdefghijklmnopqrstuv', '555-252-4917', 'a4d3f215-a670-4456-8a71-a73e9b269f6e', true, false, CURRENT_TIMESTAMP, CURRENT_TIMESTAMP, CURRENT_TIMESTAMP);
INSERT INTO "users" ("id", "full_name", "email", "password_hash", "phone", "role_id", "is_verified", "is_active", "deleted_at", "created_at", "updated_at") VALUES ('642fe8f8-48c6-4277-9da9-0be891d27df9', 'Crafted Rustic', 'Vintage', '$2y$10$abcdefghijklmnopqrstuv', '555-695-1543', 'd3fe3da8-c4b6-4332-910e-5342f2260ca5', false, false, CURRENT_TIMESTAMP, CURRENT_TIMESTAMP, CURRENT_TIMESTAMP);
INSERT INTO "users" ("id", "full_name", "email", "password_hash", "phone", "role_id", "is_verified", "is_active", "deleted_at", "created_at", "updated_at") VALUES ('bfe2fcc3-b0cf-4eee-bd71-8e42c8158c04', 'Luxury Crafted', 'Experience', '$2y$10$abcdefghijklmnopqrstuv', '555-524-1972', 'a7e53298-2233-4070-a071-750b868b1617', true, true, CURRENT_TIMESTAMP, CURRENT_TIMESTAMP, CURRENT_TIMESTAMP);
INSERT INTO "users" ("id", "full_name", "email", "password_hash", "phone", "role_id", "is_verified", "is_active", "deleted_at", "created_at", "updated_at") VALUES ('92c3a7f8-163a-41ab-bac4-6d501221fcb6', 'Elegant Comfortable', 'Minimalist', '$2y$10$abcdefghijklmnopqrstuv', '555-109-1670', '95a93499-a158-4a8c-8561-b8dde0681ff3', false, false, CURRENT_TIMESTAMP, CURRENT_TIMESTAMP, CURRENT_TIMESTAMP);
INSERT INTO "users" ("id", "full_name", "email", "password_hash", "phone", "role_id", "is_verified", "is_active", "deleted_at", "created_at", "updated_at") VALUES ('90a0cd6f-a791-4bad-b956-0c5b7a7e45ae', 'Sturdy Comfortable', 'Cozy', '$2y$10$abcdefghijklmnopqrstuv', '555-647-8180', 'd22fef88-85a6-4a3c-9fa8-333fef14bbe2', false, false, CURRENT_TIMESTAMP, CURRENT_TIMESTAMP, CURRENT_TIMESTAMP);
INSERT INTO "users" ("id", "full_name", "email", "password_hash", "phone", "role_id", "is_verified", "is_active", "deleted_at", "created_at", "updated_at") VALUES ('1c3f0343-c8a7-4a94-932a-c35989eb659b', 'Stylish Cozy', 'Vintage', '$2y$10$abcdefghijklmnopqrstuv', '555-809-5955', 'e65a3715-987e-4860-9fac-1d1372f7a0d7', false, false, CURRENT_TIMESTAMP, CURRENT_TIMESTAMP, CURRENT_TIMESTAMP);
INSERT INTO "users" ("id", "full_name", "email", "password_hash", "phone", "role_id", "is_verified", "is_active", "deleted_at", "created_at", "updated_at") VALUES ('213eb748-1897-45db-9e52-c8698003e2e3', 'Cozy Experience', 'Vintage', '$2y$10$abcdefghijklmnopqrstuv', '555-816-4674', 'bc929e22-58a4-4165-b6d4-4215663f5b99', true, false, CURRENT_TIMESTAMP, CURRENT_TIMESTAMP, CURRENT_TIMESTAMP);
INSERT INTO "users" ("id", "full_name", "email", "password_hash", "phone", "role_id", "is_verified", "is_active", "deleted_at", "created_at", "updated_at") VALUES ('7c6256fb-9390-4fba-9284-96ff616917b9', 'Comfortable Crafted', 'Minimalist', '$2y$10$abcdefghijklmnopqrstuv', '555-234-3877', 'a7e53298-2233-4070-a071-750b868b1617', true, false, CURRENT_TIMESTAMP, CURRENT_TIMESTAMP, CURRENT_TIMESTAMP);
INSERT INTO "users" ("id", "full_name", "email", "password_hash", "phone", "role_id", "is_verified", "is_active", "deleted_at", "created_at", "updated_at") VALUES ('13d888f8-06cd-4c6e-9bf8-fab80aab765d', 'Sleek Crafted', 'Sturdy', '$2y$10$abcdefghijklmnopqrstuv', '555-645-4728', '43afbeac-01b6-4a1e-af56-0e1a54cafdd9', false, false, CURRENT_TIMESTAMP, CURRENT_TIMESTAMP, CURRENT_TIMESTAMP);
INSERT INTO "users" ("id", "full_name", "email", "password_hash", "phone", "role_id", "is_verified", "is_active", "deleted_at", "created_at", "updated_at") VALUES ('98900323-fffd-42e6-80fd-c6ec634e46c0', 'Crafted Modern', 'Cozy', '$2y$10$abcdefghijklmnopqrstuv', '555-707-9149', '72f8322f-d419-4226-9b28-64249435bfaf', true, false, CURRENT_TIMESTAMP, CURRENT_TIMESTAMP, CURRENT_TIMESTAMP);
INSERT INTO "users" ("id", "full_name", "email", "password_hash", "phone", "role_id", "is_verified", "is_active", "deleted_at", "created_at", "updated_at") VALUES ('98c500f3-b1ec-4a62-9146-b92bdf6e546b', 'Cozy Comfortable', 'Sleek', '$2y$10$abcdefghijklmnopqrstuv', '555-285-4303', 'd22fef88-85a6-4a3c-9fa8-333fef14bbe2', false, true, CURRENT_TIMESTAMP, CURRENT_TIMESTAMP, CURRENT_TIMESTAMP);

-- Table: role_permissions
INSERT INTO "role_permissions" ("role_id", "permission_id") VALUES ('55e52dfe-65ab-43d2-b388-a075cd8665b1', '55e52dfe-65ab-43d2-b388-a075cd8665b1');
INSERT INTO "role_permissions" ("role_id", "permission_id") VALUES ('068c1b4d-f7be-44e0-a29c-a8e533937e7f', '068c1b4d-f7be-44e0-a29c-a8e533937e7f');
INSERT INTO "role_permissions" ("role_id", "permission_id") VALUES ('042873f2-c60e-4741-a039-a22a3a04a4ea', '042873f2-c60e-4741-a039-a22a3a04a4ea');
INSERT INTO "role_permissions" ("role_id", "permission_id") VALUES ('493747f0-a196-4cb4-a38f-66920162c2a4', '493747f0-a196-4cb4-a38f-66920162c2a4');
INSERT INTO "role_permissions" ("role_id", "permission_id") VALUES ('f3e624ac-11e1-4a52-8676-3bce59dccfeb', 'f3e624ac-11e1-4a52-8676-3bce59dccfeb');
INSERT INTO "role_permissions" ("role_id", "permission_id") VALUES ('f941a1cc-52aa-498f-bf9b-63d5e6efccce', 'f941a1cc-52aa-498f-bf9b-63d5e6efccce');
INSERT INTO "role_permissions" ("role_id", "permission_id") VALUES ('b3d0452b-b45a-46d7-a04d-bb8895343509', 'b3d0452b-b45a-46d7-a04d-bb8895343509');
INSERT INTO "role_permissions" ("role_id", "permission_id") VALUES ('cbec92e5-aef3-4422-a71f-fd8ecd5394d2', 'cbec92e5-aef3-4422-a71f-fd8ecd5394d2');
INSERT INTO "role_permissions" ("role_id", "permission_id") VALUES ('1465ae45-7158-4a3d-983d-694e2a1dde02', '1465ae45-7158-4a3d-983d-694e2a1dde02');
INSERT INTO "role_permissions" ("role_id", "permission_id") VALUES ('395b3c3c-1429-4098-84e9-868b88ce2a26', '395b3c3c-1429-4098-84e9-868b88ce2a26');
INSERT INTO "role_permissions" ("role_id", "permission_id") VALUES ('43d96fb2-3d59-4d9c-8cf2-7922827e7e54', '43d96fb2-3d59-4d9c-8cf2-7922827e7e54');
INSERT INTO "role_permissions" ("role_id", "permission_id") VALUES ('89b2f3d7-7c40-4130-9d5e-16870a758787', '89b2f3d7-7c40-4130-9d5e-16870a758787');
INSERT INTO "role_permissions" ("role_id", "permission_id") VALUES ('15d4dba8-dcf0-462b-a769-5aab0ceabb38', '15d4dba8-dcf0-462b-a769-5aab0ceabb38');
INSERT INTO "role_permissions" ("role_id", "permission_id") VALUES ('23e21a26-85d6-4882-bb64-8387669beb7c', '23e21a26-85d6-4882-bb64-8387669beb7c');
INSERT INTO "role_permissions" ("role_id", "permission_id") VALUES ('db7f1b3e-e990-4c54-b772-288af155b576', 'db7f1b3e-e990-4c54-b772-288af155b576');
INSERT INTO "role_permissions" ("role_id", "permission_id") VALUES ('5e37b690-c44f-48ee-b878-642ba76ada9c', '5e37b690-c44f-48ee-b878-642ba76ada9c');
INSERT INTO "role_permissions" ("role_id", "permission_id") VALUES ('2af453ff-f715-41f0-b327-2b66451a5aad', '2af453ff-f715-41f0-b327-2b66451a5aad');
INSERT INTO "role_permissions" ("role_id", "permission_id") VALUES ('9b48a349-c59f-4615-b948-781416de18ca', '9b48a349-c59f-4615-b948-781416de18ca');
INSERT INTO "role_permissions" ("role_id", "permission_id") VALUES ('5584dee1-62f8-4a0d-a799-5328f530ea58', '5584dee1-62f8-4a0d-a799-5328f530ea58');
INSERT INTO "role_permissions" ("role_id", "permission_id") VALUES ('9ad5182d-2356-4198-bb90-96f8f60ae365', '9ad5182d-2356-4198-bb90-96f8f60ae365');
INSERT INTO "role_permissions" ("role_id", "permission_id") VALUES ('cde04737-e571-40cc-a658-c4e5d4b4031b', 'cde04737-e571-40cc-a658-c4e5d4b4031b');
INSERT INTO "role_permissions" ("role_id", "permission_id") VALUES ('865b8175-a114-4cb0-8ed0-7312e6f888f3', '865b8175-a114-4cb0-8ed0-7312e6f888f3');
INSERT INTO "role_permissions" ("role_id", "permission_id") VALUES ('93b2b3cb-f4ce-460e-b83a-808b3bdc062b', '93b2b3cb-f4ce-460e-b83a-808b3bdc062b');
INSERT INTO "role_permissions" ("role_id", "permission_id") VALUES ('0033ae78-883e-45df-b4e7-68d546acabc0', '0033ae78-883e-45df-b4e7-68d546acabc0');
INSERT INTO "role_permissions" ("role_id", "permission_id") VALUES ('4e47f2ff-8133-4ff6-85b3-3109188f8b97', '4e47f2ff-8133-4ff6-85b3-3109188f8b97');

-- Table: user_addresses
INSERT INTO "user_addresses" ("id", "user_id", "address_line1", "city", "state", "pincode", "country", "is_default", "created_at", "updated_at") VALUES ('bd36788c-2070-4394-9d88-a02c2e78d816', '1176ee68-cb99-4d88-bbd9-7ef9583be241', '630 Cozy St.', 'New York', 'PA', 'CHIC_153', 'USA', false, CURRENT_TIMESTAMP, CURRENT_TIMESTAMP);
INSERT INTO "user_addresses" ("id", "user_id", "address_line1", "city", "state", "pincode", "country", "is_default", "created_at", "updated_at") VALUES ('641c8170-2dac-41b3-8281-2804cf33a3c5', 'c283ec78-28a6-4d27-a7b1-a80f2ce4d726', '516 Sleek St.', 'Houston', 'PA', 'STYLISH_839', 'USA', true, CURRENT_TIMESTAMP, CURRENT_TIMESTAMP);
INSERT INTO "user_addresses" ("id", "user_id", "address_line1", "city", "state", "pincode", "country", "is_default", "created_at", "updated_at") VALUES ('10aeb099-c0c4-4284-8f12-2d420f45937f', 'e915247c-2d7e-4732-94bb-060ac71536a1', '601 Minimalist St.', 'Columbus', 'NC', 'CLASSIC_812', 'USA', false, CURRENT_TIMESTAMP, CURRENT_TIMESTAMP);
INSERT INTO "user_addresses" ("id", "user_id", "address_line1", "city", "state", "pincode", "country", "is_default", "created_at", "updated_at") VALUES ('7511f9bb-74ba-4991-b047-a63c3b119c38', '9ae81e5c-d32c-4639-a604-43c4d56ec22b', '28 Vintage St.', 'Austin', 'OH', 'STURDY_588', 'USA', false, CURRENT_TIMESTAMP, CURRENT_TIMESTAMP);
INSERT INTO "user_addresses" ("id", "user_id", "address_line1", "city", "state", "pincode", "country", "is_default", "created_at", "updated_at") VALUES ('7344462f-ebef-46d5-855e-fd5e792d47bb', 'bf859116-607a-4d6e-a3fe-09a25c1f5571', '752 Contemporary St.', 'Houston', 'CA', 'LUXURY_886', 'USA', true, CURRENT_TIMESTAMP, CURRENT_TIMESTAMP);
INSERT INTO "user_addresses" ("id", "user_id", "address_line1", "city", "state", "pincode", "country", "is_default", "created_at", "updated_at") VALUES ('1a0ee61c-cb83-4685-9e64-4a87e5aaa48d', '98c500f3-b1ec-4a62-9146-b92bdf6e546b', '626 Elegant St.', 'Phoenix', 'IL', 'PREMIUM_52', 'USA', true, CURRENT_TIMESTAMP, CURRENT_TIMESTAMP);
INSERT INTO "user_addresses" ("id", "user_id", "address_line1", "city", "state", "pincode", "country", "is_default", "created_at", "updated_at") VALUES ('d6fe6844-ad3e-47ac-9ce4-07f42071bf18', 'bfe2fcc3-b0cf-4eee-bd71-8e42c8158c04', '16 Stylish St.', 'Jacksonville', 'OH', 'MINIMALIST_815', 'USA', false, CURRENT_TIMESTAMP, CURRENT_TIMESTAMP);
INSERT INTO "user_addresses" ("id", "user_id", "address_line1", "city", "state", "pincode", "country", "is_default", "created_at", "updated_at") VALUES ('67bff7d4-745e-4a4f-af90-2bc5c1dddba5', '001c3674-42ad-4302-823a-5460b3c73561', '638 Experience St.', 'Denver', 'NY', 'RUSTIC_577', 'USA', true, CURRENT_TIMESTAMP, CURRENT_TIMESTAMP);
INSERT INTO "user_addresses" ("id", "user_id", "address_line1", "city", "state", "pincode", "country", "is_default", "created_at", "updated_at") VALUES ('4b6a1977-cd61-4c7e-a501-059b860e753d', 'afe1267f-e8fb-4492-b61f-d317600ae9c2', '98 Crafted St.', 'Los Angeles', 'AZ', 'CLASSIC_39', 'USA', true, CURRENT_TIMESTAMP, CURRENT_TIMESTAMP);
INSERT INTO "user_addresses" ("id", "user_id", "address_line1", "city", "state", "pincode", "country", "is_default", "created_at", "updated_at") VALUES ('167d6329-4be8-4e68-ae5e-bf5fd89baf4a', 'fac6dbc3-d74a-41c9-8378-fcedc4f64f1d', '11 Vintage St.', 'Chicago', 'WA', 'COMFORTABLE_431', 'USA', true, CURRENT_TIMESTAMP, CURRENT_TIMESTAMP);
INSERT INTO "user_addresses" ("id", "user_id", "address_line1", "city", "state", "pincode", "country", "is_default", "created_at", "updated_at") VALUES ('70223dde-c4f9-4421-bffa-a25442079e55', '13d888f8-06cd-4c6e-9bf8-fab80aab765d', '280 Rustic St.', 'Denver', 'FL', 'CLASSIC_995', 'USA', false, CURRENT_TIMESTAMP, CURRENT_TIMESTAMP);
INSERT INTO "user_addresses" ("id", "user_id", "address_line1", "city", "state", "pincode", "country", "is_default", "created_at", "updated_at") VALUES ('8e88a147-1bcd-4a3c-8279-bb039ada8541', 'afe1267f-e8fb-4492-b61f-d317600ae9c2', '779 Sturdy St.', 'Jacksonville', 'CA', 'CRAFTED_257', 'USA', true, CURRENT_TIMESTAMP, CURRENT_TIMESTAMP);
INSERT INTO "user_addresses" ("id", "user_id", "address_line1", "city", "state", "pincode", "country", "is_default", "created_at", "updated_at") VALUES ('551daff8-329f-4abb-8aa6-1725d99f8b62', 'c5e6085d-7bf0-4793-b818-29fdbdd69ba0', '815 Chic St.', 'Charlotte', 'CO', 'COMFORTABLE_425', 'USA', false, CURRENT_TIMESTAMP, CURRENT_TIMESTAMP);
INSERT INTO "user_addresses" ("id", "user_id", "address_line1", "city", "state", "pincode", "country", "is_default", "created_at", "updated_at") VALUES ('e981388a-ce9f-409b-ad5a-a6ad09168b10', '98900323-fffd-42e6-80fd-c6ec634e46c0', '380 Rustic St.', 'Columbus', 'MI', 'STYLISH_659', 'USA', true, CURRENT_TIMESTAMP, CURRENT_TIMESTAMP);
INSERT INTO "user_addresses" ("id", "user_id", "address_line1", "city", "state", "pincode", "country", "is_default", "created_at", "updated_at") VALUES ('7a6c3ac0-9960-4b9e-bfd9-9443d578e8e3', '98900323-fffd-42e6-80fd-c6ec634e46c0', '436 Experience St.', 'Columbus', 'FL', 'STYLISH_783', 'USA', true, CURRENT_TIMESTAMP, CURRENT_TIMESTAMP);
INSERT INTO "user_addresses" ("id", "user_id", "address_line1", "city", "state", "pincode", "country", "is_default", "created_at", "updated_at") VALUES ('5b969a3b-4e15-4162-a6e4-4a7a74ec557e', 'c5e6085d-7bf0-4793-b818-29fdbdd69ba0', '50 Minimalist St.', 'Phoenix', 'PA', 'PREMIUM_356', 'USA', false, CURRENT_TIMESTAMP, CURRENT_TIMESTAMP);
INSERT INTO "user_addresses" ("id", "user_id", "address_line1", "city", "state", "pincode", "country", "is_default", "created_at", "updated_at") VALUES ('053dc33a-c806-4e3e-8cf3-d4f5c3c517bc', '98c500f3-b1ec-4a62-9146-b92bdf6e546b', '173 Elegant St.', 'Fort Worth', 'TX', 'COMFORTABLE_578', 'USA', true, CURRENT_TIMESTAMP, CURRENT_TIMESTAMP);
INSERT INTO "user_addresses" ("id", "user_id", "address_line1", "city", "state", "pincode", "country", "is_default", "created_at", "updated_at") VALUES ('9f43c644-0aaf-458e-807c-49a5dac98b76', 'c283ec78-28a6-4d27-a7b1-a80f2ce4d726', '739 Luxury St.', 'Philadelphia', 'MI', 'CHIC_218', 'USA', true, CURRENT_TIMESTAMP, CURRENT_TIMESTAMP);
INSERT INTO "user_addresses" ("id", "user_id", "address_line1", "city", "state", "pincode", "country", "is_default", "created_at", "updated_at") VALUES ('1bafe344-d8fb-469b-8d65-097ae0668611', '13d888f8-06cd-4c6e-9bf8-fab80aab765d', '354 Chic St.', 'San Antonio', 'PA', 'STURDY_398', 'USA', true, CURRENT_TIMESTAMP, CURRENT_TIMESTAMP);
INSERT INTO "user_addresses" ("id", "user_id", "address_line1", "city", "state", "pincode", "country", "is_default", "created_at", "updated_at") VALUES ('314267e3-b225-44fe-af48-a7b300b4c731', '001c3674-42ad-4302-823a-5460b3c73561', '553 Experience St.', 'Philadelphia', 'MI', 'CLASSIC_165', 'USA', false, CURRENT_TIMESTAMP, CURRENT_TIMESTAMP);
INSERT INTO "user_addresses" ("id", "user_id", "address_line1", "city", "state", "pincode", "country", "is_default", "created_at", "updated_at") VALUES ('30ba9b81-cf76-4436-8906-6c54fe4af55e', '213eb748-1897-45db-9e52-c8698003e2e3', '790 Rustic St.', 'Houston', 'FL', 'CONTEMPORARY_183', 'USA', false, CURRENT_TIMESTAMP, CURRENT_TIMESTAMP);
INSERT INTO "user_addresses" ("id", "user_id", "address_line1", "city", "state", "pincode", "country", "is_default", "created_at", "updated_at") VALUES ('b51b0f2d-e888-4aba-bc79-273a988c01ec', 'aff9b5e9-0248-4bd8-a7d5-d33b89f7d6d0', '897 Modern St.', 'Fort Worth', 'NC', 'CLASSIC_263', 'USA', true, CURRENT_TIMESTAMP, CURRENT_TIMESTAMP);
INSERT INTO "user_addresses" ("id", "user_id", "address_line1", "city", "state", "pincode", "country", "is_default", "created_at", "updated_at") VALUES ('921d81fb-d12b-41bf-947d-3cd1e18b78e2', '98c500f3-b1ec-4a62-9146-b92bdf6e546b', '336 Comfortable St.', 'Dallas', 'NC', 'RUSTIC_570', 'USA', false, CURRENT_TIMESTAMP, CURRENT_TIMESTAMP);
INSERT INTO "user_addresses" ("id", "user_id", "address_line1", "city", "state", "pincode", "country", "is_default", "created_at", "updated_at") VALUES ('3507850f-4e0c-4da4-9a4d-5933cc2f5f41', '90a0cd6f-a791-4bad-b956-0c5b7a7e45ae', '501 Crafted St.', 'Jacksonville', 'TX', 'CHIC_553', 'USA', false, CURRENT_TIMESTAMP, CURRENT_TIMESTAMP);
INSERT INTO "user_addresses" ("id", "user_id", "address_line1", "city", "state", "pincode", "country", "is_default", "created_at", "updated_at") VALUES ('7c958b8f-97f9-4513-a363-efe9d363efef', '9ae81e5c-d32c-4639-a604-43c4d56ec22b', '250 Premium St.', 'Columbus', 'FL', 'MINIMALIST_708', 'USA', true, CURRENT_TIMESTAMP, CURRENT_TIMESTAMP);

-- Table: password_resets
INSERT INTO "password_resets" ("id", "user_id", "token", "expires_at", "created_at") VALUES ('79427bd0-fad1-4f34-aed6-fa74950721ea', 'b5c57f27-82cc-4f41-8df3-c294ab6fe2c1', 'ELEGANT_222', CURRENT_TIMESTAMP, CURRENT_TIMESTAMP);
INSERT INTO "password_resets" ("id", "user_id", "token", "expires_at", "created_at") VALUES ('586b4bfe-b670-4a1a-8e70-286327bc5853', '1176ee68-cb99-4d88-bbd9-7ef9583be241', 'VINTAGE_695', CURRENT_TIMESTAMP, CURRENT_TIMESTAMP);
INSERT INTO "password_resets" ("id", "user_id", "token", "expires_at", "created_at") VALUES ('69c006ad-4272-4181-bfb2-59f1d39d4270', 'c5e6085d-7bf0-4793-b818-29fdbdd69ba0', 'MODERN_245', CURRENT_TIMESTAMP, CURRENT_TIMESTAMP);
INSERT INTO "password_resets" ("id", "user_id", "token", "expires_at", "created_at") VALUES ('f8a78126-2d92-43db-9f12-a4232f6399f1', '001c3674-42ad-4302-823a-5460b3c73561', 'CRAFTED_253', CURRENT_TIMESTAMP, CURRENT_TIMESTAMP);
INSERT INTO "password_resets" ("id", "user_id", "token", "expires_at", "created_at") VALUES ('92f8a998-98df-4a14-bfeb-20de16dbdb57', '1c3f0343-c8a7-4a94-932a-c35989eb659b', 'CONTEMPORARY_607', CURRENT_TIMESTAMP, CURRENT_TIMESTAMP);
INSERT INTO "password_resets" ("id", "user_id", "token", "expires_at", "created_at") VALUES ('052a4641-e3a2-44f2-8792-b7e7d88e6a16', '10e2758c-da11-4d44-a04f-79790473caf7', 'CHIC_483', CURRENT_TIMESTAMP, CURRENT_TIMESTAMP);
INSERT INTO "password_resets" ("id", "user_id", "token", "expires_at", "created_at") VALUES ('79ffd2e8-0e12-47b4-ac2a-149ac23f8d9d', '05810ffd-fa02-4052-9232-5342d3ac72a1', 'STURDY_393', CURRENT_TIMESTAMP, CURRENT_TIMESTAMP);
INSERT INTO "password_resets" ("id", "user_id", "token", "expires_at", "created_at") VALUES ('702d24a8-cb0b-4a81-b9a8-c797d32b4af0', 'fac6dbc3-d74a-41c9-8378-fcedc4f64f1d', 'CHIC_898', CURRENT_TIMESTAMP, CURRENT_TIMESTAMP);
INSERT INTO "password_resets" ("id", "user_id", "token", "expires_at", "created_at") VALUES ('abccc83b-76c0-4dfa-b104-a72462dab05d', '213eb748-1897-45db-9e52-c8698003e2e3', 'MODERN_911', CURRENT_TIMESTAMP, CURRENT_TIMESTAMP);
INSERT INTO "password_resets" ("id", "user_id", "token", "expires_at", "created_at") VALUES ('dab4e347-1147-49c7-be3d-dd5d0f1937b2', '001c3674-42ad-4302-823a-5460b3c73561', 'VINTAGE_675', CURRENT_TIMESTAMP, CURRENT_TIMESTAMP);
INSERT INTO "password_resets" ("id", "user_id", "token", "expires_at", "created_at") VALUES ('55bff54b-33f3-4c1c-9b8a-6cbd806ca71e', '98900323-fffd-42e6-80fd-c6ec634e46c0', 'RUSTIC_430', CURRENT_TIMESTAMP, CURRENT_TIMESTAMP);
INSERT INTO "password_resets" ("id", "user_id", "token", "expires_at", "created_at") VALUES ('2f86e9bc-bcdc-4ba2-a46e-4f8376b16876', '7c6256fb-9390-4fba-9284-96ff616917b9', 'STYLISH_499', CURRENT_TIMESTAMP, CURRENT_TIMESTAMP);
INSERT INTO "password_resets" ("id", "user_id", "token", "expires_at", "created_at") VALUES ('7515fe61-dc61-4224-8cc1-f75ab1e14fbe', 'fac6dbc3-d74a-41c9-8378-fcedc4f64f1d', 'ELEGANT_117', CURRENT_TIMESTAMP, CURRENT_TIMESTAMP);
INSERT INTO "password_resets" ("id", "user_id", "token", "expires_at", "created_at") VALUES ('601410ea-2d0c-407e-aa6b-f262fdcdc34d', '05810ffd-fa02-4052-9232-5342d3ac72a1', 'RUSTIC_561', CURRENT_TIMESTAMP, CURRENT_TIMESTAMP);
INSERT INTO "password_resets" ("id", "user_id", "token", "expires_at", "created_at") VALUES ('ef1fb235-0aa6-42f8-ba70-e4ca1b027443', '92c3a7f8-163a-41ab-bac4-6d501221fcb6', 'CHIC_977', CURRENT_TIMESTAMP, CURRENT_TIMESTAMP);
INSERT INTO "password_resets" ("id", "user_id", "token", "expires_at", "created_at") VALUES ('3417f6cc-6f99-426f-8a34-a099b83c5fe5', '90a0cd6f-a791-4bad-b956-0c5b7a7e45ae', 'VINTAGE_332', CURRENT_TIMESTAMP, CURRENT_TIMESTAMP);
INSERT INTO "password_resets" ("id", "user_id", "token", "expires_at", "created_at") VALUES ('9798c366-8bd0-4aa1-b2e5-5322c8d41617', 'bf859116-607a-4d6e-a3fe-09a25c1f5571', 'ELEGANT_21', CURRENT_TIMESTAMP, CURRENT_TIMESTAMP);
INSERT INTO "password_resets" ("id", "user_id", "token", "expires_at", "created_at") VALUES ('bf30c0ff-ecde-4d30-afc6-56c8f0f1131e', '10e2758c-da11-4d44-a04f-79790473caf7', 'CHIC_330', CURRENT_TIMESTAMP, CURRENT_TIMESTAMP);
INSERT INTO "password_resets" ("id", "user_id", "token", "expires_at", "created_at") VALUES ('ba9f2534-6c9a-4bf7-9e49-988448d6d50c', 'c283ec78-28a6-4d27-a7b1-a80f2ce4d726', 'CONTEMPORARY_155', CURRENT_TIMESTAMP, CURRENT_TIMESTAMP);
INSERT INTO "password_resets" ("id", "user_id", "token", "expires_at", "created_at") VALUES ('ff7b0838-6fdc-4744-a92c-d4d3ac807853', 'bfe2fcc3-b0cf-4eee-bd71-8e42c8158c04', 'STURDY_564', CURRENT_TIMESTAMP, CURRENT_TIMESTAMP);
INSERT INTO "password_resets" ("id", "user_id", "token", "expires_at", "created_at") VALUES ('d181b8be-19c2-40ae-91e2-35f67a5ce892', '13d888f8-06cd-4c6e-9bf8-fab80aab765d', 'CRAFTED_292', CURRENT_TIMESTAMP, CURRENT_TIMESTAMP);
INSERT INTO "password_resets" ("id", "user_id", "token", "expires_at", "created_at") VALUES ('0f995e04-6a9c-4b7e-901c-adb0a8d5d2df', '13d888f8-06cd-4c6e-9bf8-fab80aab765d', 'ELEGANT_653', CURRENT_TIMESTAMP, CURRENT_TIMESTAMP);
INSERT INTO "password_resets" ("id", "user_id", "token", "expires_at", "created_at") VALUES ('193f1640-1cb6-4c68-9e19-23d8c67e6ae3', '90a0cd6f-a791-4bad-b956-0c5b7a7e45ae', 'CRAFTED_601', CURRENT_TIMESTAMP, CURRENT_TIMESTAMP);
INSERT INTO "password_resets" ("id", "user_id", "token", "expires_at", "created_at") VALUES ('3a61fe57-4e5c-49e7-b9e0-cc971f07b3e8', '9ae81e5c-d32c-4639-a604-43c4d56ec22b', 'LUXURY_271', CURRENT_TIMESTAMP, CURRENT_TIMESTAMP);
INSERT INTO "password_resets" ("id", "user_id", "token", "expires_at", "created_at") VALUES ('24319412-3468-4b74-b489-733d1514a135', 'aff9b5e9-0248-4bd8-a7d5-d33b89f7d6d0', 'VINTAGE_908', CURRENT_TIMESTAMP, CURRENT_TIMESTAMP);

-- Table: refresh_tokens
INSERT INTO "refresh_tokens" ("id", "user_id", "token", "expires_at", "is_revoked", "created_at") VALUES ('e37ec391-61cf-47f4-9601-144fcb33678d', 'bfe2fcc3-b0cf-4eee-bd71-8e42c8158c04', 'PREMIUM_73', CURRENT_TIMESTAMP, false, CURRENT_TIMESTAMP);
INSERT INTO "refresh_tokens" ("id", "user_id", "token", "expires_at", "is_revoked", "created_at") VALUES ('5e3c774a-892f-47f5-b19c-fa4624b69e88', '05810ffd-fa02-4052-9232-5342d3ac72a1', 'PREMIUM_188', CURRENT_TIMESTAMP, true, CURRENT_TIMESTAMP);
INSERT INTO "refresh_tokens" ("id", "user_id", "token", "expires_at", "is_revoked", "created_at") VALUES ('66d462e6-7265-4b26-ba15-08f511fd9be5', '1176ee68-cb99-4d88-bbd9-7ef9583be241', 'CHIC_28', CURRENT_TIMESTAMP, false, CURRENT_TIMESTAMP);
INSERT INTO "refresh_tokens" ("id", "user_id", "token", "expires_at", "is_revoked", "created_at") VALUES ('11c9063d-c8d5-4a0b-ba7b-069160450888', '213eb748-1897-45db-9e52-c8698003e2e3', 'MINIMALIST_611', CURRENT_TIMESTAMP, true, CURRENT_TIMESTAMP);
INSERT INTO "refresh_tokens" ("id", "user_id", "token", "expires_at", "is_revoked", "created_at") VALUES ('95f527bc-5f92-44c7-9dcd-d7d563ec9788', '05810ffd-fa02-4052-9232-5342d3ac72a1', 'CONTEMPORARY_481', CURRENT_TIMESTAMP, false, CURRENT_TIMESTAMP);
INSERT INTO "refresh_tokens" ("id", "user_id", "token", "expires_at", "is_revoked", "created_at") VALUES ('bd0a785b-d0ef-4c00-9519-c64856f16b0a', '10e2758c-da11-4d44-a04f-79790473caf7', 'STYLISH_835', CURRENT_TIMESTAMP, false, CURRENT_TIMESTAMP);
INSERT INTO "refresh_tokens" ("id", "user_id", "token", "expires_at", "is_revoked", "created_at") VALUES ('bb121557-a93c-45d2-a7d4-33386da934bb', '9ae81e5c-d32c-4639-a604-43c4d56ec22b', 'COZY_716', CURRENT_TIMESTAMP, false, CURRENT_TIMESTAMP);
INSERT INTO "refresh_tokens" ("id", "user_id", "token", "expires_at", "is_revoked", "created_at") VALUES ('b0169921-5e51-46d4-938d-3230b026a218', 'e915247c-2d7e-4732-94bb-060ac71536a1', 'CONTEMPORARY_43', CURRENT_TIMESTAMP, true, CURRENT_TIMESTAMP);
INSERT INTO "refresh_tokens" ("id", "user_id", "token", "expires_at", "is_revoked", "created_at") VALUES ('a37c88ef-4137-4b38-956e-cd549bd39e84', '7c6256fb-9390-4fba-9284-96ff616917b9', 'VINTAGE_89', CURRENT_TIMESTAMP, true, CURRENT_TIMESTAMP);
INSERT INTO "refresh_tokens" ("id", "user_id", "token", "expires_at", "is_revoked", "created_at") VALUES ('7ca6414c-e116-49b2-bd0e-acc404da8ec9', '13d888f8-06cd-4c6e-9bf8-fab80aab765d', 'PREMIUM_283', CURRENT_TIMESTAMP, true, CURRENT_TIMESTAMP);
INSERT INTO "refresh_tokens" ("id", "user_id", "token", "expires_at", "is_revoked", "created_at") VALUES ('de7e4dea-1019-4db5-b825-6ef717a85501', '13d888f8-06cd-4c6e-9bf8-fab80aab765d', 'MODERN_499', CURRENT_TIMESTAMP, false, CURRENT_TIMESTAMP);
INSERT INTO "refresh_tokens" ("id", "user_id", "token", "expires_at", "is_revoked", "created_at") VALUES ('4af90172-9048-4aa9-8ce8-d3da4f7c64b5', 'bf859116-607a-4d6e-a3fe-09a25c1f5571', 'RUSTIC_550', CURRENT_TIMESTAMP, false, CURRENT_TIMESTAMP);
INSERT INTO "refresh_tokens" ("id", "user_id", "token", "expires_at", "is_revoked", "created_at") VALUES ('1aec8556-6e23-488d-9804-ee6db53c50d7', '1c3f0343-c8a7-4a94-932a-c35989eb659b', 'COMFORTABLE_645', CURRENT_TIMESTAMP, false, CURRENT_TIMESTAMP);
INSERT INTO "refresh_tokens" ("id", "user_id", "token", "expires_at", "is_revoked", "created_at") VALUES ('e5d38d1c-37ae-4513-b6ee-006c5b2b8961', '001c3674-42ad-4302-823a-5460b3c73561', 'CRAFTED_340', CURRENT_TIMESTAMP, false, CURRENT_TIMESTAMP);
INSERT INTO "refresh_tokens" ("id", "user_id", "token", "expires_at", "is_revoked", "created_at") VALUES ('647bc346-3b0e-4d41-90ee-8bd500de3e92', 'bfe2fcc3-b0cf-4eee-bd71-8e42c8158c04', 'STURDY_251', CURRENT_TIMESTAMP, false, CURRENT_TIMESTAMP);
INSERT INTO "refresh_tokens" ("id", "user_id", "token", "expires_at", "is_revoked", "created_at") VALUES ('2f4ef20d-fbd1-442d-8f7c-df2bcfab5a27', '10e2758c-da11-4d44-a04f-79790473caf7', 'CONTEMPORARY_656', CURRENT_TIMESTAMP, true, CURRENT_TIMESTAMP);
INSERT INTO "refresh_tokens" ("id", "user_id", "token", "expires_at", "is_revoked", "created_at") VALUES ('28be329c-6248-4792-bf95-8d5657e48dcb', '1176ee68-cb99-4d88-bbd9-7ef9583be241', 'COZY_899', CURRENT_TIMESTAMP, true, CURRENT_TIMESTAMP);
INSERT INTO "refresh_tokens" ("id", "user_id", "token", "expires_at", "is_revoked", "created_at") VALUES ('0ebcbd71-0c31-47ff-a5ff-dcb834c3bc35', '13d888f8-06cd-4c6e-9bf8-fab80aab765d', 'SLEEK_774', CURRENT_TIMESTAMP, true, CURRENT_TIMESTAMP);
INSERT INTO "refresh_tokens" ("id", "user_id", "token", "expires_at", "is_revoked", "created_at") VALUES ('7dd5abee-6394-4a5c-ba16-c4ed16cbe7dc', '7c6256fb-9390-4fba-9284-96ff616917b9', 'VINTAGE_599', CURRENT_TIMESTAMP, true, CURRENT_TIMESTAMP);
INSERT INTO "refresh_tokens" ("id", "user_id", "token", "expires_at", "is_revoked", "created_at") VALUES ('5b48b0cf-2464-413b-8039-a6619acf22bc', 'b5c57f27-82cc-4f41-8df3-c294ab6fe2c1', 'COMFORTABLE_988', CURRENT_TIMESTAMP, false, CURRENT_TIMESTAMP);
INSERT INTO "refresh_tokens" ("id", "user_id", "token", "expires_at", "is_revoked", "created_at") VALUES ('03e417b2-81f7-4a2f-a162-9df0e1fe67b6', '213eb748-1897-45db-9e52-c8698003e2e3', 'CRAFTED_533', CURRENT_TIMESTAMP, true, CURRENT_TIMESTAMP);
INSERT INTO "refresh_tokens" ("id", "user_id", "token", "expires_at", "is_revoked", "created_at") VALUES ('79b30450-561d-4a24-afa5-1b4f5f6e5714', '1176ee68-cb99-4d88-bbd9-7ef9583be241', 'SLEEK_817', CURRENT_TIMESTAMP, false, CURRENT_TIMESTAMP);
INSERT INTO "refresh_tokens" ("id", "user_id", "token", "expires_at", "is_revoked", "created_at") VALUES ('c98c8053-9070-44af-8d34-febc1646596e', '10e2758c-da11-4d44-a04f-79790473caf7', 'RUSTIC_213', CURRENT_TIMESTAMP, false, CURRENT_TIMESTAMP);
INSERT INTO "refresh_tokens" ("id", "user_id", "token", "expires_at", "is_revoked", "created_at") VALUES ('44d1bf52-9b20-4665-8ec9-ec211ecbbc54', 'fac6dbc3-d74a-41c9-8378-fcedc4f64f1d', 'PREMIUM_538', CURRENT_TIMESTAMP, true, CURRENT_TIMESTAMP);
INSERT INTO "refresh_tokens" ("id", "user_id", "token", "expires_at", "is_revoked", "created_at") VALUES ('bef9b899-03f8-4761-9620-0cf3870e6139', '13d888f8-06cd-4c6e-9bf8-fab80aab765d', 'CRAFTED_188', CURRENT_TIMESTAMP, false, CURRENT_TIMESTAMP);

-- Table: vendors
INSERT INTO "vendors" ("id", "user_id", "company_name", "gst_number", "is_approved", "created_at", "updated_at") VALUES ('5ad8954e-4945-4ccb-aa7d-aff5cf21fda4', '98900323-fffd-42e6-80fd-c6ec634e46c0', 'Cozy Stylish', 'Experience', false, CURRENT_TIMESTAMP, CURRENT_TIMESTAMP);
INSERT INTO "vendors" ("id", "user_id", "company_name", "gst_number", "is_approved", "created_at", "updated_at") VALUES ('469db3c7-e21e-40b8-bc62-1b57bf671200', '13d888f8-06cd-4c6e-9bf8-fab80aab765d', 'Modern Modern', 'Stylish', true, CURRENT_TIMESTAMP, CURRENT_TIMESTAMP);
INSERT INTO "vendors" ("id", "user_id", "company_name", "gst_number", "is_approved", "created_at", "updated_at") VALUES ('24767bf4-dd15-473b-8b02-51fe3d05df92', '10e2758c-da11-4d44-a04f-79790473caf7', 'Comfortable Classic', 'Contemporary', false, CURRENT_TIMESTAMP, CURRENT_TIMESTAMP);
INSERT INTO "vendors" ("id", "user_id", "company_name", "gst_number", "is_approved", "created_at", "updated_at") VALUES ('f29cbfcc-a1f9-40cd-8a34-47a5a1f1e678', 'bfe2fcc3-b0cf-4eee-bd71-8e42c8158c04', 'Experience Vintage', 'Luxury', false, CURRENT_TIMESTAMP, CURRENT_TIMESTAMP);
INSERT INTO "vendors" ("id", "user_id", "company_name", "gst_number", "is_approved", "created_at", "updated_at") VALUES ('2a90ef5a-285b-4ec7-aa2b-ed894a145d63', '98900323-fffd-42e6-80fd-c6ec634e46c0', 'Luxury Vintage', 'Classic', true, CURRENT_TIMESTAMP, CURRENT_TIMESTAMP);
INSERT INTO "vendors" ("id", "user_id", "company_name", "gst_number", "is_approved", "created_at", "updated_at") VALUES ('eac31f00-ba77-47ec-bc8f-6a6ca090908e', 'fac6dbc3-d74a-41c9-8378-fcedc4f64f1d', 'Minimalist Vintage', 'Comfortable', true, CURRENT_TIMESTAMP, CURRENT_TIMESTAMP);
INSERT INTO "vendors" ("id", "user_id", "company_name", "gst_number", "is_approved", "created_at", "updated_at") VALUES ('daaf441c-b106-4d05-aab6-4e6d676d6879', 'bfe2fcc3-b0cf-4eee-bd71-8e42c8158c04', 'Crafted Cozy', 'Rustic', false, CURRENT_TIMESTAMP, CURRENT_TIMESTAMP);
INSERT INTO "vendors" ("id", "user_id", "company_name", "gst_number", "is_approved", "created_at", "updated_at") VALUES ('02e4bd73-a413-4a6d-80c5-566632b6479e', '13d888f8-06cd-4c6e-9bf8-fab80aab765d', 'Sturdy Chic', 'Experience', true, CURRENT_TIMESTAMP, CURRENT_TIMESTAMP);
INSERT INTO "vendors" ("id", "user_id", "company_name", "gst_number", "is_approved", "created_at", "updated_at") VALUES ('e0a88689-4de7-454d-9dd4-de5db4a7232f', '7c6256fb-9390-4fba-9284-96ff616917b9', 'Vintage Luxury', 'Contemporary', false, CURRENT_TIMESTAMP, CURRENT_TIMESTAMP);
INSERT INTO "vendors" ("id", "user_id", "company_name", "gst_number", "is_approved", "created_at", "updated_at") VALUES ('e2f8b516-a0ea-46c1-8626-be4ab84f8c8d', 'afe1267f-e8fb-4492-b61f-d317600ae9c2', 'Modern Sturdy', 'Minimalist', false, CURRENT_TIMESTAMP, CURRENT_TIMESTAMP);
INSERT INTO "vendors" ("id", "user_id", "company_name", "gst_number", "is_approved", "created_at", "updated_at") VALUES ('90ce560d-a8e2-4f0f-98b8-d9479782bf86', '10e2758c-da11-4d44-a04f-79790473caf7', 'Stylish Stylish', 'Cozy', false, CURRENT_TIMESTAMP, CURRENT_TIMESTAMP);
INSERT INTO "vendors" ("id", "user_id", "company_name", "gst_number", "is_approved", "created_at", "updated_at") VALUES ('33114067-948c-4058-aaad-4e771e805f0b', 'c5e6085d-7bf0-4793-b818-29fdbdd69ba0', 'Chic Minimalist', 'Classic', false, CURRENT_TIMESTAMP, CURRENT_TIMESTAMP);
INSERT INTO "vendors" ("id", "user_id", "company_name", "gst_number", "is_approved", "created_at", "updated_at") VALUES ('99e885bb-f5b1-4a7c-8d07-ff4db0f86e31', 'd8bb713c-3500-413d-955b-70438f087fc4', 'Minimalist Crafted', 'Elegant', true, CURRENT_TIMESTAMP, CURRENT_TIMESTAMP);
INSERT INTO "vendors" ("id", "user_id", "company_name", "gst_number", "is_approved", "created_at", "updated_at") VALUES ('bb45c566-8c5b-4b7b-bb11-52e789c36e13', '8b20826e-a028-4279-81ba-c3d13c293b97', 'Elegant Crafted', 'Crafted', true, CURRENT_TIMESTAMP, CURRENT_TIMESTAMP);
INSERT INTO "vendors" ("id", "user_id", "company_name", "gst_number", "is_approved", "created_at", "updated_at") VALUES ('87b60ff0-ba1b-4acc-92ba-e4976118f614', 'd8bb713c-3500-413d-955b-70438f087fc4', 'Stylish Rustic', 'Modern', true, CURRENT_TIMESTAMP, CURRENT_TIMESTAMP);
INSERT INTO "vendors" ("id", "user_id", "company_name", "gst_number", "is_approved", "created_at", "updated_at") VALUES ('a545780a-f039-4aaa-9e3b-15b88f4b9c0e', '92c3a7f8-163a-41ab-bac4-6d501221fcb6', 'Stylish Contemporary', 'Elegant', false, CURRENT_TIMESTAMP, CURRENT_TIMESTAMP);
INSERT INTO "vendors" ("id", "user_id", "company_name", "gst_number", "is_approved", "created_at", "updated_at") VALUES ('38425e3c-b0bc-44d8-8923-1c236490824b', '1c3f0343-c8a7-4a94-932a-c35989eb659b', 'Sturdy Luxury', 'Classic', true, CURRENT_TIMESTAMP, CURRENT_TIMESTAMP);
INSERT INTO "vendors" ("id", "user_id", "company_name", "gst_number", "is_approved", "created_at", "updated_at") VALUES ('eb56ae39-bbb3-4cbf-b6b1-4ff4d287d7c0', '8b20826e-a028-4279-81ba-c3d13c293b97', 'Minimalist Crafted', 'Chic', false, CURRENT_TIMESTAMP, CURRENT_TIMESTAMP);
INSERT INTO "vendors" ("id", "user_id", "company_name", "gst_number", "is_approved", "created_at", "updated_at") VALUES ('97555f44-07d2-44bc-9cfa-6be079f7de83', 'e915247c-2d7e-4732-94bb-060ac71536a1', 'Premium Elegant', 'Sturdy', true, CURRENT_TIMESTAMP, CURRENT_TIMESTAMP);
INSERT INTO "vendors" ("id", "user_id", "company_name", "gst_number", "is_approved", "created_at", "updated_at") VALUES ('8b24a7ae-c52d-43ab-89d3-3b0ddcb9c121', '1176ee68-cb99-4d88-bbd9-7ef9583be241', 'Experience Crafted', 'Chic', false, CURRENT_TIMESTAMP, CURRENT_TIMESTAMP);
INSERT INTO "vendors" ("id", "user_id", "company_name", "gst_number", "is_approved", "created_at", "updated_at") VALUES ('73d45564-3648-4f59-a3aa-7ff0695efa42', '10e2758c-da11-4d44-a04f-79790473caf7', 'Chic Vintage', 'Luxury', false, CURRENT_TIMESTAMP, CURRENT_TIMESTAMP);
INSERT INTO "vendors" ("id", "user_id", "company_name", "gst_number", "is_approved", "created_at", "updated_at") VALUES ('cf9a8773-e616-499c-b32b-d01a0b06d84e', '98900323-fffd-42e6-80fd-c6ec634e46c0', 'Vintage Classic', 'Experience', false, CURRENT_TIMESTAMP, CURRENT_TIMESTAMP);
INSERT INTO "vendors" ("id", "user_id", "company_name", "gst_number", "is_approved", "created_at", "updated_at") VALUES ('e426184f-3c8d-4cfe-b8b2-8278f870d671', 'afe1267f-e8fb-4492-b61f-d317600ae9c2', 'Stylish Rustic', 'Cozy', false, CURRENT_TIMESTAMP, CURRENT_TIMESTAMP);
INSERT INTO "vendors" ("id", "user_id", "company_name", "gst_number", "is_approved", "created_at", "updated_at") VALUES ('31298ba9-deb0-4add-b3e3-162d5910b161', 'fac6dbc3-d74a-41c9-8378-fcedc4f64f1d', 'Cozy Chic', 'Stylish', false, CURRENT_TIMESTAMP, CURRENT_TIMESTAMP);
INSERT INTO "vendors" ("id", "user_id", "company_name", "gst_number", "is_approved", "created_at", "updated_at") VALUES ('4761e499-63cd-45dd-bf4b-b1da217fac77', 'b5c57f27-82cc-4f41-8df3-c294ab6fe2c1', 'Crafted Stylish', 'Vintage', false, CURRENT_TIMESTAMP, CURRENT_TIMESTAMP);

-- Table: designers
INSERT INTO "designers" ("id", "user_id", "bio", "experience_years", "rating", "created_at", "updated_at") VALUES ('09472b37-eff8-4bc6-ac64-ea218245aa9a', 'bf859116-607a-4d6e-a3fe-09a25c1f5571', 'Enhance your living space.', 72, 2.7, CURRENT_TIMESTAMP, CURRENT_TIMESTAMP);
INSERT INTO "designers" ("id", "user_id", "bio", "experience_years", "rating", "created_at", "updated_at") VALUES ('def849ea-8ef6-4e7f-8963-dfad2537a4b2', '7c6256fb-9390-4fba-9284-96ff616917b9', 'Designed with comfort and style.', 79, 4.6, CURRENT_TIMESTAMP, CURRENT_TIMESTAMP);
INSERT INTO "designers" ("id", "user_id", "bio", "experience_years", "rating", "created_at", "updated_at") VALUES ('113c9acd-abb1-4638-88d3-88ab5b6ff414', 'fac6dbc3-d74a-41c9-8378-fcedc4f64f1d', 'A perfect addition to your home.', 2, 4.5, CURRENT_TIMESTAMP, CURRENT_TIMESTAMP);
INSERT INTO "designers" ("id", "user_id", "bio", "experience_years", "rating", "created_at", "updated_at") VALUES ('6a9e4ab9-d6db-4e08-aca3-5ab00da74206', 'd8bb713c-3500-413d-955b-70438f087fc4', 'A timeless design.', 67, 1.2, CURRENT_TIMESTAMP, CURRENT_TIMESTAMP);
INSERT INTO "designers" ("id", "user_id", "bio", "experience_years", "rating", "created_at", "updated_at") VALUES ('4cf4840b-09e1-4d46-8180-95eb60b6392d', '1c3f0343-c8a7-4a94-932a-c35989eb659b', 'Built to last with premium materials.', 30, 1.6, CURRENT_TIMESTAMP, CURRENT_TIMESTAMP);
INSERT INTO "designers" ("id", "user_id", "bio", "experience_years", "rating", "created_at", "updated_at") VALUES ('b8645ed3-3dca-4215-a0c7-729dc3694b4f', 'e915247c-2d7e-4732-94bb-060ac71536a1', 'An extraordinary piece of furniture.', 28, 1.1, CURRENT_TIMESTAMP, CURRENT_TIMESTAMP);
INSERT INTO "designers" ("id", "user_id", "bio", "experience_years", "rating", "created_at", "updated_at") VALUES ('c67e96cc-53fb-4515-abde-c4d597f1165a', 'd8bb713c-3500-413d-955b-70438f087fc4', 'A timeless design.', 13, 4.1, CURRENT_TIMESTAMP, CURRENT_TIMESTAMP);
INSERT INTO "designers" ("id", "user_id", "bio", "experience_years", "rating", "created_at", "updated_at") VALUES ('dc8e486a-3645-42b7-8ccb-2a9a3f47b6ab', '98900323-fffd-42e6-80fd-c6ec634e46c0', 'Designed with comfort and style.', 74, 2.6, CURRENT_TIMESTAMP, CURRENT_TIMESTAMP);
INSERT INTO "designers" ("id", "user_id", "bio", "experience_years", "rating", "created_at", "updated_at") VALUES ('5d54b11a-519b-4ebd-9f33-fec6fef3e262', '05810ffd-fa02-4052-9232-5342d3ac72a1', 'Experience the ultimate relaxation.', 6, 3.6, CURRENT_TIMESTAMP, CURRENT_TIMESTAMP);
INSERT INTO "designers" ("id", "user_id", "bio", "experience_years", "rating", "created_at", "updated_at") VALUES ('7948731f-1d7d-48a0-9754-1c962ad241d9', '92c3a7f8-163a-41ab-bac4-6d501221fcb6', 'Built to last with premium materials.', 20, 4.3, CURRENT_TIMESTAMP, CURRENT_TIMESTAMP);
INSERT INTO "designers" ("id", "user_id", "bio", "experience_years", "rating", "created_at", "updated_at") VALUES ('4cd52636-981b-4e05-aed9-184993a8d859', 'd8bb713c-3500-413d-955b-70438f087fc4', 'Experience the ultimate relaxation.', 60, 4.0, CURRENT_TIMESTAMP, CURRENT_TIMESTAMP);
INSERT INTO "designers" ("id", "user_id", "bio", "experience_years", "rating", "created_at", "updated_at") VALUES ('7475e307-aed7-4186-b9ff-eae479009717', '98900323-fffd-42e6-80fd-c6ec634e46c0', 'An extraordinary piece of furniture.', 25, 1.4, CURRENT_TIMESTAMP, CURRENT_TIMESTAMP);
INSERT INTO "designers" ("id", "user_id", "bio", "experience_years", "rating", "created_at", "updated_at") VALUES ('4f431cc9-3263-4a0a-8583-375daa148ffb', 'e915247c-2d7e-4732-94bb-060ac71536a1', 'Experience the ultimate relaxation.', 79, 3.7, CURRENT_TIMESTAMP, CURRENT_TIMESTAMP);
INSERT INTO "designers" ("id", "user_id", "bio", "experience_years", "rating", "created_at", "updated_at") VALUES ('b7b5b0ea-c3e0-433c-90e7-b2baa81f6c33', '92c3a7f8-163a-41ab-bac4-6d501221fcb6', 'Experience the ultimate relaxation.', 54, 2.1, CURRENT_TIMESTAMP, CURRENT_TIMESTAMP);
INSERT INTO "designers" ("id", "user_id", "bio", "experience_years", "rating", "created_at", "updated_at") VALUES ('bc158f40-3c86-4ba4-a5ee-c7c5532c5fb9', '001c3674-42ad-4302-823a-5460b3c73561', 'Crafted with precision.', 75, 2.0, CURRENT_TIMESTAMP, CURRENT_TIMESTAMP);
INSERT INTO "designers" ("id", "user_id", "bio", "experience_years", "rating", "created_at", "updated_at") VALUES ('7d2e16c4-f265-4083-b7f6-a5af7dd04d20', '7c6256fb-9390-4fba-9284-96ff616917b9', 'Built to last with premium materials.', 74, 3.1, CURRENT_TIMESTAMP, CURRENT_TIMESTAMP);
INSERT INTO "designers" ("id", "user_id", "bio", "experience_years", "rating", "created_at", "updated_at") VALUES ('fb2cf450-a8c0-46aa-b5cf-02859adbfb4b', 'e915247c-2d7e-4732-94bb-060ac71536a1', 'Experience the ultimate relaxation.', 35, 1.8, CURRENT_TIMESTAMP, CURRENT_TIMESTAMP);
INSERT INTO "designers" ("id", "user_id", "bio", "experience_years", "rating", "created_at", "updated_at") VALUES ('17036abf-9bd3-42d0-a682-d8cfc74710d1', '8b20826e-a028-4279-81ba-c3d13c293b97', 'Crafted with precision.', 56, 1.0, CURRENT_TIMESTAMP, CURRENT_TIMESTAMP);
INSERT INTO "designers" ("id", "user_id", "bio", "experience_years", "rating", "created_at", "updated_at") VALUES ('40803f0e-b2c2-4c42-80bf-047ec0b6310c', '001c3674-42ad-4302-823a-5460b3c73561', 'Enhance your living space.', 53, 1.8, CURRENT_TIMESTAMP, CURRENT_TIMESTAMP);
INSERT INTO "designers" ("id", "user_id", "bio", "experience_years", "rating", "created_at", "updated_at") VALUES ('b1172e5b-844b-48cd-9d2c-f12d55c2fbd2', 'e915247c-2d7e-4732-94bb-060ac71536a1', 'Enhance your living space.', 89, 4.7, CURRENT_TIMESTAMP, CURRENT_TIMESTAMP);
INSERT INTO "designers" ("id", "user_id", "bio", "experience_years", "rating", "created_at", "updated_at") VALUES ('819ab0e0-68e7-4ba2-9e0e-053245871e9b', '05810ffd-fa02-4052-9232-5342d3ac72a1', 'A perfect addition to your home.', 65, 3.2, CURRENT_TIMESTAMP, CURRENT_TIMESTAMP);
INSERT INTO "designers" ("id", "user_id", "bio", "experience_years", "rating", "created_at", "updated_at") VALUES ('d62f2643-1e1d-4daf-8708-f44032052f44', '13d888f8-06cd-4c6e-9bf8-fab80aab765d', 'A perfect addition to your home.', 59, 2.0, CURRENT_TIMESTAMP, CURRENT_TIMESTAMP);
INSERT INTO "designers" ("id", "user_id", "bio", "experience_years", "rating", "created_at", "updated_at") VALUES ('d880563c-fa6f-40e5-a3c2-2f7e3029bc43', '10e2758c-da11-4d44-a04f-79790473caf7', 'Experience the ultimate relaxation.', 20, 3.3, CURRENT_TIMESTAMP, CURRENT_TIMESTAMP);
INSERT INTO "designers" ("id", "user_id", "bio", "experience_years", "rating", "created_at", "updated_at") VALUES ('0f872091-e37a-45dc-a99a-1bd69cca8d0c', '213eb748-1897-45db-9e52-c8698003e2e3', 'An extraordinary piece of furniture.', 84, 2.0, CURRENT_TIMESTAMP, CURRENT_TIMESTAMP);
INSERT INTO "designers" ("id", "user_id", "bio", "experience_years", "rating", "created_at", "updated_at") VALUES ('9f25c111-f74b-4df3-9e21-03686d7aa83f', '642fe8f8-48c6-4277-9da9-0be891d27df9', 'Built to last with premium materials.', 8, 4.9, CURRENT_TIMESTAMP, CURRENT_TIMESTAMP);

-- Table: categories
INSERT INTO "categories" ("id", "name", "parent_id", "created_at", "updated_at") VALUES ('b600c8e0-a1aa-4b2b-a5f9-8c502e32e375', 'Chic Rustic', 'b600c8e0-a1aa-4b2b-a5f9-8c502e32e375', CURRENT_TIMESTAMP, CURRENT_TIMESTAMP);
INSERT INTO "categories" ("id", "name", "parent_id", "created_at", "updated_at") VALUES ('c999c1a2-b1f4-4a8b-853d-3557efbbcde3', 'Chic Cozy', 'b600c8e0-a1aa-4b2b-a5f9-8c502e32e375', CURRENT_TIMESTAMP, CURRENT_TIMESTAMP);
INSERT INTO "categories" ("id", "name", "parent_id", "created_at", "updated_at") VALUES ('fd543462-1e5d-4285-866d-bcc7002ced92', 'Elegant Experience', 'c999c1a2-b1f4-4a8b-853d-3557efbbcde3', CURRENT_TIMESTAMP, CURRENT_TIMESTAMP);
INSERT INTO "categories" ("id", "name", "parent_id", "created_at", "updated_at") VALUES ('dba6a0c6-9d53-4528-ba71-fc87a206cad4', 'Modern Cozy', 'c999c1a2-b1f4-4a8b-853d-3557efbbcde3', CURRENT_TIMESTAMP, CURRENT_TIMESTAMP);
INSERT INTO "categories" ("id", "name", "parent_id", "created_at", "updated_at") VALUES ('dc56a2e4-84c3-4e82-a64b-f063ccc42cc6', 'Elegant Crafted', 'dba6a0c6-9d53-4528-ba71-fc87a206cad4', CURRENT_TIMESTAMP, CURRENT_TIMESTAMP);
INSERT INTO "categories" ("id", "name", "parent_id", "created_at", "updated_at") VALUES ('b7d35e0a-41c9-417a-baf0-4f69905f25ec', 'Chic Stylish', 'b7d35e0a-41c9-417a-baf0-4f69905f25ec', CURRENT_TIMESTAMP, CURRENT_TIMESTAMP);
INSERT INTO "categories" ("id", "name", "parent_id", "created_at", "updated_at") VALUES ('d1cbcebb-bf44-4845-9659-8ee3b11a7041', 'Sturdy Cozy', 'd1cbcebb-bf44-4845-9659-8ee3b11a7041', CURRENT_TIMESTAMP, CURRENT_TIMESTAMP);
INSERT INTO "categories" ("id", "name", "parent_id", "created_at", "updated_at") VALUES ('5686ed1e-fd4d-4773-9501-b77663b6a200', 'Premium Sleek', 'd1cbcebb-bf44-4845-9659-8ee3b11a7041', CURRENT_TIMESTAMP, CURRENT_TIMESTAMP);
INSERT INTO "categories" ("id", "name", "parent_id", "created_at", "updated_at") VALUES ('4cffd976-105f-4190-a288-cc39a3ef6788', 'Sleek Minimalist', 'b7d35e0a-41c9-417a-baf0-4f69905f25ec', CURRENT_TIMESTAMP, CURRENT_TIMESTAMP);
INSERT INTO "categories" ("id", "name", "parent_id", "created_at", "updated_at") VALUES ('40947b2b-6269-4e3b-aa57-e15258bff818', 'Crafted Contemporary', 'b7d35e0a-41c9-417a-baf0-4f69905f25ec', CURRENT_TIMESTAMP, CURRENT_TIMESTAMP);
INSERT INTO "categories" ("id", "name", "parent_id", "created_at", "updated_at") VALUES ('63ce82b7-013e-45e5-a848-ad27e19c6c05', 'Modern Comfortable', 'dc56a2e4-84c3-4e82-a64b-f063ccc42cc6', CURRENT_TIMESTAMP, CURRENT_TIMESTAMP);
INSERT INTO "categories" ("id", "name", "parent_id", "created_at", "updated_at") VALUES ('1991fcfe-98b9-49a1-a545-1c41fbb94c50', 'Experience Sleek', '40947b2b-6269-4e3b-aa57-e15258bff818', CURRENT_TIMESTAMP, CURRENT_TIMESTAMP);
INSERT INTO "categories" ("id", "name", "parent_id", "created_at", "updated_at") VALUES ('6f40cc9f-b714-43eb-90c8-00870eb13353', 'Chic Elegant', 'b7d35e0a-41c9-417a-baf0-4f69905f25ec', CURRENT_TIMESTAMP, CURRENT_TIMESTAMP);
INSERT INTO "categories" ("id", "name", "parent_id", "created_at", "updated_at") VALUES ('23b459c5-b6f9-4c9b-94c5-aff318ef78cd', 'Cozy Luxury', 'c999c1a2-b1f4-4a8b-853d-3557efbbcde3', CURRENT_TIMESTAMP, CURRENT_TIMESTAMP);
INSERT INTO "categories" ("id", "name", "parent_id", "created_at", "updated_at") VALUES ('7ebb89bc-81f3-426a-8845-b863a86dfd74', 'Chic Vintage', 'b7d35e0a-41c9-417a-baf0-4f69905f25ec', CURRENT_TIMESTAMP, CURRENT_TIMESTAMP);
INSERT INTO "categories" ("id", "name", "parent_id", "created_at", "updated_at") VALUES ('1b51efbb-e140-499c-ba06-1d7386f890ae', 'Sturdy Sturdy', 'b600c8e0-a1aa-4b2b-a5f9-8c502e32e375', CURRENT_TIMESTAMP, CURRENT_TIMESTAMP);
INSERT INTO "categories" ("id", "name", "parent_id", "created_at", "updated_at") VALUES ('574cc88d-d9de-45d3-a18f-f9709192d4da', 'Classic Chic', '7ebb89bc-81f3-426a-8845-b863a86dfd74', CURRENT_TIMESTAMP, CURRENT_TIMESTAMP);
INSERT INTO "categories" ("id", "name", "parent_id", "created_at", "updated_at") VALUES ('9230a0a1-fdbf-487c-95ea-3f0dc3c08c6b', 'Sturdy Minimalist', '7ebb89bc-81f3-426a-8845-b863a86dfd74', CURRENT_TIMESTAMP, CURRENT_TIMESTAMP);
INSERT INTO "categories" ("id", "name", "parent_id", "created_at", "updated_at") VALUES ('bbcee439-0d84-4744-a3c9-bb0a6cac907d', 'Experience Chic', 'bbcee439-0d84-4744-a3c9-bb0a6cac907d', CURRENT_TIMESTAMP, CURRENT_TIMESTAMP);
INSERT INTO "categories" ("id", "name", "parent_id", "created_at", "updated_at") VALUES ('212f4119-e1f3-4108-8c71-ca9d8e9d981f', 'Cozy Minimalist', 'bbcee439-0d84-4744-a3c9-bb0a6cac907d', CURRENT_TIMESTAMP, CURRENT_TIMESTAMP);
INSERT INTO "categories" ("id", "name", "parent_id", "created_at", "updated_at") VALUES ('a951808c-050d-47de-b585-54cee920f046', 'Stylish Experience', 'a951808c-050d-47de-b585-54cee920f046', CURRENT_TIMESTAMP, CURRENT_TIMESTAMP);
INSERT INTO "categories" ("id", "name", "parent_id", "created_at", "updated_at") VALUES ('6e865737-3f37-42c5-998d-0794163e6a0e', 'Minimalist Crafted', '4cffd976-105f-4190-a288-cc39a3ef6788', CURRENT_TIMESTAMP, CURRENT_TIMESTAMP);
INSERT INTO "categories" ("id", "name", "parent_id", "created_at", "updated_at") VALUES ('2a522666-8e9d-41f5-b3e2-9aea150bb21a', 'Sleek Minimalist', '9230a0a1-fdbf-487c-95ea-3f0dc3c08c6b', CURRENT_TIMESTAMP, CURRENT_TIMESTAMP);
INSERT INTO "categories" ("id", "name", "parent_id", "created_at", "updated_at") VALUES ('8382e8d4-9311-4080-b2d7-e71eb3725748', 'Sturdy Rustic', 'dc56a2e4-84c3-4e82-a64b-f063ccc42cc6', CURRENT_TIMESTAMP, CURRENT_TIMESTAMP);
INSERT INTO "categories" ("id", "name", "parent_id", "created_at", "updated_at") VALUES ('a4854597-65d3-44c2-a464-4bca784830b4', 'Stylish Cozy', '23b459c5-b6f9-4c9b-94c5-aff318ef78cd', CURRENT_TIMESTAMP, CURRENT_TIMESTAMP);

-- Table: materials
INSERT INTO "materials" ("id", "name", "price_multiplier", "stock_quantity", "created_at", "updated_at") VALUES ('0703a80e-fdbe-4e22-93e4-8513d68bf971', 'Vintage Modern', 127.47, 25, CURRENT_TIMESTAMP, CURRENT_TIMESTAMP);
INSERT INTO "materials" ("id", "name", "price_multiplier", "stock_quantity", "created_at", "updated_at") VALUES ('d5008572-84d2-4d7d-9773-90f660efde64', 'Elegant Rustic', 14.74, 22, CURRENT_TIMESTAMP, CURRENT_TIMESTAMP);
INSERT INTO "materials" ("id", "name", "price_multiplier", "stock_quantity", "created_at", "updated_at") VALUES ('d7f20be5-f693-4f63-9d9d-7c743ffb3a4c', 'Crafted Vintage', 71.94, 70, CURRENT_TIMESTAMP, CURRENT_TIMESTAMP);
INSERT INTO "materials" ("id", "name", "price_multiplier", "stock_quantity", "created_at", "updated_at") VALUES ('57a0fab7-77f1-4056-8e98-4364316ef718', 'Minimalist Elegant', 220.56, 51, CURRENT_TIMESTAMP, CURRENT_TIMESTAMP);
INSERT INTO "materials" ("id", "name", "price_multiplier", "stock_quantity", "created_at", "updated_at") VALUES ('7e4ed588-d977-4c8a-a739-46565f076b06', 'Minimalist Experience', 81.58, 88, CURRENT_TIMESTAMP, CURRENT_TIMESTAMP);
INSERT INTO "materials" ("id", "name", "price_multiplier", "stock_quantity", "created_at", "updated_at") VALUES ('7f0bdba6-0f53-4934-8fc8-b319be4fd593', 'Comfortable Modern', 343.69, 85, CURRENT_TIMESTAMP, CURRENT_TIMESTAMP);
INSERT INTO "materials" ("id", "name", "price_multiplier", "stock_quantity", "created_at", "updated_at") VALUES ('0334980b-5c11-4bb2-804d-e5b40818829d', 'Comfortable Modern', 341.47, 8, CURRENT_TIMESTAMP, CURRENT_TIMESTAMP);
INSERT INTO "materials" ("id", "name", "price_multiplier", "stock_quantity", "created_at", "updated_at") VALUES ('c19ff7a1-1708-4aef-bfea-6aea1aae5a7d', 'Luxury Rustic', 289.14, 96, CURRENT_TIMESTAMP, CURRENT_TIMESTAMP);
INSERT INTO "materials" ("id", "name", "price_multiplier", "stock_quantity", "created_at", "updated_at") VALUES ('bedcca84-922c-46e6-83c3-ed82d8f012fe', 'Modern Comfortable', 180.38, 46, CURRENT_TIMESTAMP, CURRENT_TIMESTAMP);
INSERT INTO "materials" ("id", "name", "price_multiplier", "stock_quantity", "created_at", "updated_at") VALUES ('1aa3dbd1-83e3-4882-8c6e-7cca890b303b', 'Sturdy Sturdy', 245.88, 85, CURRENT_TIMESTAMP, CURRENT_TIMESTAMP);
INSERT INTO "materials" ("id", "name", "price_multiplier", "stock_quantity", "created_at", "updated_at") VALUES ('da8c4dc0-9e26-419c-a71d-56149bb3fc07', 'Sturdy Elegant', 107.07, 8, CURRENT_TIMESTAMP, CURRENT_TIMESTAMP);
INSERT INTO "materials" ("id", "name", "price_multiplier", "stock_quantity", "created_at", "updated_at") VALUES ('91a2d548-20fb-47ee-aacc-27a44c698a83', 'Luxury Sturdy', 113.57, 81, CURRENT_TIMESTAMP, CURRENT_TIMESTAMP);
INSERT INTO "materials" ("id", "name", "price_multiplier", "stock_quantity", "created_at", "updated_at") VALUES ('2002f9aa-e7a2-471b-b1cb-904e87006a34', 'Experience Rustic', 95.35, 91, CURRENT_TIMESTAMP, CURRENT_TIMESTAMP);
INSERT INTO "materials" ("id", "name", "price_multiplier", "stock_quantity", "created_at", "updated_at") VALUES ('939a633b-a77e-4489-b1fd-bdc2311d8521', 'Elegant Sleek', 292.02, 62, CURRENT_TIMESTAMP, CURRENT_TIMESTAMP);
INSERT INTO "materials" ("id", "name", "price_multiplier", "stock_quantity", "created_at", "updated_at") VALUES ('c696f726-abfe-4015-add6-23a8b329debf', 'Sturdy Minimalist', 284.04, 89, CURRENT_TIMESTAMP, CURRENT_TIMESTAMP);
INSERT INTO "materials" ("id", "name", "price_multiplier", "stock_quantity", "created_at", "updated_at") VALUES ('4fe4b85a-158f-4638-b480-f1c3c19cc09f', 'Experience Cozy', 429.57, 77, CURRENT_TIMESTAMP, CURRENT_TIMESTAMP);
INSERT INTO "materials" ("id", "name", "price_multiplier", "stock_quantity", "created_at", "updated_at") VALUES ('ef2ba18c-55c6-45a3-a99d-4db49219baf9', 'Luxury Chic', 148.27, 91, CURRENT_TIMESTAMP, CURRENT_TIMESTAMP);
INSERT INTO "materials" ("id", "name", "price_multiplier", "stock_quantity", "created_at", "updated_at") VALUES ('32f5084e-64c1-4fa4-8ff6-f9b5eb4d8296', 'Sturdy Comfortable', 171.49, 44, CURRENT_TIMESTAMP, CURRENT_TIMESTAMP);
INSERT INTO "materials" ("id", "name", "price_multiplier", "stock_quantity", "created_at", "updated_at") VALUES ('834065c9-3f67-4bfb-9f76-79505cc7fd71', 'Comfortable Stylish', 84.34, 47, CURRENT_TIMESTAMP, CURRENT_TIMESTAMP);
INSERT INTO "materials" ("id", "name", "price_multiplier", "stock_quantity", "created_at", "updated_at") VALUES ('b33e6905-d153-48f0-bd3e-fa918249ff50', 'Stylish Rustic', 468.21, 15, CURRENT_TIMESTAMP, CURRENT_TIMESTAMP);
INSERT INTO "materials" ("id", "name", "price_multiplier", "stock_quantity", "created_at", "updated_at") VALUES ('d3770e76-37bb-4c70-9def-5ea6b074750e', 'Rustic Elegant', 260.46, 57, CURRENT_TIMESTAMP, CURRENT_TIMESTAMP);
INSERT INTO "materials" ("id", "name", "price_multiplier", "stock_quantity", "created_at", "updated_at") VALUES ('f2b6f1e6-4495-47ef-8289-f3f64641634d', 'Sleek Chic', 214.53, 90, CURRENT_TIMESTAMP, CURRENT_TIMESTAMP);
INSERT INTO "materials" ("id", "name", "price_multiplier", "stock_quantity", "created_at", "updated_at") VALUES ('1c42d6b2-c5c4-4ae3-ad3f-11bcd7345ae8', 'Stylish Experience', 385.66, 85, CURRENT_TIMESTAMP, CURRENT_TIMESTAMP);
INSERT INTO "materials" ("id", "name", "price_multiplier", "stock_quantity", "created_at", "updated_at") VALUES ('c855f0ab-706a-408f-b16b-9237b54a2e46', 'Luxury Contemporary', 236.86, 92, CURRENT_TIMESTAMP, CURRENT_TIMESTAMP);
INSERT INTO "materials" ("id", "name", "price_multiplier", "stock_quantity", "created_at", "updated_at") VALUES ('244a1084-0a18-4cd8-869d-1ab37b97d29c', 'Modern Vintage', 12.03, 45, CURRENT_TIMESTAMP, CURRENT_TIMESTAMP);

-- Table: colors
INSERT INTO "colors" ("id", "name", "hex_code", "price_modifier", "created_at", "updated_at") VALUES ('4152c4c5-2b75-47fe-9b5b-2507f0e9621c', 'Classic Vintage', 'VINTAGE_190', 142.48, CURRENT_TIMESTAMP, CURRENT_TIMESTAMP);
INSERT INTO "colors" ("id", "name", "hex_code", "price_modifier", "created_at", "updated_at") VALUES ('48a6f636-3bae-4d56-be66-18369c3f5004', 'Cozy Modern', 'CONTEMPORARY_713', 269.67, CURRENT_TIMESTAMP, CURRENT_TIMESTAMP);
INSERT INTO "colors" ("id", "name", "hex_code", "price_modifier", "created_at", "updated_at") VALUES ('44656ff6-f423-44e0-84a6-50ea1de4debf', 'Elegant Minimalist', 'PREMIUM_569', 195.99, CURRENT_TIMESTAMP, CURRENT_TIMESTAMP);
INSERT INTO "colors" ("id", "name", "hex_code", "price_modifier", "created_at", "updated_at") VALUES ('7d1c0970-cc46-4b3b-bd50-26e2f070d9d8', 'Premium Crafted', 'MODERN_975', 121.44, CURRENT_TIMESTAMP, CURRENT_TIMESTAMP);
INSERT INTO "colors" ("id", "name", "hex_code", "price_modifier", "created_at", "updated_at") VALUES ('526a7834-1268-4240-a76c-ffee6c8819ba', 'Experience Sturdy', 'PREMIUM_158', 189.92, CURRENT_TIMESTAMP, CURRENT_TIMESTAMP);
INSERT INTO "colors" ("id", "name", "hex_code", "price_modifier", "created_at", "updated_at") VALUES ('a4001146-6dad-47f4-9d6e-623bebe6e593', 'Chic Vintage', 'SLEEK_692', 95.49, CURRENT_TIMESTAMP, CURRENT_TIMESTAMP);
INSERT INTO "colors" ("id", "name", "hex_code", "price_modifier", "created_at", "updated_at") VALUES ('b49c18c6-7065-42d0-aac8-e743c556edcd', 'Crafted Chic', 'CRAFTED_640', 489.49, CURRENT_TIMESTAMP, CURRENT_TIMESTAMP);
INSERT INTO "colors" ("id", "name", "hex_code", "price_modifier", "created_at", "updated_at") VALUES ('55413477-2690-40f6-a6f6-6291cce3a92d', 'Comfortable Crafted', 'CLASSIC_408', 283.53, CURRENT_TIMESTAMP, CURRENT_TIMESTAMP);
INSERT INTO "colors" ("id", "name", "hex_code", "price_modifier", "created_at", "updated_at") VALUES ('1fe6a245-077b-41db-aa29-0429a599e9e4', 'Elegant Elegant', 'COMFORTABLE_979', 368.67, CURRENT_TIMESTAMP, CURRENT_TIMESTAMP);
INSERT INTO "colors" ("id", "name", "hex_code", "price_modifier", "created_at", "updated_at") VALUES ('e9f5d805-a30d-48c8-a750-112fe7c956e3', 'Elegant Premium', 'PREMIUM_869', 244.34, CURRENT_TIMESTAMP, CURRENT_TIMESTAMP);
INSERT INTO "colors" ("id", "name", "hex_code", "price_modifier", "created_at", "updated_at") VALUES ('e65a215c-bc7e-49fb-8bd2-2952db0cfaf5', 'Cozy Sleek', 'CRAFTED_612', 130.28, CURRENT_TIMESTAMP, CURRENT_TIMESTAMP);
INSERT INTO "colors" ("id", "name", "hex_code", "price_modifier", "created_at", "updated_at") VALUES ('81d1224e-3fb0-4302-b41a-ca1b2ac35b92', 'Vintage Contemporary', 'SLEEK_982', 199.15, CURRENT_TIMESTAMP, CURRENT_TIMESTAMP);
INSERT INTO "colors" ("id", "name", "hex_code", "price_modifier", "created_at", "updated_at") VALUES ('d6d1e3d9-a9e1-4ba4-b3fa-fc3d5950a26d', 'Cozy Classic', 'CONTEMPORARY_712', 342.42, CURRENT_TIMESTAMP, CURRENT_TIMESTAMP);
INSERT INTO "colors" ("id", "name", "hex_code", "price_modifier", "created_at", "updated_at") VALUES ('2bcc6e47-d51e-49c7-b18e-c408bcd4830a', 'Crafted Contemporary', 'COZY_324', 288.78, CURRENT_TIMESTAMP, CURRENT_TIMESTAMP);
INSERT INTO "colors" ("id", "name", "hex_code", "price_modifier", "created_at", "updated_at") VALUES ('c5ea9b38-4eaf-4933-87cf-53e80f15b0ae', 'Rustic Vintage', 'LUXURY_203', 141.62, CURRENT_TIMESTAMP, CURRENT_TIMESTAMP);
INSERT INTO "colors" ("id", "name", "hex_code", "price_modifier", "created_at", "updated_at") VALUES ('7bf24ccf-e0a0-479c-b09a-765be8206c74', 'Sturdy Contemporary', 'EXPERIENCE_469', 494.28, CURRENT_TIMESTAMP, CURRENT_TIMESTAMP);
INSERT INTO "colors" ("id", "name", "hex_code", "price_modifier", "created_at", "updated_at") VALUES ('a9d12d83-9c52-431c-bb39-736d637599da', 'Classic Elegant', 'EXPERIENCE_189', 184.71, CURRENT_TIMESTAMP, CURRENT_TIMESTAMP);
INSERT INTO "colors" ("id", "name", "hex_code", "price_modifier", "created_at", "updated_at") VALUES ('fa38b1b5-20ee-45e1-a9be-18f81af35673', 'Chic Premium', 'MINIMALIST_769', 43.14, CURRENT_TIMESTAMP, CURRENT_TIMESTAMP);
INSERT INTO "colors" ("id", "name", "hex_code", "price_modifier", "created_at", "updated_at") VALUES ('41f319d2-f5c9-4ced-88f8-b34e90da5268', 'Experience Chic', 'MODERN_447', 175.94, CURRENT_TIMESTAMP, CURRENT_TIMESTAMP);
INSERT INTO "colors" ("id", "name", "hex_code", "price_modifier", "created_at", "updated_at") VALUES ('2fbfa83d-4995-4918-8411-51ce0ab6136a', 'Rustic Premium', 'ELEGANT_249', 431.91, CURRENT_TIMESTAMP, CURRENT_TIMESTAMP);
INSERT INTO "colors" ("id", "name", "hex_code", "price_modifier", "created_at", "updated_at") VALUES ('bd458008-aff6-495e-9dd6-fa69e3f38f0c', 'Crafted Luxury', 'CONTEMPORARY_617', 162.56, CURRENT_TIMESTAMP, CURRENT_TIMESTAMP);
INSERT INTO "colors" ("id", "name", "hex_code", "price_modifier", "created_at", "updated_at") VALUES ('239670df-55c3-4a83-a28d-824538aa2ea7', 'Chic Luxury', 'CRAFTED_70', 500.37, CURRENT_TIMESTAMP, CURRENT_TIMESTAMP);
INSERT INTO "colors" ("id", "name", "hex_code", "price_modifier", "created_at", "updated_at") VALUES ('4bfba6c4-3c7f-4f89-806f-4fd242ebc3bc', 'Crafted Minimalist', 'CLASSIC_578', 181.86, CURRENT_TIMESTAMP, CURRENT_TIMESTAMP);
INSERT INTO "colors" ("id", "name", "hex_code", "price_modifier", "created_at", "updated_at") VALUES ('a6bc93eb-b9ed-47ce-823a-3b8093682c4b', 'Stylish Premium', 'SLEEK_161', 36.24, CURRENT_TIMESTAMP, CURRENT_TIMESTAMP);
INSERT INTO "colors" ("id", "name", "hex_code", "price_modifier", "created_at", "updated_at") VALUES ('d919ec33-048a-4b8a-b9c8-addeb580731c', 'Modern Crafted', 'EXPERIENCE_134', 349.89, CURRENT_TIMESTAMP, CURRENT_TIMESTAMP);

-- Table: fabrics
INSERT INTO "fabrics" ("id", "name", "price_multiplier", "created_at", "updated_at") VALUES ('f6c81e37-e400-4280-87f9-e46e12f2183e', 'Chic Crafted', 458.19, CURRENT_TIMESTAMP, CURRENT_TIMESTAMP);
INSERT INTO "fabrics" ("id", "name", "price_multiplier", "created_at", "updated_at") VALUES ('4914de6e-854d-42ee-884d-b7e14a2e53e8', 'Experience Crafted', 473.82, CURRENT_TIMESTAMP, CURRENT_TIMESTAMP);
INSERT INTO "fabrics" ("id", "name", "price_multiplier", "created_at", "updated_at") VALUES ('c97886be-1fa3-4a13-ae95-1b9bdc6556bf', 'Vintage Experience', 395.57, CURRENT_TIMESTAMP, CURRENT_TIMESTAMP);
INSERT INTO "fabrics" ("id", "name", "price_multiplier", "created_at", "updated_at") VALUES ('d0b868f8-f2f3-4e1b-8807-ea7e53e507be', 'Elegant Comfortable', 469.14, CURRENT_TIMESTAMP, CURRENT_TIMESTAMP);
INSERT INTO "fabrics" ("id", "name", "price_multiplier", "created_at", "updated_at") VALUES ('8f1e9d81-f75a-4990-bcff-b722a15d33a9', 'Chic Cozy', 200.84, CURRENT_TIMESTAMP, CURRENT_TIMESTAMP);
INSERT INTO "fabrics" ("id", "name", "price_multiplier", "created_at", "updated_at") VALUES ('6bdf64b0-028f-43d3-a700-d7be9d62ace3', 'Rustic Elegant', 339.75, CURRENT_TIMESTAMP, CURRENT_TIMESTAMP);
INSERT INTO "fabrics" ("id", "name", "price_multiplier", "created_at", "updated_at") VALUES ('dc37ad17-ebc7-4992-8784-ac2b9f00f823', 'Experience Rustic', 227.47, CURRENT_TIMESTAMP, CURRENT_TIMESTAMP);
INSERT INTO "fabrics" ("id", "name", "price_multiplier", "created_at", "updated_at") VALUES ('120dd6d3-5f51-4bcc-9de9-0baeee74e527', 'Comfortable Cozy', 243.44, CURRENT_TIMESTAMP, CURRENT_TIMESTAMP);
INSERT INTO "fabrics" ("id", "name", "price_multiplier", "created_at", "updated_at") VALUES ('8c9877a8-be31-4e25-aeed-a31440c98734', 'Modern Classic', 69.42, CURRENT_TIMESTAMP, CURRENT_TIMESTAMP);
INSERT INTO "fabrics" ("id", "name", "price_multiplier", "created_at", "updated_at") VALUES ('0e690ebd-b421-4dab-b84a-b9bddf04d2af', 'Chic Classic', 35.13, CURRENT_TIMESTAMP, CURRENT_TIMESTAMP);
INSERT INTO "fabrics" ("id", "name", "price_multiplier", "created_at", "updated_at") VALUES ('b452b3a5-6049-4057-9590-345d870707cc', 'Modern Luxury', 78.64, CURRENT_TIMESTAMP, CURRENT_TIMESTAMP);
INSERT INTO "fabrics" ("id", "name", "price_multiplier", "created_at", "updated_at") VALUES ('0992f5ff-b533-4efb-ae37-c5d0dfa0b176', 'Experience Elegant', 30.60, CURRENT_TIMESTAMP, CURRENT_TIMESTAMP);
INSERT INTO "fabrics" ("id", "name", "price_multiplier", "created_at", "updated_at") VALUES ('cca2b9d2-c586-434d-b815-82dac34f2cac', 'Cozy Chic', 15.96, CURRENT_TIMESTAMP, CURRENT_TIMESTAMP);
INSERT INTO "fabrics" ("id", "name", "price_multiplier", "created_at", "updated_at") VALUES ('8d0dd09b-9026-4fd7-80d7-f8604c4a2bfb', 'Cozy Contemporary', 269.38, CURRENT_TIMESTAMP, CURRENT_TIMESTAMP);
INSERT INTO "fabrics" ("id", "name", "price_multiplier", "created_at", "updated_at") VALUES ('38103ef5-a613-4cdc-803f-d5b19f156cf7', 'Comfortable Crafted', 107.20, CURRENT_TIMESTAMP, CURRENT_TIMESTAMP);
INSERT INTO "fabrics" ("id", "name", "price_multiplier", "created_at", "updated_at") VALUES ('6a62c408-f039-4daf-87d4-895220b9e168', 'Classic Chic', 356.37, CURRENT_TIMESTAMP, CURRENT_TIMESTAMP);
INSERT INTO "fabrics" ("id", "name", "price_multiplier", "created_at", "updated_at") VALUES ('b6da8caa-0855-4584-9d73-910ff88ca0e8', 'Classic Sturdy', 112.31, CURRENT_TIMESTAMP, CURRENT_TIMESTAMP);
INSERT INTO "fabrics" ("id", "name", "price_multiplier", "created_at", "updated_at") VALUES ('31472e89-5aa5-4c07-a03c-95fdf0b41b39', 'Crafted Minimalist', 442.82, CURRENT_TIMESTAMP, CURRENT_TIMESTAMP);
INSERT INTO "fabrics" ("id", "name", "price_multiplier", "created_at", "updated_at") VALUES ('848d9d0d-71d7-4e1a-882c-13c453431675', 'Vintage Rustic', 440.42, CURRENT_TIMESTAMP, CURRENT_TIMESTAMP);
INSERT INTO "fabrics" ("id", "name", "price_multiplier", "created_at", "updated_at") VALUES ('b205f7b1-d383-4bf1-a5cc-14ee4b147c59', 'Chic Sturdy', 292.63, CURRENT_TIMESTAMP, CURRENT_TIMESTAMP);
INSERT INTO "fabrics" ("id", "name", "price_multiplier", "created_at", "updated_at") VALUES ('fec31708-d0ac-4491-81ff-d5dee07c28ae', 'Modern Experience', 259.66, CURRENT_TIMESTAMP, CURRENT_TIMESTAMP);
INSERT INTO "fabrics" ("id", "name", "price_multiplier", "created_at", "updated_at") VALUES ('987fcf09-c505-49cf-818a-ec4ae6d1caf2', 'Sleek Chic', 338.07, CURRENT_TIMESTAMP, CURRENT_TIMESTAMP);
INSERT INTO "fabrics" ("id", "name", "price_multiplier", "created_at", "updated_at") VALUES ('ddb8ef90-635a-4f62-bdda-ac6a81fcf925', 'Elegant Luxury', 487.42, CURRENT_TIMESTAMP, CURRENT_TIMESTAMP);
INSERT INTO "fabrics" ("id", "name", "price_multiplier", "created_at", "updated_at") VALUES ('a79ddf79-dbd4-4456-bd69-e6a95da991ad', 'Minimalist Modern', 12.09, CURRENT_TIMESTAMP, CURRENT_TIMESTAMP);
INSERT INTO "fabrics" ("id", "name", "price_multiplier", "created_at", "updated_at") VALUES ('134ab4d5-659a-4c5f-84a7-3d90cde15eba', 'Chic Modern', 82.18, CURRENT_TIMESTAMP, CURRENT_TIMESTAMP);

-- Table: sizes
INSERT INTO "sizes" ("id", "name", "width", "height", "depth", "price_multiplier", "created_at", "updated_at") VALUES ('a2917aee-8320-4f9d-b6ce-835333dc6853', 'Experience Stylish', 46, 55, 39, 334.91, CURRENT_TIMESTAMP, CURRENT_TIMESTAMP);
INSERT INTO "sizes" ("id", "name", "width", "height", "depth", "price_multiplier", "created_at", "updated_at") VALUES ('01169ce5-132e-4ef1-a0bd-9d4447b766b7', 'Classic Rustic', 53, 81, 22, 201.17, CURRENT_TIMESTAMP, CURRENT_TIMESTAMP);
INSERT INTO "sizes" ("id", "name", "width", "height", "depth", "price_multiplier", "created_at", "updated_at") VALUES ('1367eb93-10bd-4080-bc43-3bd7efdfba70', 'Premium Sleek', 59, 68, 12, 505.99, CURRENT_TIMESTAMP, CURRENT_TIMESTAMP);
INSERT INTO "sizes" ("id", "name", "width", "height", "depth", "price_multiplier", "created_at", "updated_at") VALUES ('adf97f9f-0d47-4276-96b0-099c049a2ea3', 'Sleek Sleek', 70, 48, 55, 430.72, CURRENT_TIMESTAMP, CURRENT_TIMESTAMP);
INSERT INTO "sizes" ("id", "name", "width", "height", "depth", "price_multiplier", "created_at", "updated_at") VALUES ('ef925d7a-1c53-43e1-8a62-900b285ce1b9', 'Stylish Rustic', 24, 36, 51, 207.29, CURRENT_TIMESTAMP, CURRENT_TIMESTAMP);
INSERT INTO "sizes" ("id", "name", "width", "height", "depth", "price_multiplier", "created_at", "updated_at") VALUES ('fb66ea7b-c4c2-4fc5-8bb2-aef36b2b7770', 'Crafted Crafted', 86, 6, 75, 91.95, CURRENT_TIMESTAMP, CURRENT_TIMESTAMP);
INSERT INTO "sizes" ("id", "name", "width", "height", "depth", "price_multiplier", "created_at", "updated_at") VALUES ('861ecaa7-3479-49ca-b17e-97ffc00fe9ba', 'Comfortable Luxury', 18, 82, 64, 89.95, CURRENT_TIMESTAMP, CURRENT_TIMESTAMP);
INSERT INTO "sizes" ("id", "name", "width", "height", "depth", "price_multiplier", "created_at", "updated_at") VALUES ('cc4f6a48-5202-4d48-9ec7-90f0f8980c6a', 'Sleek Sturdy', 12, 27, 92, 428.06, CURRENT_TIMESTAMP, CURRENT_TIMESTAMP);
INSERT INTO "sizes" ("id", "name", "width", "height", "depth", "price_multiplier", "created_at", "updated_at") VALUES ('8c29784f-5458-4cf4-830f-6516454a0ac9', 'Cozy Experience', 69, 36, 47, 45.14, CURRENT_TIMESTAMP, CURRENT_TIMESTAMP);
INSERT INTO "sizes" ("id", "name", "width", "height", "depth", "price_multiplier", "created_at", "updated_at") VALUES ('efdfb5ea-33b6-4586-9850-20b4642e841b', 'Stylish Sleek', 16, 93, 53, 255.28, CURRENT_TIMESTAMP, CURRENT_TIMESTAMP);
INSERT INTO "sizes" ("id", "name", "width", "height", "depth", "price_multiplier", "created_at", "updated_at") VALUES ('4e81ade8-9873-4891-b7e4-13775c3d4932', 'Premium Chic', 72, 12, 48, 12.57, CURRENT_TIMESTAMP, CURRENT_TIMESTAMP);
INSERT INTO "sizes" ("id", "name", "width", "height", "depth", "price_multiplier", "created_at", "updated_at") VALUES ('3dc24676-662c-4043-a5ed-9e7086f8b41e', 'Premium Sturdy', 39, 50, 10, 350.16, CURRENT_TIMESTAMP, CURRENT_TIMESTAMP);
INSERT INTO "sizes" ("id", "name", "width", "height", "depth", "price_multiplier", "created_at", "updated_at") VALUES ('71b951d8-15ff-4a32-a034-92d2c5e060fd', 'Premium Premium', 67, 75, 70, 438.35, CURRENT_TIMESTAMP, CURRENT_TIMESTAMP);
INSERT INTO "sizes" ("id", "name", "width", "height", "depth", "price_multiplier", "created_at", "updated_at") VALUES ('3c227baa-5b6b-43f4-b841-b323dbecb242', 'Premium Luxury', 37, 82, 69, 79.19, CURRENT_TIMESTAMP, CURRENT_TIMESTAMP);
INSERT INTO "sizes" ("id", "name", "width", "height", "depth", "price_multiplier", "created_at", "updated_at") VALUES ('a92c686e-a6d0-43c6-8f15-1374700cb6b6', 'Experience Sleek', 43, 40, 87, 126.23, CURRENT_TIMESTAMP, CURRENT_TIMESTAMP);
INSERT INTO "sizes" ("id", "name", "width", "height", "depth", "price_multiplier", "created_at", "updated_at") VALUES ('03b85dab-5bcf-4f3e-bb02-2a8e8df39578', 'Experience Modern', 14, 92, 23, 283.10, CURRENT_TIMESTAMP, CURRENT_TIMESTAMP);
INSERT INTO "sizes" ("id", "name", "width", "height", "depth", "price_multiplier", "created_at", "updated_at") VALUES ('d75823e0-c067-46d8-8ee2-6d307b0b5be4', 'Sleek Comfortable', 74, 15, 7, 433.87, CURRENT_TIMESTAMP, CURRENT_TIMESTAMP);
INSERT INTO "sizes" ("id", "name", "width", "height", "depth", "price_multiplier", "created_at", "updated_at") VALUES ('c62a22b3-ea85-4e71-8365-697a110b2bc4', 'Crafted Chic', 42, 9, 91, 19.67, CURRENT_TIMESTAMP, CURRENT_TIMESTAMP);
INSERT INTO "sizes" ("id", "name", "width", "height", "depth", "price_multiplier", "created_at", "updated_at") VALUES ('9a7cf74a-0dca-4ba4-86b3-bfa92990047a', 'Sleek Elegant', 7, 2, 43, 374.92, CURRENT_TIMESTAMP, CURRENT_TIMESTAMP);
INSERT INTO "sizes" ("id", "name", "width", "height", "depth", "price_multiplier", "created_at", "updated_at") VALUES ('a81faf61-473f-47ec-bcdf-725e938fa596', 'Contemporary Sturdy', 91, 32, 66, 443.33, CURRENT_TIMESTAMP, CURRENT_TIMESTAMP);
INSERT INTO "sizes" ("id", "name", "width", "height", "depth", "price_multiplier", "created_at", "updated_at") VALUES ('f758e47c-03c6-4502-8905-1c9c90a3bd9d', 'Contemporary Rustic', 45, 66, 29, 201.54, CURRENT_TIMESTAMP, CURRENT_TIMESTAMP);
INSERT INTO "sizes" ("id", "name", "width", "height", "depth", "price_multiplier", "created_at", "updated_at") VALUES ('153dcf9e-7974-4b46-b5ce-8554906d1cf3', 'Premium Minimalist', 20, 98, 59, 456.43, CURRENT_TIMESTAMP, CURRENT_TIMESTAMP);
INSERT INTO "sizes" ("id", "name", "width", "height", "depth", "price_multiplier", "created_at", "updated_at") VALUES ('d4f73439-2d61-41b8-bc97-b5b47268cbde', 'Sleek Stylish', 80, 67, 20, 114.69, CURRENT_TIMESTAMP, CURRENT_TIMESTAMP);
INSERT INTO "sizes" ("id", "name", "width", "height", "depth", "price_multiplier", "created_at", "updated_at") VALUES ('8b196d3c-3913-4a9a-a308-7fe8ed1dad75', 'Crafted Modern', 55, 99, 49, 321.60, CURRENT_TIMESTAMP, CURRENT_TIMESTAMP);
INSERT INTO "sizes" ("id", "name", "width", "height", "depth", "price_multiplier", "created_at", "updated_at") VALUES ('6c485b67-4a63-4ebe-a8ed-485628430e9c', 'Luxury Comfortable', 68, 85, 68, 46.42, CURRENT_TIMESTAMP, CURRENT_TIMESTAMP);

-- Table: add_ons
INSERT INTO "add_ons" ("id", "name", "price", "created_at", "updated_at") VALUES ('befcaa00-ed6a-4fe1-af3d-1d203e94254d', 'Sleek Rustic', 40.87, CURRENT_TIMESTAMP, CURRENT_TIMESTAMP);
INSERT INTO "add_ons" ("id", "name", "price", "created_at", "updated_at") VALUES ('786522a0-6376-416a-9350-7bb5ba34bc5b', 'Stylish Experience', 321.62, CURRENT_TIMESTAMP, CURRENT_TIMESTAMP);
INSERT INTO "add_ons" ("id", "name", "price", "created_at", "updated_at") VALUES ('fe8879ef-3fab-4c7f-b16b-434a06401a06', 'Comfortable Chic', 47.05, CURRENT_TIMESTAMP, CURRENT_TIMESTAMP);
INSERT INTO "add_ons" ("id", "name", "price", "created_at", "updated_at") VALUES ('79ad5223-cf26-4a7f-bc22-6481979c4ccd', 'Sturdy Contemporary', 39.27, CURRENT_TIMESTAMP, CURRENT_TIMESTAMP);
INSERT INTO "add_ons" ("id", "name", "price", "created_at", "updated_at") VALUES ('eb2c3a2b-1ca5-4cb1-a72d-9ccfb4a1e798', 'Rustic Comfortable', 237.71, CURRENT_TIMESTAMP, CURRENT_TIMESTAMP);
INSERT INTO "add_ons" ("id", "name", "price", "created_at", "updated_at") VALUES ('308ed2f2-4f49-4170-96f7-e5a5f54f906d', 'Crafted Stylish', 220.35, CURRENT_TIMESTAMP, CURRENT_TIMESTAMP);
INSERT INTO "add_ons" ("id", "name", "price", "created_at", "updated_at") VALUES ('ae714113-336d-4ee7-b39a-7ed088763a4a', 'Contemporary Classic', 182.95, CURRENT_TIMESTAMP, CURRENT_TIMESTAMP);
INSERT INTO "add_ons" ("id", "name", "price", "created_at", "updated_at") VALUES ('e931489a-02ba-44c7-a0f7-c12732736ed8', 'Modern Chic', 240.51, CURRENT_TIMESTAMP, CURRENT_TIMESTAMP);
INSERT INTO "add_ons" ("id", "name", "price", "created_at", "updated_at") VALUES ('64ed6a23-13b7-4b20-bc1b-516905f725a8', 'Stylish Experience', 123.93, CURRENT_TIMESTAMP, CURRENT_TIMESTAMP);
INSERT INTO "add_ons" ("id", "name", "price", "created_at", "updated_at") VALUES ('5bed2678-046b-4324-a8b5-07f0f6c34155', 'Crafted Experience', 113.43, CURRENT_TIMESTAMP, CURRENT_TIMESTAMP);
INSERT INTO "add_ons" ("id", "name", "price", "created_at", "updated_at") VALUES ('04475675-7198-4738-8604-67884a3bdd78', 'Comfortable Stylish', 19.86, CURRENT_TIMESTAMP, CURRENT_TIMESTAMP);
INSERT INTO "add_ons" ("id", "name", "price", "created_at", "updated_at") VALUES ('245f67d3-d390-4a30-8dd3-02c45e842aac', 'Luxury Vintage', 102.01, CURRENT_TIMESTAMP, CURRENT_TIMESTAMP);
INSERT INTO "add_ons" ("id", "name", "price", "created_at", "updated_at") VALUES ('237bae06-ed6f-4f74-816c-5245e690373a', 'Elegant Crafted', 321.37, CURRENT_TIMESTAMP, CURRENT_TIMESTAMP);
INSERT INTO "add_ons" ("id", "name", "price", "created_at", "updated_at") VALUES ('382e95d3-0fde-4c8c-8d2a-bf2b5520a5c1', 'Modern Experience', 469.47, CURRENT_TIMESTAMP, CURRENT_TIMESTAMP);
INSERT INTO "add_ons" ("id", "name", "price", "created_at", "updated_at") VALUES ('18c80329-5e94-4e95-b61d-c7c280d81646', 'Comfortable Elegant', 135.28, CURRENT_TIMESTAMP, CURRENT_TIMESTAMP);
INSERT INTO "add_ons" ("id", "name", "price", "created_at", "updated_at") VALUES ('f3806cf5-34eb-44fe-a11b-34ff84ac9b45', 'Rustic Vintage', 424.69, CURRENT_TIMESTAMP, CURRENT_TIMESTAMP);
INSERT INTO "add_ons" ("id", "name", "price", "created_at", "updated_at") VALUES ('55b22a0c-2b3c-44cf-b35f-810a8b2e2199', 'Classic Vintage', 262.78, CURRENT_TIMESTAMP, CURRENT_TIMESTAMP);
INSERT INTO "add_ons" ("id", "name", "price", "created_at", "updated_at") VALUES ('9df20a36-fa90-442f-aa30-40b20a93e25b', 'Premium Elegant', 419.90, CURRENT_TIMESTAMP, CURRENT_TIMESTAMP);
INSERT INTO "add_ons" ("id", "name", "price", "created_at", "updated_at") VALUES ('44cacb2d-e2cc-4a38-afe0-0493d384e573', 'Comfortable Rustic', 10.58, CURRENT_TIMESTAMP, CURRENT_TIMESTAMP);
INSERT INTO "add_ons" ("id", "name", "price", "created_at", "updated_at") VALUES ('a725f830-cb93-4941-ba90-1d8ee1254650', 'Luxury Rustic', 10.45, CURRENT_TIMESTAMP, CURRENT_TIMESTAMP);
INSERT INTO "add_ons" ("id", "name", "price", "created_at", "updated_at") VALUES ('a9ea362b-aaae-461a-b53c-907348cb6b04', 'Minimalist Rustic', 379.90, CURRENT_TIMESTAMP, CURRENT_TIMESTAMP);
INSERT INTO "add_ons" ("id", "name", "price", "created_at", "updated_at") VALUES ('2d7ace35-d720-4aec-8dcd-bc66f3525d92', 'Experience Experience', 181.14, CURRENT_TIMESTAMP, CURRENT_TIMESTAMP);
INSERT INTO "add_ons" ("id", "name", "price", "created_at", "updated_at") VALUES ('2bc30bd5-6f47-4213-95c4-d0b84db6b3f7', 'Stylish Sturdy', 459.56, CURRENT_TIMESTAMP, CURRENT_TIMESTAMP);
INSERT INTO "add_ons" ("id", "name", "price", "created_at", "updated_at") VALUES ('ddc36d63-f755-4ea9-9b80-3f5779f3e7f4', 'Experience Luxury', 506.19, CURRENT_TIMESTAMP, CURRENT_TIMESTAMP);
INSERT INTO "add_ons" ("id", "name", "price", "created_at", "updated_at") VALUES ('111fc0ea-2cdd-4e78-941b-1c52a977ec13', 'Crafted Crafted', 318.44, CURRENT_TIMESTAMP, CURRENT_TIMESTAMP);

-- Table: furniture_models
INSERT INTO "furniture_models" ("id", "vendor_id", "category_id", "name", "base_price", "base_image", "description", "is_active", "deleted_at", "created_at") VALUES ('39898a3f-c413-420d-820d-a21e480ddb22', '90ce560d-a8e2-4f0f-98b8-d9479782bf86', 'd1cbcebb-bf44-4845-9659-8ee3b11a7041', 'Chic Chic', 286.29, 'https://images.unsplash.com/photo-2035940-651', 'Experience the ultimate relaxation.', true, CURRENT_TIMESTAMP, CURRENT_TIMESTAMP);
INSERT INTO "furniture_models" ("id", "vendor_id", "category_id", "name", "base_price", "base_image", "description", "is_active", "deleted_at", "created_at") VALUES ('49f8856e-e258-4f51-bfc1-fd23f9bd565f', 'e2f8b516-a0ea-46c1-8626-be4ab84f8c8d', 'dc56a2e4-84c3-4e82-a64b-f063ccc42cc6', 'Classic Cozy', 127.25, 'https://images.unsplash.com/photo-7396039-194', 'A perfect addition to your home.', true, CURRENT_TIMESTAMP, CURRENT_TIMESTAMP);
INSERT INTO "furniture_models" ("id", "vendor_id", "category_id", "name", "base_price", "base_image", "description", "is_active", "deleted_at", "created_at") VALUES ('882335eb-4bb7-4fac-8d0c-ba698a608860', 'e0a88689-4de7-454d-9dd4-de5db4a7232f', '5686ed1e-fd4d-4773-9501-b77663b6a200', 'Crafted Sturdy', 287.46, 'https://images.unsplash.com/photo-6742321-303', 'Enhance your living space.', true, CURRENT_TIMESTAMP, CURRENT_TIMESTAMP);
INSERT INTO "furniture_models" ("id", "vendor_id", "category_id", "name", "base_price", "base_image", "description", "is_active", "deleted_at", "created_at") VALUES ('abd03aea-6323-43d3-84d9-3fc2b774fc44', '24767bf4-dd15-473b-8b02-51fe3d05df92', 'a951808c-050d-47de-b585-54cee920f046', 'Sturdy Contemporary', 226.33, 'https://images.unsplash.com/photo-9279437-956', 'Experience the ultimate relaxation.', false, CURRENT_TIMESTAMP, CURRENT_TIMESTAMP);
INSERT INTO "furniture_models" ("id", "vendor_id", "category_id", "name", "base_price", "base_image", "description", "is_active", "deleted_at", "created_at") VALUES ('b2511217-cf4e-47ee-b1f0-a5803b3e0393', 'bb45c566-8c5b-4b7b-bb11-52e789c36e13', '4cffd976-105f-4190-a288-cc39a3ef6788', 'Crafted Minimalist', 255.17, 'https://images.unsplash.com/photo-3146632-286', 'An extraordinary piece of furniture.', false, CURRENT_TIMESTAMP, CURRENT_TIMESTAMP);
INSERT INTO "furniture_models" ("id", "vendor_id", "category_id", "name", "base_price", "base_image", "description", "is_active", "deleted_at", "created_at") VALUES ('09cb232a-e676-49a8-a3cb-2f3e5995853f', 'f29cbfcc-a1f9-40cd-8a34-47a5a1f1e678', '7ebb89bc-81f3-426a-8845-b863a86dfd74', 'Cozy Chic', 196.19, 'https://images.unsplash.com/photo-9951142-565', 'Built to last with premium materials.', false, CURRENT_TIMESTAMP, CURRENT_TIMESTAMP);
INSERT INTO "furniture_models" ("id", "vendor_id", "category_id", "name", "base_price", "base_image", "description", "is_active", "deleted_at", "created_at") VALUES ('13ff6d07-60f5-45e0-a6f3-c8e78c1f6182', '02e4bd73-a413-4a6d-80c5-566632b6479e', 'b7d35e0a-41c9-417a-baf0-4f69905f25ec', 'Classic Crafted', 59.38, 'https://images.unsplash.com/photo-3470116-882', 'An extraordinary piece of furniture.', false, CURRENT_TIMESTAMP, CURRENT_TIMESTAMP);
INSERT INTO "furniture_models" ("id", "vendor_id", "category_id", "name", "base_price", "base_image", "description", "is_active", "deleted_at", "created_at") VALUES ('95cda085-5f50-4b54-a16f-f22786473e1f', 'e2f8b516-a0ea-46c1-8626-be4ab84f8c8d', '5686ed1e-fd4d-4773-9501-b77663b6a200', 'Cozy Premium', 170.07, 'https://images.unsplash.com/photo-4596761-773', 'An extraordinary piece of furniture.', false, CURRENT_TIMESTAMP, CURRENT_TIMESTAMP);
INSERT INTO "furniture_models" ("id", "vendor_id", "category_id", "name", "base_price", "base_image", "description", "is_active", "deleted_at", "created_at") VALUES ('b1c5f610-a888-4b10-804e-c10c3fdf5598', '90ce560d-a8e2-4f0f-98b8-d9479782bf86', '1b51efbb-e140-499c-ba06-1d7386f890ae', 'Crafted Premium', 294.26, 'https://images.unsplash.com/photo-4737937-504', 'Experience the ultimate relaxation.', false, CURRENT_TIMESTAMP, CURRENT_TIMESTAMP);
INSERT INTO "furniture_models" ("id", "vendor_id", "category_id", "name", "base_price", "base_image", "description", "is_active", "deleted_at", "created_at") VALUES ('22a888c0-109f-41b0-93d0-8fa9ea988c30', 'cf9a8773-e616-499c-b32b-d01a0b06d84e', '212f4119-e1f3-4108-8c71-ca9d8e9d981f', 'Luxury Vintage', 431.78, 'https://images.unsplash.com/photo-7647612-458', 'Enhance your living space.', true, CURRENT_TIMESTAMP, CURRENT_TIMESTAMP);
INSERT INTO "furniture_models" ("id", "vendor_id", "category_id", "name", "base_price", "base_image", "description", "is_active", "deleted_at", "created_at") VALUES ('834c3ac2-93df-4545-94ba-1c24d406058c', 'e426184f-3c8d-4cfe-b8b2-8278f870d671', 'dba6a0c6-9d53-4528-ba71-fc87a206cad4', 'Chic Experience', 185.23, 'https://images.unsplash.com/photo-9800858-769', 'Crafted with precision.', true, CURRENT_TIMESTAMP, CURRENT_TIMESTAMP);
INSERT INTO "furniture_models" ("id", "vendor_id", "category_id", "name", "base_price", "base_image", "description", "is_active", "deleted_at", "created_at") VALUES ('5d8a5db4-dc01-43b8-bf45-ca8d1962d8a7', '97555f44-07d2-44bc-9cfa-6be079f7de83', '7ebb89bc-81f3-426a-8845-b863a86dfd74', 'Crafted Comfortable', 275.26, 'https://images.unsplash.com/photo-5238168-445', 'A timeless design.', false, CURRENT_TIMESTAMP, CURRENT_TIMESTAMP);
INSERT INTO "furniture_models" ("id", "vendor_id", "category_id", "name", "base_price", "base_image", "description", "is_active", "deleted_at", "created_at") VALUES ('5e065450-7d36-4add-9f79-bddfa89ace43', '87b60ff0-ba1b-4acc-92ba-e4976118f614', 'a4854597-65d3-44c2-a464-4bca784830b4', 'Sturdy Sleek', 280.77, 'https://images.unsplash.com/photo-5697311-236', 'Crafted with precision.', true, CURRENT_TIMESTAMP, CURRENT_TIMESTAMP);
INSERT INTO "furniture_models" ("id", "vendor_id", "category_id", "name", "base_price", "base_image", "description", "is_active", "deleted_at", "created_at") VALUES ('93aa5500-74ee-4417-a09a-ed7087602612', '24767bf4-dd15-473b-8b02-51fe3d05df92', '7ebb89bc-81f3-426a-8845-b863a86dfd74', 'Experience Modern', 353.52, 'https://images.unsplash.com/photo-1659257-313', 'Enhance your living space.', false, CURRENT_TIMESTAMP, CURRENT_TIMESTAMP);
INSERT INTO "furniture_models" ("id", "vendor_id", "category_id", "name", "base_price", "base_image", "description", "is_active", "deleted_at", "created_at") VALUES ('3f47a2c5-5873-426d-9281-45d93f01be50', 'a545780a-f039-4aaa-9e3b-15b88f4b9c0e', 'b600c8e0-a1aa-4b2b-a5f9-8c502e32e375', 'Elegant Crafted', 475.60, 'https://images.unsplash.com/photo-2228429-807', 'A perfect addition to your home.', true, CURRENT_TIMESTAMP, CURRENT_TIMESTAMP);
INSERT INTO "furniture_models" ("id", "vendor_id", "category_id", "name", "base_price", "base_image", "description", "is_active", "deleted_at", "created_at") VALUES ('653c0850-dda5-40db-ab16-a26bb1830bdf', '24767bf4-dd15-473b-8b02-51fe3d05df92', 'd1cbcebb-bf44-4845-9659-8ee3b11a7041', 'Experience Stylish', 493.49, 'https://images.unsplash.com/photo-8273703-496', 'Designed with comfort and style.', false, CURRENT_TIMESTAMP, CURRENT_TIMESTAMP);
INSERT INTO "furniture_models" ("id", "vendor_id", "category_id", "name", "base_price", "base_image", "description", "is_active", "deleted_at", "created_at") VALUES ('3daef0db-c1b2-430e-a2ca-faae8b64c345', '31298ba9-deb0-4add-b3e3-162d5910b161', '9230a0a1-fdbf-487c-95ea-3f0dc3c08c6b', 'Vintage Elegant', 58.46, 'https://images.unsplash.com/photo-7290311-388', 'Crafted with precision.', true, CURRENT_TIMESTAMP, CURRENT_TIMESTAMP);
INSERT INTO "furniture_models" ("id", "vendor_id", "category_id", "name", "base_price", "base_image", "description", "is_active", "deleted_at", "created_at") VALUES ('1788d853-f054-4340-a290-6f4bd68fc606', '97555f44-07d2-44bc-9cfa-6be079f7de83', 'bbcee439-0d84-4744-a3c9-bb0a6cac907d', 'Experience Stylish', 294.52, 'https://images.unsplash.com/photo-7288780-858', 'Designed with comfort and style.', false, CURRENT_TIMESTAMP, CURRENT_TIMESTAMP);
INSERT INTO "furniture_models" ("id", "vendor_id", "category_id", "name", "base_price", "base_image", "description", "is_active", "deleted_at", "created_at") VALUES ('7f4e0a82-1316-4e1d-b726-ab0e888ce0bb', '5ad8954e-4945-4ccb-aa7d-aff5cf21fda4', '40947b2b-6269-4e3b-aa57-e15258bff818', 'Experience Chic', 248.53, 'https://images.unsplash.com/photo-9022945-578', 'Enhance your living space.', true, CURRENT_TIMESTAMP, CURRENT_TIMESTAMP);
INSERT INTO "furniture_models" ("id", "vendor_id", "category_id", "name", "base_price", "base_image", "description", "is_active", "deleted_at", "created_at") VALUES ('dfbd553e-5645-4367-ae7b-6c5f6417d7ea', 'eac31f00-ba77-47ec-bc8f-6a6ca090908e', 'bbcee439-0d84-4744-a3c9-bb0a6cac907d', 'Comfortable Crafted', 323.46, 'https://images.unsplash.com/photo-6309478-159', 'Enhance your living space.', true, CURRENT_TIMESTAMP, CURRENT_TIMESTAMP);
INSERT INTO "furniture_models" ("id", "vendor_id", "category_id", "name", "base_price", "base_image", "description", "is_active", "deleted_at", "created_at") VALUES ('75497e02-9860-497e-ae70-c12d03cc0905', '02e4bd73-a413-4a6d-80c5-566632b6479e', 'a4854597-65d3-44c2-a464-4bca784830b4', 'Elegant Crafted', 183.79, 'https://images.unsplash.com/photo-4250071-325', 'An extraordinary piece of furniture.', true, CURRENT_TIMESTAMP, CURRENT_TIMESTAMP);
INSERT INTO "furniture_models" ("id", "vendor_id", "category_id", "name", "base_price", "base_image", "description", "is_active", "deleted_at", "created_at") VALUES ('33b3c4c4-dd22-452f-bfed-f4be33da27eb', '99e885bb-f5b1-4a7c-8d07-ff4db0f86e31', 'a951808c-050d-47de-b585-54cee920f046', 'Crafted Sturdy', 461.31, 'https://images.unsplash.com/photo-4998920-580', 'A timeless design.', false, CURRENT_TIMESTAMP, CURRENT_TIMESTAMP);
INSERT INTO "furniture_models" ("id", "vendor_id", "category_id", "name", "base_price", "base_image", "description", "is_active", "deleted_at", "created_at") VALUES ('6f459830-996a-4f45-b5c6-ae4ddc80f182', '469db3c7-e21e-40b8-bc62-1b57bf671200', 'c999c1a2-b1f4-4a8b-853d-3557efbbcde3', 'Contemporary Luxury', 391.18, 'https://images.unsplash.com/photo-9154711-530', 'Enhance your living space.', true, CURRENT_TIMESTAMP, CURRENT_TIMESTAMP);
INSERT INTO "furniture_models" ("id", "vendor_id", "category_id", "name", "base_price", "base_image", "description", "is_active", "deleted_at", "created_at") VALUES ('42246543-2bad-471b-8b29-e4694811c348', '87b60ff0-ba1b-4acc-92ba-e4976118f614', 'dba6a0c6-9d53-4528-ba71-fc87a206cad4', 'Experience Vintage', 109.69, 'https://images.unsplash.com/photo-9645237-519', 'A timeless design.', false, CURRENT_TIMESTAMP, CURRENT_TIMESTAMP);
INSERT INTO "furniture_models" ("id", "vendor_id", "category_id", "name", "base_price", "base_image", "description", "is_active", "deleted_at", "created_at") VALUES ('7de43fc7-b43d-404b-b713-d69c61f80145', '73d45564-3648-4f59-a3aa-7ff0695efa42', '212f4119-e1f3-4108-8c71-ca9d8e9d981f', 'Rustic Sleek', 141.93, 'https://images.unsplash.com/photo-2926956-176', 'A timeless design.', false, CURRENT_TIMESTAMP, CURRENT_TIMESTAMP);

-- Table: saved_designs
INSERT INTO "saved_designs" ("id", "user_id", "model_id", "selected_material", "selected_color", "selected_fabric", "selected_size", "calculated_price", "created_at") VALUES ('c48e2b5a-4c08-491f-8330-84f4976b7f61', '13d888f8-06cd-4c6e-9bf8-fab80aab765d', '09cb232a-e676-49a8-a3cb-2f3e5995853f', 'bedcca84-922c-46e6-83c3-ed82d8f012fe', 'bd458008-aff6-495e-9dd6-fa69e3f38f0c', 'a79ddf79-dbd4-4456-bd69-e6a95da991ad', 'efdfb5ea-33b6-4586-9850-20b4642e841b', 235.74, CURRENT_TIMESTAMP);
INSERT INTO "saved_designs" ("id", "user_id", "model_id", "selected_material", "selected_color", "selected_fabric", "selected_size", "calculated_price", "created_at") VALUES ('cad26fbd-2c6a-41e0-9222-ed17519bb6d8', '10e2758c-da11-4d44-a04f-79790473caf7', '834c3ac2-93df-4545-94ba-1c24d406058c', 'f2b6f1e6-4495-47ef-8289-f3f64641634d', '48a6f636-3bae-4d56-be66-18369c3f5004', '6a62c408-f039-4daf-87d4-895220b9e168', '01169ce5-132e-4ef1-a0bd-9d4447b766b7', 330.64, CURRENT_TIMESTAMP);
INSERT INTO "saved_designs" ("id", "user_id", "model_id", "selected_material", "selected_color", "selected_fabric", "selected_size", "calculated_price", "created_at") VALUES ('ae5d88c6-2174-40fc-8aef-298006083cc6', '05810ffd-fa02-4052-9232-5342d3ac72a1', 'dfbd553e-5645-4367-ae7b-6c5f6417d7ea', '939a633b-a77e-4489-b1fd-bdc2311d8521', 'd6d1e3d9-a9e1-4ba4-b3fa-fc3d5950a26d', '120dd6d3-5f51-4bcc-9de9-0baeee74e527', '8c29784f-5458-4cf4-830f-6516454a0ac9', 310.03, CURRENT_TIMESTAMP);
INSERT INTO "saved_designs" ("id", "user_id", "model_id", "selected_material", "selected_color", "selected_fabric", "selected_size", "calculated_price", "created_at") VALUES ('d68099af-8c28-4d8a-b5d7-92aa6875bfc3', 'bf859116-607a-4d6e-a3fe-09a25c1f5571', '75497e02-9860-497e-ae70-c12d03cc0905', '57a0fab7-77f1-4056-8e98-4364316ef718', '55413477-2690-40f6-a6f6-6291cce3a92d', '4914de6e-854d-42ee-884d-b7e14a2e53e8', '8c29784f-5458-4cf4-830f-6516454a0ac9', 495.89, CURRENT_TIMESTAMP);
INSERT INTO "saved_designs" ("id", "user_id", "model_id", "selected_material", "selected_color", "selected_fabric", "selected_size", "calculated_price", "created_at") VALUES ('013e1eb3-edd6-492d-95fd-7321ca4c1f90', '13d888f8-06cd-4c6e-9bf8-fab80aab765d', '834c3ac2-93df-4545-94ba-1c24d406058c', '7e4ed588-d977-4c8a-a739-46565f076b06', '2bcc6e47-d51e-49c7-b18e-c408bcd4830a', 'b205f7b1-d383-4bf1-a5cc-14ee4b147c59', 'cc4f6a48-5202-4d48-9ec7-90f0f8980c6a', 142.96, CURRENT_TIMESTAMP);
INSERT INTO "saved_designs" ("id", "user_id", "model_id", "selected_material", "selected_color", "selected_fabric", "selected_size", "calculated_price", "created_at") VALUES ('53727b59-8d94-4871-adf3-edda1d8668e2', '10e2758c-da11-4d44-a04f-79790473caf7', '75497e02-9860-497e-ae70-c12d03cc0905', '57a0fab7-77f1-4056-8e98-4364316ef718', '81d1224e-3fb0-4302-b41a-ca1b2ac35b92', 'b452b3a5-6049-4057-9590-345d870707cc', 'd75823e0-c067-46d8-8ee2-6d307b0b5be4', 403.39, CURRENT_TIMESTAMP);
INSERT INTO "saved_designs" ("id", "user_id", "model_id", "selected_material", "selected_color", "selected_fabric", "selected_size", "calculated_price", "created_at") VALUES ('ed33ee57-ba83-4ccb-8eb6-6069dd20e22f', '8b20826e-a028-4279-81ba-c3d13c293b97', '1788d853-f054-4340-a290-6f4bd68fc606', 'c696f726-abfe-4015-add6-23a8b329debf', 'd6d1e3d9-a9e1-4ba4-b3fa-fc3d5950a26d', 'b452b3a5-6049-4057-9590-345d870707cc', 'f758e47c-03c6-4502-8905-1c9c90a3bd9d', 152.44, CURRENT_TIMESTAMP);
INSERT INTO "saved_designs" ("id", "user_id", "model_id", "selected_material", "selected_color", "selected_fabric", "selected_size", "calculated_price", "created_at") VALUES ('8267d88a-fb1e-4a75-bc6c-c8dd9824843f', '9ae81e5c-d32c-4639-a604-43c4d56ec22b', '5d8a5db4-dc01-43b8-bf45-ca8d1962d8a7', '2002f9aa-e7a2-471b-b1cb-904e87006a34', '1fe6a245-077b-41db-aa29-0429a599e9e4', 'fec31708-d0ac-4491-81ff-d5dee07c28ae', 'cc4f6a48-5202-4d48-9ec7-90f0f8980c6a', 250.59, CURRENT_TIMESTAMP);
INSERT INTO "saved_designs" ("id", "user_id", "model_id", "selected_material", "selected_color", "selected_fabric", "selected_size", "calculated_price", "created_at") VALUES ('862bf778-785e-449e-a33d-93d92004824a', '1176ee68-cb99-4d88-bbd9-7ef9583be241', '09cb232a-e676-49a8-a3cb-2f3e5995853f', 'ef2ba18c-55c6-45a3-a99d-4db49219baf9', '2bcc6e47-d51e-49c7-b18e-c408bcd4830a', '0e690ebd-b421-4dab-b84a-b9bddf04d2af', '1367eb93-10bd-4080-bc43-3bd7efdfba70', 270.99, CURRENT_TIMESTAMP);
INSERT INTO "saved_designs" ("id", "user_id", "model_id", "selected_material", "selected_color", "selected_fabric", "selected_size", "calculated_price", "created_at") VALUES ('0564d81c-b3ec-4e3d-8194-707f6a8f6696', '213eb748-1897-45db-9e52-c8698003e2e3', '39898a3f-c413-420d-820d-a21e480ddb22', '4fe4b85a-158f-4638-b480-f1c3c19cc09f', '239670df-55c3-4a83-a28d-824538aa2ea7', 'f6c81e37-e400-4280-87f9-e46e12f2183e', '3c227baa-5b6b-43f4-b841-b323dbecb242', 496.91, CURRENT_TIMESTAMP);
INSERT INTO "saved_designs" ("id", "user_id", "model_id", "selected_material", "selected_color", "selected_fabric", "selected_size", "calculated_price", "created_at") VALUES ('bd4a5327-78de-4dad-a582-c7b45f07b093', '213eb748-1897-45db-9e52-c8698003e2e3', '834c3ac2-93df-4545-94ba-1c24d406058c', '1c42d6b2-c5c4-4ae3-ad3f-11bcd7345ae8', '526a7834-1268-4240-a76c-ffee6c8819ba', '6a62c408-f039-4daf-87d4-895220b9e168', '3c227baa-5b6b-43f4-b841-b323dbecb242', 279.27, CURRENT_TIMESTAMP);
INSERT INTO "saved_designs" ("id", "user_id", "model_id", "selected_material", "selected_color", "selected_fabric", "selected_size", "calculated_price", "created_at") VALUES ('75da9285-f1e5-4f4c-bdd2-53acee4d1709', 'e915247c-2d7e-4732-94bb-060ac71536a1', '5d8a5db4-dc01-43b8-bf45-ca8d1962d8a7', 'ef2ba18c-55c6-45a3-a99d-4db49219baf9', 'a9d12d83-9c52-431c-bb39-736d637599da', 'b6da8caa-0855-4584-9d73-910ff88ca0e8', '71b951d8-15ff-4a32-a034-92d2c5e060fd', 308.16, CURRENT_TIMESTAMP);
INSERT INTO "saved_designs" ("id", "user_id", "model_id", "selected_material", "selected_color", "selected_fabric", "selected_size", "calculated_price", "created_at") VALUES ('d1f8d61d-899e-4c62-b629-efeeff9882fc', '8b20826e-a028-4279-81ba-c3d13c293b97', 'dfbd553e-5645-4367-ae7b-6c5f6417d7ea', '244a1084-0a18-4cd8-869d-1ab37b97d29c', 'd6d1e3d9-a9e1-4ba4-b3fa-fc3d5950a26d', '0e690ebd-b421-4dab-b84a-b9bddf04d2af', '6c485b67-4a63-4ebe-a8ed-485628430e9c', 386.22, CURRENT_TIMESTAMP);
INSERT INTO "saved_designs" ("id", "user_id", "model_id", "selected_material", "selected_color", "selected_fabric", "selected_size", "calculated_price", "created_at") VALUES ('af89a57b-4f49-4f5b-8506-8769497eca40', '92c3a7f8-163a-41ab-bac4-6d501221fcb6', '5e065450-7d36-4add-9f79-bddfa89ace43', '244a1084-0a18-4cd8-869d-1ab37b97d29c', '239670df-55c3-4a83-a28d-824538aa2ea7', '6bdf64b0-028f-43d3-a700-d7be9d62ace3', '01169ce5-132e-4ef1-a0bd-9d4447b766b7', 229.67, CURRENT_TIMESTAMP);
INSERT INTO "saved_designs" ("id", "user_id", "model_id", "selected_material", "selected_color", "selected_fabric", "selected_size", "calculated_price", "created_at") VALUES ('68df2c39-7d57-405d-8828-f2ff04b1a988', 'd8bb713c-3500-413d-955b-70438f087fc4', '39898a3f-c413-420d-820d-a21e480ddb22', 'c696f726-abfe-4015-add6-23a8b329debf', 'e65a215c-bc7e-49fb-8bd2-2952db0cfaf5', 'b205f7b1-d383-4bf1-a5cc-14ee4b147c59', 'cc4f6a48-5202-4d48-9ec7-90f0f8980c6a', 340.04, CURRENT_TIMESTAMP);
INSERT INTO "saved_designs" ("id", "user_id", "model_id", "selected_material", "selected_color", "selected_fabric", "selected_size", "calculated_price", "created_at") VALUES ('b522d061-d2ba-47d5-9366-1796aa164b3f', '05810ffd-fa02-4052-9232-5342d3ac72a1', 'b1c5f610-a888-4b10-804e-c10c3fdf5598', 'ef2ba18c-55c6-45a3-a99d-4db49219baf9', '48a6f636-3bae-4d56-be66-18369c3f5004', '8f1e9d81-f75a-4990-bcff-b722a15d33a9', '153dcf9e-7974-4b46-b5ce-8554906d1cf3', 174.04, CURRENT_TIMESTAMP);
INSERT INTO "saved_designs" ("id", "user_id", "model_id", "selected_material", "selected_color", "selected_fabric", "selected_size", "calculated_price", "created_at") VALUES ('eaa38af5-8fda-48df-a2ab-50200f0cf9c6', '98900323-fffd-42e6-80fd-c6ec634e46c0', 'dfbd553e-5645-4367-ae7b-6c5f6417d7ea', 'b33e6905-d153-48f0-bd3e-fa918249ff50', '7d1c0970-cc46-4b3b-bd50-26e2f070d9d8', 'b6da8caa-0855-4584-9d73-910ff88ca0e8', 'adf97f9f-0d47-4276-96b0-099c049a2ea3', 260.75, CURRENT_TIMESTAMP);
INSERT INTO "saved_designs" ("id", "user_id", "model_id", "selected_material", "selected_color", "selected_fabric", "selected_size", "calculated_price", "created_at") VALUES ('04cb4841-98cf-49eb-9fed-85189f7d6cd6', 'fac6dbc3-d74a-41c9-8378-fcedc4f64f1d', '6f459830-996a-4f45-b5c6-ae4ddc80f182', 'b33e6905-d153-48f0-bd3e-fa918249ff50', '81d1224e-3fb0-4302-b41a-ca1b2ac35b92', '6bdf64b0-028f-43d3-a700-d7be9d62ace3', '1367eb93-10bd-4080-bc43-3bd7efdfba70', 68.39, CURRENT_TIMESTAMP);
INSERT INTO "saved_designs" ("id", "user_id", "model_id", "selected_material", "selected_color", "selected_fabric", "selected_size", "calculated_price", "created_at") VALUES ('b06c407b-805e-4e80-8908-02ae72908ba6', 'c283ec78-28a6-4d27-a7b1-a80f2ce4d726', '7de43fc7-b43d-404b-b713-d69c61f80145', '1aa3dbd1-83e3-4882-8c6e-7cca890b303b', '4152c4c5-2b75-47fe-9b5b-2507f0e9621c', '0992f5ff-b533-4efb-ae37-c5d0dfa0b176', '3c227baa-5b6b-43f4-b841-b323dbecb242', 47.99, CURRENT_TIMESTAMP);
INSERT INTO "saved_designs" ("id", "user_id", "model_id", "selected_material", "selected_color", "selected_fabric", "selected_size", "calculated_price", "created_at") VALUES ('c6428358-e867-4ffd-886d-ead881a8a08a', '7c6256fb-9390-4fba-9284-96ff616917b9', '3daef0db-c1b2-430e-a2ca-faae8b64c345', '244a1084-0a18-4cd8-869d-1ab37b97d29c', '1fe6a245-077b-41db-aa29-0429a599e9e4', 'dc37ad17-ebc7-4992-8784-ac2b9f00f823', '3c227baa-5b6b-43f4-b841-b323dbecb242', 58.03, CURRENT_TIMESTAMP);
INSERT INTO "saved_designs" ("id", "user_id", "model_id", "selected_material", "selected_color", "selected_fabric", "selected_size", "calculated_price", "created_at") VALUES ('ac0d9a28-2c65-42f3-83b3-4bc9845754e6', '9ae81e5c-d32c-4639-a604-43c4d56ec22b', 'b2511217-cf4e-47ee-b1f0-a5803b3e0393', '0334980b-5c11-4bb2-804d-e5b40818829d', 'a6bc93eb-b9ed-47ce-823a-3b8093682c4b', '0e690ebd-b421-4dab-b84a-b9bddf04d2af', '1367eb93-10bd-4080-bc43-3bd7efdfba70', 379.84, CURRENT_TIMESTAMP);
INSERT INTO "saved_designs" ("id", "user_id", "model_id", "selected_material", "selected_color", "selected_fabric", "selected_size", "calculated_price", "created_at") VALUES ('55d67c3c-2e81-4120-a387-10e557c59dda', '001c3674-42ad-4302-823a-5460b3c73561', 'abd03aea-6323-43d3-84d9-3fc2b774fc44', 'd5008572-84d2-4d7d-9773-90f660efde64', '2fbfa83d-4995-4918-8411-51ce0ab6136a', '134ab4d5-659a-4c5f-84a7-3d90cde15eba', '3c227baa-5b6b-43f4-b841-b323dbecb242', 482.66, CURRENT_TIMESTAMP);
INSERT INTO "saved_designs" ("id", "user_id", "model_id", "selected_material", "selected_color", "selected_fabric", "selected_size", "calculated_price", "created_at") VALUES ('2dbbec84-afb4-46ec-aad2-3d92324faa27', 'bf859116-607a-4d6e-a3fe-09a25c1f5571', '5e065450-7d36-4add-9f79-bddfa89ace43', 'b33e6905-d153-48f0-bd3e-fa918249ff50', '48a6f636-3bae-4d56-be66-18369c3f5004', '120dd6d3-5f51-4bcc-9de9-0baeee74e527', '03b85dab-5bcf-4f3e-bb02-2a8e8df39578', 209.49, CURRENT_TIMESTAMP);
INSERT INTO "saved_designs" ("id", "user_id", "model_id", "selected_material", "selected_color", "selected_fabric", "selected_size", "calculated_price", "created_at") VALUES ('83fc425e-bf80-4b7f-b9c0-81a994fcd0b4', '90a0cd6f-a791-4bad-b956-0c5b7a7e45ae', 'dfbd553e-5645-4367-ae7b-6c5f6417d7ea', 'b33e6905-d153-48f0-bd3e-fa918249ff50', '4bfba6c4-3c7f-4f89-806f-4fd242ebc3bc', '134ab4d5-659a-4c5f-84a7-3d90cde15eba', 'cc4f6a48-5202-4d48-9ec7-90f0f8980c6a', 192.29, CURRENT_TIMESTAMP);
INSERT INTO "saved_designs" ("id", "user_id", "model_id", "selected_material", "selected_color", "selected_fabric", "selected_size", "calculated_price", "created_at") VALUES ('dce326aa-44f7-456b-b684-4d138e2521a7', 'fac6dbc3-d74a-41c9-8378-fcedc4f64f1d', '09cb232a-e676-49a8-a3cb-2f3e5995853f', '32f5084e-64c1-4fa4-8ff6-f9b5eb4d8296', '7d1c0970-cc46-4b3b-bd50-26e2f070d9d8', '6a62c408-f039-4daf-87d4-895220b9e168', 'fb66ea7b-c4c2-4fc5-8bb2-aef36b2b7770', 279.97, CURRENT_TIMESTAMP);

-- Table: saved_design_addons
INSERT INTO "saved_design_addons" ("saved_design_id", "addon_id") VALUES ('ac7ed4b8-d5b1-435d-b6ea-de11d930392c', 'ac7ed4b8-d5b1-435d-b6ea-de11d930392c');
INSERT INTO "saved_design_addons" ("saved_design_id", "addon_id") VALUES ('83693c1e-6937-4adb-a29c-8b0c8cef448b', '83693c1e-6937-4adb-a29c-8b0c8cef448b');
INSERT INTO "saved_design_addons" ("saved_design_id", "addon_id") VALUES ('8db29f39-629a-46b4-9639-cbdaf1d3ca62', '8db29f39-629a-46b4-9639-cbdaf1d3ca62');
INSERT INTO "saved_design_addons" ("saved_design_id", "addon_id") VALUES ('e5a84cb8-8cf0-4d86-875c-79de5975ee5b', 'e5a84cb8-8cf0-4d86-875c-79de5975ee5b');
INSERT INTO "saved_design_addons" ("saved_design_id", "addon_id") VALUES ('86964b63-ce70-4c48-a5d6-cbf679ba2c42', '86964b63-ce70-4c48-a5d6-cbf679ba2c42');
INSERT INTO "saved_design_addons" ("saved_design_id", "addon_id") VALUES ('1d0dc137-31e9-45ba-b9f0-fbb6a7530aef', '1d0dc137-31e9-45ba-b9f0-fbb6a7530aef');
INSERT INTO "saved_design_addons" ("saved_design_id", "addon_id") VALUES ('45cf68d5-b9dd-4d6b-8c5d-3d555ec19d9f', '45cf68d5-b9dd-4d6b-8c5d-3d555ec19d9f');
INSERT INTO "saved_design_addons" ("saved_design_id", "addon_id") VALUES ('8e02ade1-957d-41ca-872a-a2ba09bc7ff7', '8e02ade1-957d-41ca-872a-a2ba09bc7ff7');
INSERT INTO "saved_design_addons" ("saved_design_id", "addon_id") VALUES ('712f8d8e-82e8-4c9c-972c-96ba98047513', '712f8d8e-82e8-4c9c-972c-96ba98047513');
INSERT INTO "saved_design_addons" ("saved_design_id", "addon_id") VALUES ('101f09c8-f678-4783-a5b1-cc8dcddb7894', '101f09c8-f678-4783-a5b1-cc8dcddb7894');
INSERT INTO "saved_design_addons" ("saved_design_id", "addon_id") VALUES ('3258664b-7a6c-45df-90e7-f5a30a06752c', '3258664b-7a6c-45df-90e7-f5a30a06752c');
INSERT INTO "saved_design_addons" ("saved_design_id", "addon_id") VALUES ('aefe7eb5-ffca-49a7-8cef-5c868e130ce5', 'aefe7eb5-ffca-49a7-8cef-5c868e130ce5');
INSERT INTO "saved_design_addons" ("saved_design_id", "addon_id") VALUES ('bedec67b-f7ba-4a2e-b333-d46afdfb4ed6', 'bedec67b-f7ba-4a2e-b333-d46afdfb4ed6');
INSERT INTO "saved_design_addons" ("saved_design_id", "addon_id") VALUES ('b88f7c77-8b90-4114-a15f-21a3d6c6ce46', 'b88f7c77-8b90-4114-a15f-21a3d6c6ce46');
INSERT INTO "saved_design_addons" ("saved_design_id", "addon_id") VALUES ('752a27b2-490d-4782-8eec-a1777d0df502', '752a27b2-490d-4782-8eec-a1777d0df502');
INSERT INTO "saved_design_addons" ("saved_design_id", "addon_id") VALUES ('03d6c522-b503-4528-bee3-472e422b90ba', '03d6c522-b503-4528-bee3-472e422b90ba');
INSERT INTO "saved_design_addons" ("saved_design_id", "addon_id") VALUES ('c18a7568-9075-4b3c-bf10-2d46a3ec8cc8', 'c18a7568-9075-4b3c-bf10-2d46a3ec8cc8');
INSERT INTO "saved_design_addons" ("saved_design_id", "addon_id") VALUES ('e0b420e2-2f47-4de8-827d-add8aabfde1e', 'e0b420e2-2f47-4de8-827d-add8aabfde1e');
INSERT INTO "saved_design_addons" ("saved_design_id", "addon_id") VALUES ('72dbb987-ddfc-4a6b-806e-bcb6270595df', '72dbb987-ddfc-4a6b-806e-bcb6270595df');
INSERT INTO "saved_design_addons" ("saved_design_id", "addon_id") VALUES ('1513ac02-e7da-4759-b6eb-1e3946d7ac25', '1513ac02-e7da-4759-b6eb-1e3946d7ac25');
INSERT INTO "saved_design_addons" ("saved_design_id", "addon_id") VALUES ('1f74c92b-9f16-4601-a198-2eb517487746', '1f74c92b-9f16-4601-a198-2eb517487746');
INSERT INTO "saved_design_addons" ("saved_design_id", "addon_id") VALUES ('8200ed97-005e-4eb0-91a4-f0bea06729df', '8200ed97-005e-4eb0-91a4-f0bea06729df');
INSERT INTO "saved_design_addons" ("saved_design_id", "addon_id") VALUES ('846c59b7-da65-40ae-9529-48e7b5741f5f', '846c59b7-da65-40ae-9529-48e7b5741f5f');
INSERT INTO "saved_design_addons" ("saved_design_id", "addon_id") VALUES ('598402eb-cb16-4fc0-b5f0-38167201e957', '598402eb-cb16-4fc0-b5f0-38167201e957');
INSERT INTO "saved_design_addons" ("saved_design_id", "addon_id") VALUES ('9ae520bd-7c57-4a71-ae90-13eac5301ead', '9ae520bd-7c57-4a71-ae90-13eac5301ead');

-- Table: carts
INSERT INTO "carts" ("id", "user_id", "created_at") VALUES ('bb4d9cda-03cc-40e9-a75e-27fd6e7295b2', 'bf859116-607a-4d6e-a3fe-09a25c1f5571', CURRENT_TIMESTAMP);
INSERT INTO "carts" ("id", "user_id", "created_at") VALUES ('9606412d-1692-4e64-bbf9-a42895ae6864', 'd8bb713c-3500-413d-955b-70438f087fc4', CURRENT_TIMESTAMP);
INSERT INTO "carts" ("id", "user_id", "created_at") VALUES ('22c3ef25-9e0b-4e85-af58-c1bab9473609', '05810ffd-fa02-4052-9232-5342d3ac72a1', CURRENT_TIMESTAMP);
INSERT INTO "carts" ("id", "user_id", "created_at") VALUES ('448d2bd5-fed0-4160-8810-914db01b2441', '7c6256fb-9390-4fba-9284-96ff616917b9', CURRENT_TIMESTAMP);
INSERT INTO "carts" ("id", "user_id", "created_at") VALUES ('5759bb11-7d66-42e7-a5b9-66df64a6222b', 'd8bb713c-3500-413d-955b-70438f087fc4', CURRENT_TIMESTAMP);
INSERT INTO "carts" ("id", "user_id", "created_at") VALUES ('09dd9368-6fe3-47db-87e5-f690e89b9311', 'bf859116-607a-4d6e-a3fe-09a25c1f5571', CURRENT_TIMESTAMP);
INSERT INTO "carts" ("id", "user_id", "created_at") VALUES ('72870bfb-91a1-4795-b8f7-98a02c67cbe4', '001c3674-42ad-4302-823a-5460b3c73561', CURRENT_TIMESTAMP);
INSERT INTO "carts" ("id", "user_id", "created_at") VALUES ('69a1c0e2-5d4b-4fac-b458-bee836bdc05b', 'aff9b5e9-0248-4bd8-a7d5-d33b89f7d6d0', CURRENT_TIMESTAMP);
INSERT INTO "carts" ("id", "user_id", "created_at") VALUES ('4cc39274-04f1-4704-933b-ae823b5febc7', '1176ee68-cb99-4d88-bbd9-7ef9583be241', CURRENT_TIMESTAMP);
INSERT INTO "carts" ("id", "user_id", "created_at") VALUES ('82bc0be6-9c46-4759-824b-9505167837a7', 'afe1267f-e8fb-4492-b61f-d317600ae9c2', CURRENT_TIMESTAMP);
INSERT INTO "carts" ("id", "user_id", "created_at") VALUES ('a669b33d-e203-4fd2-8860-6edc52f830ba', '05810ffd-fa02-4052-9232-5342d3ac72a1', CURRENT_TIMESTAMP);
INSERT INTO "carts" ("id", "user_id", "created_at") VALUES ('c28cd7ba-c471-4fae-9354-64ed7603e99e', '9ae81e5c-d32c-4639-a604-43c4d56ec22b', CURRENT_TIMESTAMP);
INSERT INTO "carts" ("id", "user_id", "created_at") VALUES ('b9bd1cea-4aed-49fb-ad79-eb1604d8bcc7', 'fac6dbc3-d74a-41c9-8378-fcedc4f64f1d', CURRENT_TIMESTAMP);
INSERT INTO "carts" ("id", "user_id", "created_at") VALUES ('ced3dcd6-43cc-4ea0-8552-23b9bf93fda1', '9ae81e5c-d32c-4639-a604-43c4d56ec22b', CURRENT_TIMESTAMP);
INSERT INTO "carts" ("id", "user_id", "created_at") VALUES ('33b2b90e-c243-45cd-bbe3-24ae141ed317', 'afe1267f-e8fb-4492-b61f-d317600ae9c2', CURRENT_TIMESTAMP);
INSERT INTO "carts" ("id", "user_id", "created_at") VALUES ('38cd35fd-af0e-4ecc-85c1-72e8657b4b85', 'd8bb713c-3500-413d-955b-70438f087fc4', CURRENT_TIMESTAMP);
INSERT INTO "carts" ("id", "user_id", "created_at") VALUES ('716ca594-6687-453a-b2eb-3414548ee64e', '001c3674-42ad-4302-823a-5460b3c73561', CURRENT_TIMESTAMP);
INSERT INTO "carts" ("id", "user_id", "created_at") VALUES ('da5d858f-94ab-473e-8823-f2ae70a652db', '642fe8f8-48c6-4277-9da9-0be891d27df9', CURRENT_TIMESTAMP);
INSERT INTO "carts" ("id", "user_id", "created_at") VALUES ('c6d38447-13da-4245-9fc1-1c7c41837b80', 'c5e6085d-7bf0-4793-b818-29fdbdd69ba0', CURRENT_TIMESTAMP);
INSERT INTO "carts" ("id", "user_id", "created_at") VALUES ('f89f0928-9659-4586-b63f-1e2895b78b3f', '9ae81e5c-d32c-4639-a604-43c4d56ec22b', CURRENT_TIMESTAMP);
INSERT INTO "carts" ("id", "user_id", "created_at") VALUES ('334ea381-8bfd-44f6-9579-8b332913c128', '642fe8f8-48c6-4277-9da9-0be891d27df9', CURRENT_TIMESTAMP);
INSERT INTO "carts" ("id", "user_id", "created_at") VALUES ('704ce8c7-dde5-4b0f-b420-87db7b7968c4', 'e915247c-2d7e-4732-94bb-060ac71536a1', CURRENT_TIMESTAMP);
INSERT INTO "carts" ("id", "user_id", "created_at") VALUES ('722b43e9-366f-48b6-becf-5cf49463f087', '13d888f8-06cd-4c6e-9bf8-fab80aab765d', CURRENT_TIMESTAMP);
INSERT INTO "carts" ("id", "user_id", "created_at") VALUES ('9b2efae8-2e7c-4264-9a4c-718374756013', '05810ffd-fa02-4052-9232-5342d3ac72a1', CURRENT_TIMESTAMP);
INSERT INTO "carts" ("id", "user_id", "created_at") VALUES ('088456a0-b184-401e-93c5-99798eb36447', '98c500f3-b1ec-4a62-9146-b92bdf6e546b', CURRENT_TIMESTAMP);

-- Table: cart_items
INSERT INTO "cart_items" ("id", "cart_id", "saved_design_id", "quantity") VALUES ('40aab198-03d9-40d9-8507-0103d838663b', 'bb4d9cda-03cc-40e9-a75e-27fd6e7295b2', '53727b59-8d94-4871-adf3-edda1d8668e2', 69);
INSERT INTO "cart_items" ("id", "cart_id", "saved_design_id", "quantity") VALUES ('eacdc8a8-7fd6-47ac-a7bd-ee47c4d2082d', 'b9bd1cea-4aed-49fb-ad79-eb1604d8bcc7', 'ac0d9a28-2c65-42f3-83b3-4bc9845754e6', 50);
INSERT INTO "cart_items" ("id", "cart_id", "saved_design_id", "quantity") VALUES ('222a2646-a13a-4f83-b5e1-9b3e20e38169', '716ca594-6687-453a-b2eb-3414548ee64e', 'eaa38af5-8fda-48df-a2ab-50200f0cf9c6', 90);
INSERT INTO "cart_items" ("id", "cart_id", "saved_design_id", "quantity") VALUES ('56605be1-c988-4264-b1dd-15446504474c', 'ced3dcd6-43cc-4ea0-8552-23b9bf93fda1', 'c6428358-e867-4ffd-886d-ead881a8a08a', 82);
INSERT INTO "cart_items" ("id", "cart_id", "saved_design_id", "quantity") VALUES ('6522dddc-b775-4654-8222-b7859b9193ec', '5759bb11-7d66-42e7-a5b9-66df64a6222b', 'ed33ee57-ba83-4ccb-8eb6-6069dd20e22f', 52);
INSERT INTO "cart_items" ("id", "cart_id", "saved_design_id", "quantity") VALUES ('2efe9d07-f840-489a-944d-bdee127f3132', '09dd9368-6fe3-47db-87e5-f690e89b9311', 'b06c407b-805e-4e80-8908-02ae72908ba6', 94);
INSERT INTO "cart_items" ("id", "cart_id", "saved_design_id", "quantity") VALUES ('550bd0c4-3973-4678-bb50-5581000d169e', '9606412d-1692-4e64-bbf9-a42895ae6864', 'c48e2b5a-4c08-491f-8330-84f4976b7f61', 89);
INSERT INTO "cart_items" ("id", "cart_id", "saved_design_id", "quantity") VALUES ('0f83f86a-34a3-4b1d-b270-cb4a98ae2098', 'bb4d9cda-03cc-40e9-a75e-27fd6e7295b2', '04cb4841-98cf-49eb-9fed-85189f7d6cd6', 15);
INSERT INTO "cart_items" ("id", "cart_id", "saved_design_id", "quantity") VALUES ('ec8faf88-3e18-429d-a376-569601ce258c', '33b2b90e-c243-45cd-bbe3-24ae141ed317', '8267d88a-fb1e-4a75-bc6c-c8dd9824843f', 12);
INSERT INTO "cart_items" ("id", "cart_id", "saved_design_id", "quantity") VALUES ('e6b314a3-41fc-48aa-a9f4-30a2c2ecde7b', 'da5d858f-94ab-473e-8823-f2ae70a652db', '862bf778-785e-449e-a33d-93d92004824a', 75);
INSERT INTO "cart_items" ("id", "cart_id", "saved_design_id", "quantity") VALUES ('2007fbc4-ef60-4344-bc90-7366861c1339', '82bc0be6-9c46-4759-824b-9505167837a7', '8267d88a-fb1e-4a75-bc6c-c8dd9824843f', 78);
INSERT INTO "cart_items" ("id", "cart_id", "saved_design_id", "quantity") VALUES ('bf5ab630-d17e-4263-904f-663eb237369e', 'a669b33d-e203-4fd2-8860-6edc52f830ba', '013e1eb3-edd6-492d-95fd-7321ca4c1f90', 0);
INSERT INTO "cart_items" ("id", "cart_id", "saved_design_id", "quantity") VALUES ('7a0d7f2f-67ab-441d-a3b9-6db6b2f71ce4', 'ced3dcd6-43cc-4ea0-8552-23b9bf93fda1', '53727b59-8d94-4871-adf3-edda1d8668e2', 46);
INSERT INTO "cart_items" ("id", "cart_id", "saved_design_id", "quantity") VALUES ('7a18b0a0-cd55-46ae-9492-2ca7ccacc48d', '448d2bd5-fed0-4160-8810-914db01b2441', 'ed33ee57-ba83-4ccb-8eb6-6069dd20e22f', 87);
INSERT INTO "cart_items" ("id", "cart_id", "saved_design_id", "quantity") VALUES ('ea779677-5b1c-4a8f-bd63-1125b06cffa3', 'b9bd1cea-4aed-49fb-ad79-eb1604d8bcc7', 'dce326aa-44f7-456b-b684-4d138e2521a7', 27);
INSERT INTO "cart_items" ("id", "cart_id", "saved_design_id", "quantity") VALUES ('46a9671f-a5ec-46ef-9505-1df773263585', '722b43e9-366f-48b6-becf-5cf49463f087', 'eaa38af5-8fda-48df-a2ab-50200f0cf9c6', 74);
INSERT INTO "cart_items" ("id", "cart_id", "saved_design_id", "quantity") VALUES ('38ccb28f-b018-4401-a9ac-08c7e5879186', '722b43e9-366f-48b6-becf-5cf49463f087', '83fc425e-bf80-4b7f-b9c0-81a994fcd0b4', 74);
INSERT INTO "cart_items" ("id", "cart_id", "saved_design_id", "quantity") VALUES ('8662d19c-282e-43e4-b091-4c99d98e8158', 'da5d858f-94ab-473e-8823-f2ae70a652db', '013e1eb3-edd6-492d-95fd-7321ca4c1f90', 27);
INSERT INTO "cart_items" ("id", "cart_id", "saved_design_id", "quantity") VALUES ('8abad88a-27e6-4133-9ada-7c9c8bca4f8a', 'f89f0928-9659-4586-b63f-1e2895b78b3f', 'ae5d88c6-2174-40fc-8aef-298006083cc6', 9);
INSERT INTO "cart_items" ("id", "cart_id", "saved_design_id", "quantity") VALUES ('be9501f8-9ca7-4210-9e2a-fa7610d5e439', '9b2efae8-2e7c-4264-9a4c-718374756013', 'b06c407b-805e-4e80-8908-02ae72908ba6', 73);
INSERT INTO "cart_items" ("id", "cart_id", "saved_design_id", "quantity") VALUES ('dafbecad-c597-481c-8e7a-e26ba44cb888', 'bb4d9cda-03cc-40e9-a75e-27fd6e7295b2', 'bd4a5327-78de-4dad-a582-c7b45f07b093', 13);
INSERT INTO "cart_items" ("id", "cart_id", "saved_design_id", "quantity") VALUES ('1ce5649c-d2a2-4c88-8da6-8f107bd782f6', '088456a0-b184-401e-93c5-99798eb36447', 'b06c407b-805e-4e80-8908-02ae72908ba6', 3);
INSERT INTO "cart_items" ("id", "cart_id", "saved_design_id", "quantity") VALUES ('3040c7dd-142d-4a57-b669-e9d655a37568', '09dd9368-6fe3-47db-87e5-f690e89b9311', '8267d88a-fb1e-4a75-bc6c-c8dd9824843f', 97);
INSERT INTO "cart_items" ("id", "cart_id", "saved_design_id", "quantity") VALUES ('db6de44e-c57d-4916-bdd9-e0cc2dd52b47', '33b2b90e-c243-45cd-bbe3-24ae141ed317', 'dce326aa-44f7-456b-b684-4d138e2521a7', 83);
INSERT INTO "cart_items" ("id", "cart_id", "saved_design_id", "quantity") VALUES ('247a3747-eb3d-42fb-afcd-4e5e62b31d1e', '69a1c0e2-5d4b-4fac-b458-bee836bdc05b', 'ae5d88c6-2174-40fc-8aef-298006083cc6', 57);

-- Table: orders
INSERT INTO "orders" ("id", "user_id", "total_amount", "tax_amount", "discount_amount", "final_amount", "status", "payment_status", "address_id", "created_at") VALUES ('307e5a51-2563-42d6-9444-ce0b8c759e8a', 'd8bb713c-3500-413d-955b-70438f087fc4', 380.92, 480.96, 150.13, 73.53, 'Chic', 'Elegant', '9f43c644-0aaf-458e-807c-49a5dac98b76', CURRENT_TIMESTAMP);
INSERT INTO "orders" ("id", "user_id", "total_amount", "tax_amount", "discount_amount", "final_amount", "status", "payment_status", "address_id", "created_at") VALUES ('d20585a2-c228-4852-b455-6319e1f26d9a', '90a0cd6f-a791-4bad-b956-0c5b7a7e45ae', 197.65, 316.93, 411.67, 293.44, 'Comfortable', 'Vintage', '7c958b8f-97f9-4513-a363-efe9d363efef', CURRENT_TIMESTAMP);
INSERT INTO "orders" ("id", "user_id", "total_amount", "tax_amount", "discount_amount", "final_amount", "status", "payment_status", "address_id", "created_at") VALUES ('d86c1019-3578-472f-830e-5335965f2ea5', '90a0cd6f-a791-4bad-b956-0c5b7a7e45ae', 211.07, 83.64, 120.64, 51.79, 'Premium', 'Comfortable', '7511f9bb-74ba-4991-b047-a63c3b119c38', CURRENT_TIMESTAMP);
INSERT INTO "orders" ("id", "user_id", "total_amount", "tax_amount", "discount_amount", "final_amount", "status", "payment_status", "address_id", "created_at") VALUES ('f32573bc-cdce-42d9-b31a-3cac8ed94ecc', 'c283ec78-28a6-4d27-a7b1-a80f2ce4d726', 168.32, 243.28, 466.78, 351.72, 'Minimalist', 'Premium', '053dc33a-c806-4e3e-8cf3-d4f5c3c517bc', CURRENT_TIMESTAMP);
INSERT INTO "orders" ("id", "user_id", "total_amount", "tax_amount", "discount_amount", "final_amount", "status", "payment_status", "address_id", "created_at") VALUES ('6115680a-6696-4d54-94b1-905acd501b79', '98900323-fffd-42e6-80fd-c6ec634e46c0', 447.18, 437.80, 445.60, 47.09, 'Contemporary', 'Premium', '3507850f-4e0c-4da4-9a4d-5933cc2f5f41', CURRENT_TIMESTAMP);
INSERT INTO "orders" ("id", "user_id", "total_amount", "tax_amount", "discount_amount", "final_amount", "status", "payment_status", "address_id", "created_at") VALUES ('acdc637c-4cc4-4ea7-a3cc-0df61151d361', 'e915247c-2d7e-4732-94bb-060ac71536a1', 380.40, 408.87, 129.17, 334.67, 'Vintage', 'Cozy', 'b51b0f2d-e888-4aba-bc79-273a988c01ec', CURRENT_TIMESTAMP);
INSERT INTO "orders" ("id", "user_id", "total_amount", "tax_amount", "discount_amount", "final_amount", "status", "payment_status", "address_id", "created_at") VALUES ('472bece3-cc7a-42e5-b080-5a302e5be792', '9ae81e5c-d32c-4639-a604-43c4d56ec22b', 188.94, 297.18, 476.16, 59.05, 'Chic', 'Chic', 'bd36788c-2070-4394-9d88-a02c2e78d816', CURRENT_TIMESTAMP);
INSERT INTO "orders" ("id", "user_id", "total_amount", "tax_amount", "discount_amount", "final_amount", "status", "payment_status", "address_id", "created_at") VALUES ('4f657e8e-0d63-48b1-8cbd-9f588a45bb3b', '642fe8f8-48c6-4277-9da9-0be891d27df9', 210.26, 52.89, 408.09, 42.73, 'Stylish', 'Premium', '10aeb099-c0c4-4284-8f12-2d420f45937f', CURRENT_TIMESTAMP);
INSERT INTO "orders" ("id", "user_id", "total_amount", "tax_amount", "discount_amount", "final_amount", "status", "payment_status", "address_id", "created_at") VALUES ('ac01ca2a-7aab-485f-b867-8bc6858604b5', 'b5c57f27-82cc-4f41-8df3-c294ab6fe2c1', 167.01, 283.75, 265.58, 127.05, 'Modern', 'Modern', '7a6c3ac0-9960-4b9e-bfd9-9443d578e8e3', CURRENT_TIMESTAMP);
INSERT INTO "orders" ("id", "user_id", "total_amount", "tax_amount", "discount_amount", "final_amount", "status", "payment_status", "address_id", "created_at") VALUES ('07074a73-8faf-45f3-80c2-1794901439f9', '05810ffd-fa02-4052-9232-5342d3ac72a1', 474.76, 28.46, 54.99, 326.37, 'Experience', 'Comfortable', '4b6a1977-cd61-4c7e-a501-059b860e753d', CURRENT_TIMESTAMP);
INSERT INTO "orders" ("id", "user_id", "total_amount", "tax_amount", "discount_amount", "final_amount", "status", "payment_status", "address_id", "created_at") VALUES ('07ba578d-c238-47f4-9c00-ca5c7b25bd30', '1c3f0343-c8a7-4a94-932a-c35989eb659b', 439.75, 123.06, 386.44, 242.58, 'Sleek', 'Premium', 'd6fe6844-ad3e-47ac-9ce4-07f42071bf18', CURRENT_TIMESTAMP);
INSERT INTO "orders" ("id", "user_id", "total_amount", "tax_amount", "discount_amount", "final_amount", "status", "payment_status", "address_id", "created_at") VALUES ('d5fbf50f-ecab-4a87-9c59-20ed40034711', '92c3a7f8-163a-41ab-bac4-6d501221fcb6', 180.46, 116.99, 14.65, 501.63, 'Sturdy', 'Luxury', 'b51b0f2d-e888-4aba-bc79-273a988c01ec', CURRENT_TIMESTAMP);
INSERT INTO "orders" ("id", "user_id", "total_amount", "tax_amount", "discount_amount", "final_amount", "status", "payment_status", "address_id", "created_at") VALUES ('0b172fc7-7bf9-45fb-95d4-bdee13b06a4c', '1176ee68-cb99-4d88-bbd9-7ef9583be241', 220.28, 478.01, 414.21, 311.08, 'Premium', 'Modern', '5b969a3b-4e15-4162-a6e4-4a7a74ec557e', CURRENT_TIMESTAMP);
INSERT INTO "orders" ("id", "user_id", "total_amount", "tax_amount", "discount_amount", "final_amount", "status", "payment_status", "address_id", "created_at") VALUES ('544dff31-b21a-4388-91b7-baccb7572976', '13d888f8-06cd-4c6e-9bf8-fab80aab765d', 164.32, 383.29, 203.15, 180.96, 'Experience', 'Vintage', '30ba9b81-cf76-4436-8906-6c54fe4af55e', CURRENT_TIMESTAMP);
INSERT INTO "orders" ("id", "user_id", "total_amount", "tax_amount", "discount_amount", "final_amount", "status", "payment_status", "address_id", "created_at") VALUES ('0afb86b5-e13f-4b4e-b17b-1c40ba589131', '8b20826e-a028-4279-81ba-c3d13c293b97', 140.72, 500.16, 414.81, 491.07, 'Elegant', 'Classic', '167d6329-4be8-4e68-ae5e-bf5fd89baf4a', CURRENT_TIMESTAMP);
INSERT INTO "orders" ("id", "user_id", "total_amount", "tax_amount", "discount_amount", "final_amount", "status", "payment_status", "address_id", "created_at") VALUES ('a53fcc79-868d-48bd-be5e-a86f3c822805', '10e2758c-da11-4d44-a04f-79790473caf7', 328.11, 61.74, 286.15, 372.84, 'Modern', 'Premium', '4b6a1977-cd61-4c7e-a501-059b860e753d', CURRENT_TIMESTAMP);
INSERT INTO "orders" ("id", "user_id", "total_amount", "tax_amount", "discount_amount", "final_amount", "status", "payment_status", "address_id", "created_at") VALUES ('f9ee8558-2790-4760-b33a-4608ed2c4c89', '10e2758c-da11-4d44-a04f-79790473caf7', 266.07, 221.48, 261.92, 43.73, 'Premium', 'Sturdy', '7a6c3ac0-9960-4b9e-bfd9-9443d578e8e3', CURRENT_TIMESTAMP);
INSERT INTO "orders" ("id", "user_id", "total_amount", "tax_amount", "discount_amount", "final_amount", "status", "payment_status", "address_id", "created_at") VALUES ('cac21f10-8032-4fc8-be98-525038d99787', 'c5e6085d-7bf0-4793-b818-29fdbdd69ba0', 507.09, 502.67, 197.67, 291.07, 'Comfortable', 'Contemporary', '5b969a3b-4e15-4162-a6e4-4a7a74ec557e', CURRENT_TIMESTAMP);
INSERT INTO "orders" ("id", "user_id", "total_amount", "tax_amount", "discount_amount", "final_amount", "status", "payment_status", "address_id", "created_at") VALUES ('8492f19f-5414-4e30-b5fc-b07d043ee540', '1c3f0343-c8a7-4a94-932a-c35989eb659b', 311.24, 20.35, 251.31, 369.95, 'Experience', 'Sleek', '921d81fb-d12b-41bf-947d-3cd1e18b78e2', CURRENT_TIMESTAMP);
INSERT INTO "orders" ("id", "user_id", "total_amount", "tax_amount", "discount_amount", "final_amount", "status", "payment_status", "address_id", "created_at") VALUES ('cf762997-8a46-4fcc-87e7-38ef12d26f86', '92c3a7f8-163a-41ab-bac4-6d501221fcb6', 453.93, 390.19, 10.95, 302.11, 'Stylish', 'Stylish', '641c8170-2dac-41b3-8281-2804cf33a3c5', CURRENT_TIMESTAMP);
INSERT INTO "orders" ("id", "user_id", "total_amount", "tax_amount", "discount_amount", "final_amount", "status", "payment_status", "address_id", "created_at") VALUES ('351a556e-a120-4ea7-88fd-c00f4cca67a6', 'fac6dbc3-d74a-41c9-8378-fcedc4f64f1d', 291.65, 210.87, 493.82, 25.06, 'Luxury', 'Sleek', '7a6c3ac0-9960-4b9e-bfd9-9443d578e8e3', CURRENT_TIMESTAMP);
INSERT INTO "orders" ("id", "user_id", "total_amount", "tax_amount", "discount_amount", "final_amount", "status", "payment_status", "address_id", "created_at") VALUES ('5cbdc987-776b-4297-8a86-296d46eff35d', '05810ffd-fa02-4052-9232-5342d3ac72a1', 445.12, 39.57, 139.49, 239.29, 'Contemporary', 'Rustic', '641c8170-2dac-41b3-8281-2804cf33a3c5', CURRENT_TIMESTAMP);
INSERT INTO "orders" ("id", "user_id", "total_amount", "tax_amount", "discount_amount", "final_amount", "status", "payment_status", "address_id", "created_at") VALUES ('bce527b2-8e14-4a7e-b95d-6c2b9016021d', '1176ee68-cb99-4d88-bbd9-7ef9583be241', 229.89, 228.96, 236.85, 217.82, 'Sleek', 'Chic', 'b51b0f2d-e888-4aba-bc79-273a988c01ec', CURRENT_TIMESTAMP);
INSERT INTO "orders" ("id", "user_id", "total_amount", "tax_amount", "discount_amount", "final_amount", "status", "payment_status", "address_id", "created_at") VALUES ('898713e3-04e2-47ee-8d84-98d758f7c83d', 'afe1267f-e8fb-4492-b61f-d317600ae9c2', 399.24, 382.37, 70.30, 11.81, 'Elegant', 'Contemporary', '314267e3-b225-44fe-af48-a7b300b4c731', CURRENT_TIMESTAMP);
INSERT INTO "orders" ("id", "user_id", "total_amount", "tax_amount", "discount_amount", "final_amount", "status", "payment_status", "address_id", "created_at") VALUES ('3eee6c63-65ca-4c1a-8188-535cd80ca20f', '92c3a7f8-163a-41ab-bac4-6d501221fcb6', 150.69, 51.73, 280.61, 33.79, 'Crafted', 'Vintage', '7a6c3ac0-9960-4b9e-bfd9-9443d578e8e3', CURRENT_TIMESTAMP);

-- Table: order_items
INSERT INTO "order_items" ("id", "order_id", "model_id", "snapshot_data", "quantity", "unit_price", "total_price") VALUES ('8714b1a1-a05a-4eb6-8040-f16fd3087158', 'acdc637c-4cc4-4ea7-a3cc-0df61151d361', 'Contemporary', 'Elegant', 23, 217.18, 280.49);
INSERT INTO "order_items" ("id", "order_id", "model_id", "snapshot_data", "quantity", "unit_price", "total_price") VALUES ('d3e3ce23-67a9-452f-a2d2-10bb82e9ded4', 'cac21f10-8032-4fc8-be98-525038d99787', 'Minimalist', 'Premium', 83, 446.07, 246.82);
INSERT INTO "order_items" ("id", "order_id", "model_id", "snapshot_data", "quantity", "unit_price", "total_price") VALUES ('d9723fd0-ad47-4d8b-b0e0-d5e2d69fa75e', 'acdc637c-4cc4-4ea7-a3cc-0df61151d361', 'Minimalist', 'Luxury', 20, 229.57, 207.74);
INSERT INTO "order_items" ("id", "order_id", "model_id", "snapshot_data", "quantity", "unit_price", "total_price") VALUES ('29d3c1eb-da4b-44e1-9f4f-e738421d1950', '6115680a-6696-4d54-94b1-905acd501b79', 'Comfortable', 'Crafted', 14, 271.34, 284.42);
INSERT INTO "order_items" ("id", "order_id", "model_id", "snapshot_data", "quantity", "unit_price", "total_price") VALUES ('aa2023ea-ccc6-4773-a8ea-c3e5f560ed4b', 'ac01ca2a-7aab-485f-b867-8bc6858604b5', 'Chic', 'Sturdy', 29, 124.46, 432.78);
INSERT INTO "order_items" ("id", "order_id", "model_id", "snapshot_data", "quantity", "unit_price", "total_price") VALUES ('936f0cf2-021a-4789-8dfa-97f85b24c98d', '4f657e8e-0d63-48b1-8cbd-9f588a45bb3b', 'Luxury', 'Chic', 54, 45.58, 440.00);
INSERT INTO "order_items" ("id", "order_id", "model_id", "snapshot_data", "quantity", "unit_price", "total_price") VALUES ('88ea3a44-d77c-47f4-ba88-b29691031ea4', '6115680a-6696-4d54-94b1-905acd501b79', 'Sleek', 'Elegant', 68, 366.98, 191.77);
INSERT INTO "order_items" ("id", "order_id", "model_id", "snapshot_data", "quantity", "unit_price", "total_price") VALUES ('0de040d1-e7e9-40fb-9dc1-1a51ba66410a', '898713e3-04e2-47ee-8d84-98d758f7c83d', 'Experience', 'Cozy', 26, 189.88, 343.33);
INSERT INTO "order_items" ("id", "order_id", "model_id", "snapshot_data", "quantity", "unit_price", "total_price") VALUES ('f19e2a7e-f4f0-45a6-a54a-4e5dcb7a534c', '07ba578d-c238-47f4-9c00-ca5c7b25bd30', 'Comfortable', 'Classic', 13, 472.71, 239.20);
INSERT INTO "order_items" ("id", "order_id", "model_id", "snapshot_data", "quantity", "unit_price", "total_price") VALUES ('f85f2a62-1d0f-4a14-a875-5688cda49912', '3eee6c63-65ca-4c1a-8188-535cd80ca20f', 'Luxury', 'Rustic', 61, 475.24, 205.57);
INSERT INTO "order_items" ("id", "order_id", "model_id", "snapshot_data", "quantity", "unit_price", "total_price") VALUES ('783c569b-f4e0-44b6-8ad2-49a5a856b4d3', '8492f19f-5414-4e30-b5fc-b07d043ee540', 'Elegant', 'Contemporary', 4, 345.93, 288.12);
INSERT INTO "order_items" ("id", "order_id", "model_id", "snapshot_data", "quantity", "unit_price", "total_price") VALUES ('6556b70a-a968-4758-ace1-d54db77c6f27', '351a556e-a120-4ea7-88fd-c00f4cca67a6', 'Experience', 'Experience', 69, 280.03, 268.74);
INSERT INTO "order_items" ("id", "order_id", "model_id", "snapshot_data", "quantity", "unit_price", "total_price") VALUES ('c245f0f5-70e8-47e3-8411-2f21a192838e', 'd86c1019-3578-472f-830e-5335965f2ea5', 'Premium', 'Experience', 74, 86.89, 126.40);
INSERT INTO "order_items" ("id", "order_id", "model_id", "snapshot_data", "quantity", "unit_price", "total_price") VALUES ('362836ee-eaf1-455d-be4a-e08140c84ce9', 'cf762997-8a46-4fcc-87e7-38ef12d26f86', 'Comfortable', 'Sturdy', 3, 87.50, 36.84);
INSERT INTO "order_items" ("id", "order_id", "model_id", "snapshot_data", "quantity", "unit_price", "total_price") VALUES ('85642994-1a59-424b-a88d-14935b1efc1f', '0afb86b5-e13f-4b4e-b17b-1c40ba589131', 'Luxury', 'Sturdy', 66, 305.61, 169.81);
INSERT INTO "order_items" ("id", "order_id", "model_id", "snapshot_data", "quantity", "unit_price", "total_price") VALUES ('f894cd84-49ba-4cd9-8b3c-2a7bf55f9539', 'd5fbf50f-ecab-4a87-9c59-20ed40034711', 'Cozy', 'Premium', 5, 323.08, 266.95);
INSERT INTO "order_items" ("id", "order_id", "model_id", "snapshot_data", "quantity", "unit_price", "total_price") VALUES ('21132293-9a26-4e93-a648-75cd31abb39c', '544dff31-b21a-4388-91b7-baccb7572976', 'Chic', 'Stylish', 97, 247.69, 44.71);
INSERT INTO "order_items" ("id", "order_id", "model_id", "snapshot_data", "quantity", "unit_price", "total_price") VALUES ('c735de4e-053e-4728-934b-1d7b46b6090d', '5cbdc987-776b-4297-8a86-296d46eff35d', 'Premium', 'Crafted', 41, 389.17, 504.41);
INSERT INTO "order_items" ("id", "order_id", "model_id", "snapshot_data", "quantity", "unit_price", "total_price") VALUES ('671b3552-731e-42e4-bc5a-26f0e7f34c6c', 'ac01ca2a-7aab-485f-b867-8bc6858604b5', 'Experience', 'Luxury', 6, 197.35, 488.66);
INSERT INTO "order_items" ("id", "order_id", "model_id", "snapshot_data", "quantity", "unit_price", "total_price") VALUES ('6aecca79-9402-471f-bf89-9d18760a0a0a', '07ba578d-c238-47f4-9c00-ca5c7b25bd30', 'Luxury', 'Sleek', 47, 129.43, 42.23);
INSERT INTO "order_items" ("id", "order_id", "model_id", "snapshot_data", "quantity", "unit_price", "total_price") VALUES ('8cd5de71-1776-4e4c-b44e-84eb0d367530', '351a556e-a120-4ea7-88fd-c00f4cca67a6', 'Modern', 'Stylish', 58, 183.74, 116.58);
INSERT INTO "order_items" ("id", "order_id", "model_id", "snapshot_data", "quantity", "unit_price", "total_price") VALUES ('efd64188-cea5-4e10-927f-fdebcad6eb4b', 'a53fcc79-868d-48bd-be5e-a86f3c822805', 'Classic', 'Elegant', 17, 328.19, 331.92);
INSERT INTO "order_items" ("id", "order_id", "model_id", "snapshot_data", "quantity", "unit_price", "total_price") VALUES ('3e29ffb5-1059-4e68-bf19-b01861012344', '07ba578d-c238-47f4-9c00-ca5c7b25bd30', 'Vintage', 'Stylish', 19, 334.45, 477.11);
INSERT INTO "order_items" ("id", "order_id", "model_id", "snapshot_data", "quantity", "unit_price", "total_price") VALUES ('03c612e8-1630-4fdd-b1c5-9f06d2cfbe14', '472bece3-cc7a-42e5-b080-5a302e5be792', 'Vintage', 'Luxury', 74, 38.55, 353.54);
INSERT INTO "order_items" ("id", "order_id", "model_id", "snapshot_data", "quantity", "unit_price", "total_price") VALUES ('84dccf7c-f85c-4740-ae32-11223a603ba5', '0afb86b5-e13f-4b4e-b17b-1c40ba589131', 'Vintage', 'Chic', 21, 185.14, 165.84);

-- Table: payments
INSERT INTO "payments" ("id", "order_id", "payment_method", "transaction_id", "amount", "status", "paid_at", "created_at") VALUES ('8267b6ed-af40-427c-9e58-f708ba7a40d3', 'f32573bc-cdce-42d9-b31a-3cac8ed94ecc', 'Stylish', 'Luxury', 131.50, 'Chic', CURRENT_TIMESTAMP, CURRENT_TIMESTAMP);
INSERT INTO "payments" ("id", "order_id", "payment_method", "transaction_id", "amount", "status", "paid_at", "created_at") VALUES ('bcf5ed22-8daa-4ec7-a2d0-51f531765976', 'd86c1019-3578-472f-830e-5335965f2ea5', 'Vintage', 'Rustic', 376.36, 'Rustic', CURRENT_TIMESTAMP, CURRENT_TIMESTAMP);
INSERT INTO "payments" ("id", "order_id", "payment_method", "transaction_id", "amount", "status", "paid_at", "created_at") VALUES ('c80091c6-9898-4a7c-9590-5f7b203a5c82', '4f657e8e-0d63-48b1-8cbd-9f588a45bb3b', 'Sleek', 'Contemporary', 463.40, 'Classic', CURRENT_TIMESTAMP, CURRENT_TIMESTAMP);
INSERT INTO "payments" ("id", "order_id", "payment_method", "transaction_id", "amount", "status", "paid_at", "created_at") VALUES ('bea2b154-3a40-43b0-81e5-b28d70bb094a', 'acdc637c-4cc4-4ea7-a3cc-0df61151d361', 'Sturdy', 'Rustic', 135.28, 'Chic', CURRENT_TIMESTAMP, CURRENT_TIMESTAMP);
INSERT INTO "payments" ("id", "order_id", "payment_method", "transaction_id", "amount", "status", "paid_at", "created_at") VALUES ('4f635b1d-7e75-497f-9570-ff76bcc29a07', '898713e3-04e2-47ee-8d84-98d758f7c83d', 'Chic', 'Modern', 495.17, 'Minimalist', CURRENT_TIMESTAMP, CURRENT_TIMESTAMP);
INSERT INTO "payments" ("id", "order_id", "payment_method", "transaction_id", "amount", "status", "paid_at", "created_at") VALUES ('1c1fe2ee-4cfa-429a-8354-352a1657982d', 'f9ee8558-2790-4760-b33a-4608ed2c4c89', 'Sleek', 'Rustic', 267.31, 'Minimalist', CURRENT_TIMESTAMP, CURRENT_TIMESTAMP);
INSERT INTO "payments" ("id", "order_id", "payment_method", "transaction_id", "amount", "status", "paid_at", "created_at") VALUES ('eab2da5e-d920-40de-b69b-771198b496ac', '898713e3-04e2-47ee-8d84-98d758f7c83d', 'Sturdy', 'Luxury', 233.83, 'Elegant', CURRENT_TIMESTAMP, CURRENT_TIMESTAMP);
INSERT INTO "payments" ("id", "order_id", "payment_method", "transaction_id", "amount", "status", "paid_at", "created_at") VALUES ('a7a98b6e-413d-47d0-8d63-021adbfee1b5', '5cbdc987-776b-4297-8a86-296d46eff35d', 'Rustic', 'Chic', 479.88, 'Sleek', CURRENT_TIMESTAMP, CURRENT_TIMESTAMP);
INSERT INTO "payments" ("id", "order_id", "payment_method", "transaction_id", "amount", "status", "paid_at", "created_at") VALUES ('9a89157e-8508-4531-aa65-1d9ea5584a6a', 'cf762997-8a46-4fcc-87e7-38ef12d26f86', 'Rustic', 'Comfortable', 96.62, 'Chic', CURRENT_TIMESTAMP, CURRENT_TIMESTAMP);
INSERT INTO "payments" ("id", "order_id", "payment_method", "transaction_id", "amount", "status", "paid_at", "created_at") VALUES ('5b8f095c-4d0c-4be7-89ae-713ae17e2b25', '472bece3-cc7a-42e5-b080-5a302e5be792', 'Classic', 'Sturdy', 147.27, 'Comfortable', CURRENT_TIMESTAMP, CURRENT_TIMESTAMP);
INSERT INTO "payments" ("id", "order_id", "payment_method", "transaction_id", "amount", "status", "paid_at", "created_at") VALUES ('40e55c84-b83c-4185-9755-a989cf6fef45', '3eee6c63-65ca-4c1a-8188-535cd80ca20f', 'Sturdy', 'Minimalist', 234.38, 'Sleek', CURRENT_TIMESTAMP, CURRENT_TIMESTAMP);
INSERT INTO "payments" ("id", "order_id", "payment_method", "transaction_id", "amount", "status", "paid_at", "created_at") VALUES ('cef6f1c7-00b8-4a33-b88e-9432bbc95be6', 'f32573bc-cdce-42d9-b31a-3cac8ed94ecc', 'Classic', 'Cozy', 238.75, 'Classic', CURRENT_TIMESTAMP, CURRENT_TIMESTAMP);
INSERT INTO "payments" ("id", "order_id", "payment_method", "transaction_id", "amount", "status", "paid_at", "created_at") VALUES ('9f48ccea-2879-4988-a11c-02155b0c6853', 'f32573bc-cdce-42d9-b31a-3cac8ed94ecc', 'Sturdy', 'Chic', 342.80, 'Crafted', CURRENT_TIMESTAMP, CURRENT_TIMESTAMP);
INSERT INTO "payments" ("id", "order_id", "payment_method", "transaction_id", "amount", "status", "paid_at", "created_at") VALUES ('be1c3b3d-3bb3-4834-acb3-eccbfcb0baad', '0afb86b5-e13f-4b4e-b17b-1c40ba589131', 'Modern', 'Premium', 94.79, 'Minimalist', CURRENT_TIMESTAMP, CURRENT_TIMESTAMP);
INSERT INTO "payments" ("id", "order_id", "payment_method", "transaction_id", "amount", "status", "paid_at", "created_at") VALUES ('77ec977a-d8a5-47a5-a37c-61df7c3c67d4', '6115680a-6696-4d54-94b1-905acd501b79', 'Classic', 'Crafted', 489.67, 'Vintage', CURRENT_TIMESTAMP, CURRENT_TIMESTAMP);
INSERT INTO "payments" ("id", "order_id", "payment_method", "transaction_id", "amount", "status", "paid_at", "created_at") VALUES ('77636cac-696e-4f44-a6a5-5f7d9c002ac9', '5cbdc987-776b-4297-8a86-296d46eff35d', 'Comfortable', 'Luxury', 509.42, 'Sleek', CURRENT_TIMESTAMP, CURRENT_TIMESTAMP);
INSERT INTO "payments" ("id", "order_id", "payment_method", "transaction_id", "amount", "status", "paid_at", "created_at") VALUES ('c0dbe9c6-1289-45e7-b72e-17b32f0c13bc', '351a556e-a120-4ea7-88fd-c00f4cca67a6', 'Chic', 'Crafted', 17.01, 'Minimalist', CURRENT_TIMESTAMP, CURRENT_TIMESTAMP);
INSERT INTO "payments" ("id", "order_id", "payment_method", "transaction_id", "amount", "status", "paid_at", "created_at") VALUES ('bde06e75-9b69-4cab-82ae-5a0e30740a68', '8492f19f-5414-4e30-b5fc-b07d043ee540', 'Premium', 'Rustic', 101.17, 'Premium', CURRENT_TIMESTAMP, CURRENT_TIMESTAMP);
INSERT INTO "payments" ("id", "order_id", "payment_method", "transaction_id", "amount", "status", "paid_at", "created_at") VALUES ('6a847652-d28c-4d90-af53-d25ea2c2795a', '0afb86b5-e13f-4b4e-b17b-1c40ba589131', 'Rustic', 'Chic', 402.30, 'Rustic', CURRENT_TIMESTAMP, CURRENT_TIMESTAMP);
INSERT INTO "payments" ("id", "order_id", "payment_method", "transaction_id", "amount", "status", "paid_at", "created_at") VALUES ('9565429c-909a-47dd-95e1-0fc274f35404', '5cbdc987-776b-4297-8a86-296d46eff35d', 'Modern', 'Luxury', 15.04, 'Cozy', CURRENT_TIMESTAMP, CURRENT_TIMESTAMP);
INSERT INTO "payments" ("id", "order_id", "payment_method", "transaction_id", "amount", "status", "paid_at", "created_at") VALUES ('289452a4-24d4-40c9-9b9f-0037b0200747', 'd5fbf50f-ecab-4a87-9c59-20ed40034711', 'Vintage', 'Rustic', 156.54, 'Rustic', CURRENT_TIMESTAMP, CURRENT_TIMESTAMP);
INSERT INTO "payments" ("id", "order_id", "payment_method", "transaction_id", "amount", "status", "paid_at", "created_at") VALUES ('351ff2bb-7ee7-4982-8d39-05161874f8c9', 'cf762997-8a46-4fcc-87e7-38ef12d26f86', 'Modern', 'Classic', 77.98, 'Sturdy', CURRENT_TIMESTAMP, CURRENT_TIMESTAMP);
INSERT INTO "payments" ("id", "order_id", "payment_method", "transaction_id", "amount", "status", "paid_at", "created_at") VALUES ('b11a3b1a-b76f-415d-a73e-ce039be3eb05', 'f32573bc-cdce-42d9-b31a-3cac8ed94ecc', 'Comfortable', 'Vintage', 304.10, 'Experience', CURRENT_TIMESTAMP, CURRENT_TIMESTAMP);
INSERT INTO "payments" ("id", "order_id", "payment_method", "transaction_id", "amount", "status", "paid_at", "created_at") VALUES ('535e9e03-ae11-45b7-b129-35ad3bb3da4d', '4f657e8e-0d63-48b1-8cbd-9f588a45bb3b', 'Comfortable', 'Experience', 217.35, 'Modern', CURRENT_TIMESTAMP, CURRENT_TIMESTAMP);
INSERT INTO "payments" ("id", "order_id", "payment_method", "transaction_id", "amount", "status", "paid_at", "created_at") VALUES ('204e5def-f59f-41a1-970a-3849caa13ea3', '307e5a51-2563-42d6-9444-ce0b8c759e8a', 'Chic', 'Crafted', 298.74, 'Contemporary', CURRENT_TIMESTAMP, CURRENT_TIMESTAMP);

-- Table: reviews
INSERT INTO "reviews" ("id", "user_id", "model_id", "rating", "comment", "is_approved", "created_at") VALUES ('d165338a-67cf-4fb5-8201-f68d47677c5d', 'afe1267f-e8fb-4492-b61f-d317600ae9c2', '3f47a2c5-5873-426d-9281-45d93f01be50', 2.7, 'Contemporary', false, CURRENT_TIMESTAMP);
INSERT INTO "reviews" ("id", "user_id", "model_id", "rating", "comment", "is_approved", "created_at") VALUES ('26cd3e75-4829-40f2-ad21-d24947c37e37', '98c500f3-b1ec-4a62-9146-b92bdf6e546b', '7f4e0a82-1316-4e1d-b726-ab0e888ce0bb', 1.4, 'Luxury', false, CURRENT_TIMESTAMP);
INSERT INTO "reviews" ("id", "user_id", "model_id", "rating", "comment", "is_approved", "created_at") VALUES ('a155437b-2fe3-4008-809b-3395f4b50530', '05810ffd-fa02-4052-9232-5342d3ac72a1', '75497e02-9860-497e-ae70-c12d03cc0905', 3.8, 'Sleek', true, CURRENT_TIMESTAMP);
INSERT INTO "reviews" ("id", "user_id", "model_id", "rating", "comment", "is_approved", "created_at") VALUES ('5d305074-4f22-467f-b376-264505e8433c', 'aff9b5e9-0248-4bd8-a7d5-d33b89f7d6d0', '33b3c4c4-dd22-452f-bfed-f4be33da27eb', 3.9, 'Modern', true, CURRENT_TIMESTAMP);
INSERT INTO "reviews" ("id", "user_id", "model_id", "rating", "comment", "is_approved", "created_at") VALUES ('270d95cf-a92d-45ee-8a6c-838408d11dc3', 'c283ec78-28a6-4d27-a7b1-a80f2ce4d726', '5d8a5db4-dc01-43b8-bf45-ca8d1962d8a7', 3.0, 'Contemporary', true, CURRENT_TIMESTAMP);
INSERT INTO "reviews" ("id", "user_id", "model_id", "rating", "comment", "is_approved", "created_at") VALUES ('2aece16b-2c9c-4bf3-a70c-1612fbcfce12', 'b5c57f27-82cc-4f41-8df3-c294ab6fe2c1', '22a888c0-109f-41b0-93d0-8fa9ea988c30', 1.2, 'Chic', false, CURRENT_TIMESTAMP);
INSERT INTO "reviews" ("id", "user_id", "model_id", "rating", "comment", "is_approved", "created_at") VALUES ('40cfef80-dddb-4fa6-ba7a-3c5b595f1761', '90a0cd6f-a791-4bad-b956-0c5b7a7e45ae', '09cb232a-e676-49a8-a3cb-2f3e5995853f', 4.9, 'Vintage', true, CURRENT_TIMESTAMP);
INSERT INTO "reviews" ("id", "user_id", "model_id", "rating", "comment", "is_approved", "created_at") VALUES ('8d92f5b0-1c8b-4094-ad40-ca0ceb0f65b3', '98c500f3-b1ec-4a62-9146-b92bdf6e546b', '6f459830-996a-4f45-b5c6-ae4ddc80f182', 3.3, 'Rustic', true, CURRENT_TIMESTAMP);
INSERT INTO "reviews" ("id", "user_id", "model_id", "rating", "comment", "is_approved", "created_at") VALUES ('4dcb2121-dbdb-4190-b376-8ed7eb3f2359', 'c283ec78-28a6-4d27-a7b1-a80f2ce4d726', '22a888c0-109f-41b0-93d0-8fa9ea988c30', 2.9, 'Minimalist', true, CURRENT_TIMESTAMP);
INSERT INTO "reviews" ("id", "user_id", "model_id", "rating", "comment", "is_approved", "created_at") VALUES ('e9d578b2-e9f6-408d-a9c9-d28fd676c047', '05810ffd-fa02-4052-9232-5342d3ac72a1', '3f47a2c5-5873-426d-9281-45d93f01be50', 1.4, 'Sleek', false, CURRENT_TIMESTAMP);
INSERT INTO "reviews" ("id", "user_id", "model_id", "rating", "comment", "is_approved", "created_at") VALUES ('88830527-60d5-43d4-b5a5-1b4430ae5b60', 'afe1267f-e8fb-4492-b61f-d317600ae9c2', '1788d853-f054-4340-a290-6f4bd68fc606', 4.7, 'Classic', true, CURRENT_TIMESTAMP);
INSERT INTO "reviews" ("id", "user_id", "model_id", "rating", "comment", "is_approved", "created_at") VALUES ('a8cc24cb-ab6f-4031-be12-6bffb5295867', '10e2758c-da11-4d44-a04f-79790473caf7', '13ff6d07-60f5-45e0-a6f3-c8e78c1f6182', 3.0, 'Experience', false, CURRENT_TIMESTAMP);
INSERT INTO "reviews" ("id", "user_id", "model_id", "rating", "comment", "is_approved", "created_at") VALUES ('271b875b-d1bc-4e50-acde-36af338cd896', '98c500f3-b1ec-4a62-9146-b92bdf6e546b', '6f459830-996a-4f45-b5c6-ae4ddc80f182', 4.0, 'Rustic', false, CURRENT_TIMESTAMP);
INSERT INTO "reviews" ("id", "user_id", "model_id", "rating", "comment", "is_approved", "created_at") VALUES ('c49bd192-4af4-4593-9189-1102c3583984', 'c5e6085d-7bf0-4793-b818-29fdbdd69ba0', '22a888c0-109f-41b0-93d0-8fa9ea988c30', 4.3, 'Sturdy', false, CURRENT_TIMESTAMP);
INSERT INTO "reviews" ("id", "user_id", "model_id", "rating", "comment", "is_approved", "created_at") VALUES ('ce82200f-ddba-4c5f-86a2-194e0997f5d5', '98900323-fffd-42e6-80fd-c6ec634e46c0', '33b3c4c4-dd22-452f-bfed-f4be33da27eb', 2.9, 'Elegant', true, CURRENT_TIMESTAMP);
INSERT INTO "reviews" ("id", "user_id", "model_id", "rating", "comment", "is_approved", "created_at") VALUES ('ac7ba0b7-af0c-4e80-958c-09ea25e2b3c9', '1176ee68-cb99-4d88-bbd9-7ef9583be241', '5d8a5db4-dc01-43b8-bf45-ca8d1962d8a7', 3.5, 'Sturdy', true, CURRENT_TIMESTAMP);
INSERT INTO "reviews" ("id", "user_id", "model_id", "rating", "comment", "is_approved", "created_at") VALUES ('594ee492-60b6-40cf-bc84-d3d70dde7286', '10e2758c-da11-4d44-a04f-79790473caf7', '39898a3f-c413-420d-820d-a21e480ddb22', 4.9, 'Cozy', false, CURRENT_TIMESTAMP);
INSERT INTO "reviews" ("id", "user_id", "model_id", "rating", "comment", "is_approved", "created_at") VALUES ('cb1183a7-71e6-485c-95fd-f57966a46414', 'fac6dbc3-d74a-41c9-8378-fcedc4f64f1d', '7de43fc7-b43d-404b-b713-d69c61f80145', 4.7, 'Comfortable', true, CURRENT_TIMESTAMP);
INSERT INTO "reviews" ("id", "user_id", "model_id", "rating", "comment", "is_approved", "created_at") VALUES ('b2570ffa-3ac7-478d-9e23-62c37f68ffcc', 'afe1267f-e8fb-4492-b61f-d317600ae9c2', '5d8a5db4-dc01-43b8-bf45-ca8d1962d8a7', 3.0, 'Rustic', false, CURRENT_TIMESTAMP);
INSERT INTO "reviews" ("id", "user_id", "model_id", "rating", "comment", "is_approved", "created_at") VALUES ('a36ce5c1-a626-4daf-8a8d-f92880a51781', '98c500f3-b1ec-4a62-9146-b92bdf6e546b', 'b2511217-cf4e-47ee-b1f0-a5803b3e0393', 2.5, 'Stylish', false, CURRENT_TIMESTAMP);
INSERT INTO "reviews" ("id", "user_id", "model_id", "rating", "comment", "is_approved", "created_at") VALUES ('70c49702-9135-4316-a1b6-3f05db090e0b', 'bf859116-607a-4d6e-a3fe-09a25c1f5571', '653c0850-dda5-40db-ab16-a26bb1830bdf', 2.7, 'Classic', false, CURRENT_TIMESTAMP);
INSERT INTO "reviews" ("id", "user_id", "model_id", "rating", "comment", "is_approved", "created_at") VALUES ('f7d8ac97-63ad-4d1b-92bb-5f41c55b7896', '92c3a7f8-163a-41ab-bac4-6d501221fcb6', '6f459830-996a-4f45-b5c6-ae4ddc80f182', 3.4, 'Contemporary', true, CURRENT_TIMESTAMP);
INSERT INTO "reviews" ("id", "user_id", "model_id", "rating", "comment", "is_approved", "created_at") VALUES ('5b855f3d-d439-471c-9266-abe0dee1c6c5', '92c3a7f8-163a-41ab-bac4-6d501221fcb6', '7de43fc7-b43d-404b-b713-d69c61f80145', 2.0, 'Stylish', true, CURRENT_TIMESTAMP);
INSERT INTO "reviews" ("id", "user_id", "model_id", "rating", "comment", "is_approved", "created_at") VALUES ('765044da-116c-4754-ac2d-5daace58ffe7', '7c6256fb-9390-4fba-9284-96ff616917b9', '75497e02-9860-497e-ae70-c12d03cc0905', 1.9, 'Minimalist', true, CURRENT_TIMESTAMP);
INSERT INTO "reviews" ("id", "user_id", "model_id", "rating", "comment", "is_approved", "created_at") VALUES ('7b0bdd7e-9142-4153-9f68-b2b706a814de', 'd8bb713c-3500-413d-955b-70438f087fc4', '22a888c0-109f-41b0-93d0-8fa9ea988c30', 3.4, 'Rustic', false, CURRENT_TIMESTAMP);

-- Table: coupons
INSERT INTO "coupons" ("id", "code", "discount_type", "value", "max_discount", "min_order_value", "expiry_date", "usage_limit", "created_at") VALUES ('692b817a-5784-4499-bb2f-a29b290901e1', 'CHIC_281', 'Minimalist', 37, 80, 88, CURRENT_TIMESTAMP, 19, CURRENT_TIMESTAMP);
INSERT INTO "coupons" ("id", "code", "discount_type", "value", "max_discount", "min_order_value", "expiry_date", "usage_limit", "created_at") VALUES ('4f23dd32-b62a-4001-ba78-9a58fe0ecca3', 'ELEGANT_656', 'Modern', 48, 12, 48, CURRENT_TIMESTAMP, 4, CURRENT_TIMESTAMP);
INSERT INTO "coupons" ("id", "code", "discount_type", "value", "max_discount", "min_order_value", "expiry_date", "usage_limit", "created_at") VALUES ('736a6eea-e19c-4e27-a465-fc1f6aa88200', 'SLEEK_268', 'Modern', 30, 42, 54, CURRENT_TIMESTAMP, 15, CURRENT_TIMESTAMP);
INSERT INTO "coupons" ("id", "code", "discount_type", "value", "max_discount", "min_order_value", "expiry_date", "usage_limit", "created_at") VALUES ('478fbcc2-8c9f-46b3-acc4-97a3b8569923', 'ELEGANT_785', 'Rustic', 4, 95, 95, CURRENT_TIMESTAMP, 48, CURRENT_TIMESTAMP);
INSERT INTO "coupons" ("id", "code", "discount_type", "value", "max_discount", "min_order_value", "expiry_date", "usage_limit", "created_at") VALUES ('e0f1e662-831f-4256-9be0-af04dec7cdee', 'CONTEMPORARY_564', 'Vintage', 51, 8, 57, CURRENT_TIMESTAMP, 32, CURRENT_TIMESTAMP);
INSERT INTO "coupons" ("id", "code", "discount_type", "value", "max_discount", "min_order_value", "expiry_date", "usage_limit", "created_at") VALUES ('15bdbe85-607e-4daf-9165-4467acf5e673', 'VINTAGE_335', 'Elegant', 96, 1, 38, CURRENT_TIMESTAMP, 29, CURRENT_TIMESTAMP);
INSERT INTO "coupons" ("id", "code", "discount_type", "value", "max_discount", "min_order_value", "expiry_date", "usage_limit", "created_at") VALUES ('210d870e-bc6f-4e1f-9d3c-29c69f25ab07', 'LUXURY_66', 'Comfortable', 28, 5, 80, CURRENT_TIMESTAMP, 71, CURRENT_TIMESTAMP);
INSERT INTO "coupons" ("id", "code", "discount_type", "value", "max_discount", "min_order_value", "expiry_date", "usage_limit", "created_at") VALUES ('c02d9ae6-fb2c-4c02-95f6-bde0c0f3aa3e', 'MINIMALIST_324', 'Stylish', 6, 93, 28, CURRENT_TIMESTAMP, 46, CURRENT_TIMESTAMP);
INSERT INTO "coupons" ("id", "code", "discount_type", "value", "max_discount", "min_order_value", "expiry_date", "usage_limit", "created_at") VALUES ('1fd34c1b-ee21-4070-bf70-a0d24b8d3f1e', 'EXPERIENCE_2', 'Elegant', 42, 18, 79, CURRENT_TIMESTAMP, 89, CURRENT_TIMESTAMP);
INSERT INTO "coupons" ("id", "code", "discount_type", "value", "max_discount", "min_order_value", "expiry_date", "usage_limit", "created_at") VALUES ('4572a75c-a1c0-4f94-af16-bb1e4867ab62', 'EXPERIENCE_938', 'Comfortable', 53, 69, 77, CURRENT_TIMESTAMP, 70, CURRENT_TIMESTAMP);
INSERT INTO "coupons" ("id", "code", "discount_type", "value", "max_discount", "min_order_value", "expiry_date", "usage_limit", "created_at") VALUES ('1f0ad93b-9385-4fdb-afa5-63c5af659e98', 'PREMIUM_267', 'Vintage', 67, 58, 87, CURRENT_TIMESTAMP, 25, CURRENT_TIMESTAMP);
INSERT INTO "coupons" ("id", "code", "discount_type", "value", "max_discount", "min_order_value", "expiry_date", "usage_limit", "created_at") VALUES ('c9e5515e-2d1c-4378-9863-f4bfb526030a', 'LUXURY_22', 'Crafted', 43, 64, 35, CURRENT_TIMESTAMP, 38, CURRENT_TIMESTAMP);
INSERT INTO "coupons" ("id", "code", "discount_type", "value", "max_discount", "min_order_value", "expiry_date", "usage_limit", "created_at") VALUES ('59fbef34-2cf1-485c-9562-fd5ecbe640fe', 'CLASSIC_94', 'Luxury', 82, 97, 46, CURRENT_TIMESTAMP, 47, CURRENT_TIMESTAMP);
INSERT INTO "coupons" ("id", "code", "discount_type", "value", "max_discount", "min_order_value", "expiry_date", "usage_limit", "created_at") VALUES ('96774bea-f540-4752-b50a-c6603ed7ae0d', 'VINTAGE_9', 'Crafted', 96, 54, 65, CURRENT_TIMESTAMP, 5, CURRENT_TIMESTAMP);
INSERT INTO "coupons" ("id", "code", "discount_type", "value", "max_discount", "min_order_value", "expiry_date", "usage_limit", "created_at") VALUES ('51951e35-8558-4da7-9307-b3f373bf13f0', 'MINIMALIST_812', 'Sturdy', 25, 38, 2, CURRENT_TIMESTAMP, 87, CURRENT_TIMESTAMP);
INSERT INTO "coupons" ("id", "code", "discount_type", "value", "max_discount", "min_order_value", "expiry_date", "usage_limit", "created_at") VALUES ('f2a9bfc4-cd74-4b15-b813-6688a9b8018b', 'PREMIUM_698', 'Chic', 13, 95, 59, CURRENT_TIMESTAMP, 86, CURRENT_TIMESTAMP);
INSERT INTO "coupons" ("id", "code", "discount_type", "value", "max_discount", "min_order_value", "expiry_date", "usage_limit", "created_at") VALUES ('3f3fe57b-805e-40a8-932b-6b0428e86c37', 'STYLISH_228', 'Premium', 25, 51, 51, CURRENT_TIMESTAMP, 77, CURRENT_TIMESTAMP);
INSERT INTO "coupons" ("id", "code", "discount_type", "value", "max_discount", "min_order_value", "expiry_date", "usage_limit", "created_at") VALUES ('0809ff03-faa4-4cea-8238-1bbaf0ed904f', 'CONTEMPORARY_620', 'Contemporary', 52, 61, 63, CURRENT_TIMESTAMP, 28, CURRENT_TIMESTAMP);
INSERT INTO "coupons" ("id", "code", "discount_type", "value", "max_discount", "min_order_value", "expiry_date", "usage_limit", "created_at") VALUES ('3495e25f-5c18-46b7-bc22-02e95c10267b', 'MODERN_24', 'Comfortable', 94, 90, 75, CURRENT_TIMESTAMP, 18, CURRENT_TIMESTAMP);
INSERT INTO "coupons" ("id", "code", "discount_type", "value", "max_discount", "min_order_value", "expiry_date", "usage_limit", "created_at") VALUES ('fbbc5f4d-0552-44a4-8f1d-dcc862a3e458', 'COMFORTABLE_514', 'Sleek', 37, 64, 87, CURRENT_TIMESTAMP, 24, CURRENT_TIMESTAMP);
INSERT INTO "coupons" ("id", "code", "discount_type", "value", "max_discount", "min_order_value", "expiry_date", "usage_limit", "created_at") VALUES ('876afcfc-7204-43c2-bec1-dff62ffc48c1', 'EXPERIENCE_283', 'Luxury', 83, 10, 26, CURRENT_TIMESTAMP, 70, CURRENT_TIMESTAMP);
INSERT INTO "coupons" ("id", "code", "discount_type", "value", "max_discount", "min_order_value", "expiry_date", "usage_limit", "created_at") VALUES ('e3fdec85-1cd3-4f12-8c05-6ecc8f34f392', 'CHIC_123', 'Rustic', 26, 79, 40, CURRENT_TIMESTAMP, 37, CURRENT_TIMESTAMP);
INSERT INTO "coupons" ("id", "code", "discount_type", "value", "max_discount", "min_order_value", "expiry_date", "usage_limit", "created_at") VALUES ('4b839fe4-4773-4c49-a2a8-0761385475a8', 'CRAFTED_514', 'Contemporary', 93, 50, 15, CURRENT_TIMESTAMP, 46, CURRENT_TIMESTAMP);
INSERT INTO "coupons" ("id", "code", "discount_type", "value", "max_discount", "min_order_value", "expiry_date", "usage_limit", "created_at") VALUES ('fb699152-b0cc-4f90-898b-7950ec443d91', 'CONTEMPORARY_979', 'Vintage', 30, 60, 73, CURRENT_TIMESTAMP, 14, CURRENT_TIMESTAMP);
INSERT INTO "coupons" ("id", "code", "discount_type", "value", "max_discount", "min_order_value", "expiry_date", "usage_limit", "created_at") VALUES ('80549ccc-44df-46ea-96cc-c393aa9760e8', 'EXPERIENCE_797', 'Modern', 29, 74, 1, CURRENT_TIMESTAMP, 27, CURRENT_TIMESTAMP);

-- Table: inventory_logs
INSERT INTO "inventory_logs" ("id", "material_id", "change_type", "quantity", "reference_id", "created_at") VALUES ('47dc38e5-bfbf-4a88-9a28-96ae56181b8d', '7e4ed588-d977-4c8a-a739-46565f076b06', 'Premium', 28, 'Elegant', CURRENT_TIMESTAMP);
INSERT INTO "inventory_logs" ("id", "material_id", "change_type", "quantity", "reference_id", "created_at") VALUES ('4249226a-77c9-4208-babb-addafc27b535', 'bedcca84-922c-46e6-83c3-ed82d8f012fe', 'Luxury', 10, 'Classic', CURRENT_TIMESTAMP);
INSERT INTO "inventory_logs" ("id", "material_id", "change_type", "quantity", "reference_id", "created_at") VALUES ('9a49818e-bbe3-4873-85d6-3ebec8ee18cd', '1aa3dbd1-83e3-4882-8c6e-7cca890b303b', 'Modern', 22, 'Comfortable', CURRENT_TIMESTAMP);
INSERT INTO "inventory_logs" ("id", "material_id", "change_type", "quantity", "reference_id", "created_at") VALUES ('582bf41b-b141-4dc7-97c1-5381689ff863', 'b33e6905-d153-48f0-bd3e-fa918249ff50', 'Elegant', 26, 'Contemporary', CURRENT_TIMESTAMP);
INSERT INTO "inventory_logs" ("id", "material_id", "change_type", "quantity", "reference_id", "created_at") VALUES ('896b8589-3f6d-4d52-8488-2315d5157c34', '1aa3dbd1-83e3-4882-8c6e-7cca890b303b', 'Classic', 31, 'Cozy', CURRENT_TIMESTAMP);
INSERT INTO "inventory_logs" ("id", "material_id", "change_type", "quantity", "reference_id", "created_at") VALUES ('3743920c-2f96-4f71-899a-cb3baf550948', '2002f9aa-e7a2-471b-b1cb-904e87006a34', 'Sturdy', 94, 'Sleek', CURRENT_TIMESTAMP);
INSERT INTO "inventory_logs" ("id", "material_id", "change_type", "quantity", "reference_id", "created_at") VALUES ('5cadd6ce-0bc8-482d-aa8d-bf61d3237513', 'da8c4dc0-9e26-419c-a71d-56149bb3fc07', 'Minimalist', 97, 'Elegant', CURRENT_TIMESTAMP);
INSERT INTO "inventory_logs" ("id", "material_id", "change_type", "quantity", "reference_id", "created_at") VALUES ('e8d153de-7f0b-413e-8ab4-283836c5c871', '7e4ed588-d977-4c8a-a739-46565f076b06', 'Crafted', 73, 'Vintage', CURRENT_TIMESTAMP);
INSERT INTO "inventory_logs" ("id", "material_id", "change_type", "quantity", "reference_id", "created_at") VALUES ('4d871692-a1a7-4bb2-985d-37662bb9165e', '834065c9-3f67-4bfb-9f76-79505cc7fd71', 'Elegant', 97, 'Premium', CURRENT_TIMESTAMP);
INSERT INTO "inventory_logs" ("id", "material_id", "change_type", "quantity", "reference_id", "created_at") VALUES ('cf795f1e-c03f-4832-9862-32b7e31c7963', '1aa3dbd1-83e3-4882-8c6e-7cca890b303b', 'Vintage', 89, 'Stylish', CURRENT_TIMESTAMP);
INSERT INTO "inventory_logs" ("id", "material_id", "change_type", "quantity", "reference_id", "created_at") VALUES ('93a2a421-831c-495b-9835-77c7f57644f5', '1aa3dbd1-83e3-4882-8c6e-7cca890b303b', 'Contemporary', 35, 'Modern', CURRENT_TIMESTAMP);
INSERT INTO "inventory_logs" ("id", "material_id", "change_type", "quantity", "reference_id", "created_at") VALUES ('ebc5e4a7-1131-4ac5-a886-faf9d8c90bcb', 'da8c4dc0-9e26-419c-a71d-56149bb3fc07', 'Cozy', 43, 'Experience', CURRENT_TIMESTAMP);
INSERT INTO "inventory_logs" ("id", "material_id", "change_type", "quantity", "reference_id", "created_at") VALUES ('06c1f597-9944-45aa-a812-5906367ed8d7', '1aa3dbd1-83e3-4882-8c6e-7cca890b303b', 'Sleek', 37, 'Sturdy', CURRENT_TIMESTAMP);
INSERT INTO "inventory_logs" ("id", "material_id", "change_type", "quantity", "reference_id", "created_at") VALUES ('259f859b-c274-452e-87f6-ca6a594e1926', 'c19ff7a1-1708-4aef-bfea-6aea1aae5a7d', 'Comfortable', 4, 'Stylish', CURRENT_TIMESTAMP);
INSERT INTO "inventory_logs" ("id", "material_id", "change_type", "quantity", "reference_id", "created_at") VALUES ('79ded7c6-42b2-4d16-8b80-aa329d3a8a50', 'c855f0ab-706a-408f-b16b-9237b54a2e46', 'Elegant', 87, 'Elegant', CURRENT_TIMESTAMP);
INSERT INTO "inventory_logs" ("id", "material_id", "change_type", "quantity", "reference_id", "created_at") VALUES ('1ff30f01-8701-4d58-a14a-7c6ca50022d4', '1aa3dbd1-83e3-4882-8c6e-7cca890b303b', 'Classic', 60, 'Rustic', CURRENT_TIMESTAMP);
INSERT INTO "inventory_logs" ("id", "material_id", "change_type", "quantity", "reference_id", "created_at") VALUES ('91581a03-fdce-4838-aaeb-957a35dce2ed', '2002f9aa-e7a2-471b-b1cb-904e87006a34', 'Chic', 28, 'Vintage', CURRENT_TIMESTAMP);
INSERT INTO "inventory_logs" ("id", "material_id", "change_type", "quantity", "reference_id", "created_at") VALUES ('0dee04cc-ff62-40a8-8b9d-6ba36d99768c', '2002f9aa-e7a2-471b-b1cb-904e87006a34', 'Rustic', 76, 'Sleek', CURRENT_TIMESTAMP);
INSERT INTO "inventory_logs" ("id", "material_id", "change_type", "quantity", "reference_id", "created_at") VALUES ('b7d31f06-fca4-44b5-af8f-ac546a8904ed', 'ef2ba18c-55c6-45a3-a99d-4db49219baf9', 'Premium', 80, 'Experience', CURRENT_TIMESTAMP);
INSERT INTO "inventory_logs" ("id", "material_id", "change_type", "quantity", "reference_id", "created_at") VALUES ('5d298cde-acea-43d4-904d-a27aa6d9c099', 'da8c4dc0-9e26-419c-a71d-56149bb3fc07', 'Experience', 29, 'Crafted', CURRENT_TIMESTAMP);
INSERT INTO "inventory_logs" ("id", "material_id", "change_type", "quantity", "reference_id", "created_at") VALUES ('3440ac96-501b-4f25-ba20-24c78d2870b8', 'b33e6905-d153-48f0-bd3e-fa918249ff50', 'Luxury', 54, 'Experience', CURRENT_TIMESTAMP);
INSERT INTO "inventory_logs" ("id", "material_id", "change_type", "quantity", "reference_id", "created_at") VALUES ('6ae34144-f972-4d5a-b5e4-2ff6e3e92d3d', 'ef2ba18c-55c6-45a3-a99d-4db49219baf9', 'Luxury', 96, 'Experience', CURRENT_TIMESTAMP);
INSERT INTO "inventory_logs" ("id", "material_id", "change_type", "quantity", "reference_id", "created_at") VALUES ('2d011c7b-2962-4b4e-a4b2-bf10ebbfb6dc', '1aa3dbd1-83e3-4882-8c6e-7cca890b303b', 'Sleek', 80, 'Comfortable', CURRENT_TIMESTAMP);
INSERT INTO "inventory_logs" ("id", "material_id", "change_type", "quantity", "reference_id", "created_at") VALUES ('9c4ced48-acda-45f8-96d6-50f4a4b0ce6c', '57a0fab7-77f1-4056-8e98-4364316ef718', 'Premium', 95, 'Vintage', CURRENT_TIMESTAMP);
INSERT INTO "inventory_logs" ("id", "material_id", "change_type", "quantity", "reference_id", "created_at") VALUES ('a37da47a-8ec2-456e-b134-af49e1ee3782', '7f0bdba6-0f53-4934-8fc8-b319be4fd593', 'Chic', 6, 'Sturdy', CURRENT_TIMESTAMP);

-- Table: wishlists
INSERT INTO "wishlists" ("id", "user_id", "created_at") VALUES ('e445521f-c717-48ed-b1f4-24df75ef8b80', '1c3f0343-c8a7-4a94-932a-c35989eb659b', CURRENT_TIMESTAMP);
INSERT INTO "wishlists" ("id", "user_id", "created_at") VALUES ('21c11968-cd61-423e-9b07-8c2b3671994e', 'afe1267f-e8fb-4492-b61f-d317600ae9c2', CURRENT_TIMESTAMP);
INSERT INTO "wishlists" ("id", "user_id", "created_at") VALUES ('f970016e-577e-43f9-ad74-aae8916ddab9', 'bf859116-607a-4d6e-a3fe-09a25c1f5571', CURRENT_TIMESTAMP);
INSERT INTO "wishlists" ("id", "user_id", "created_at") VALUES ('f23e066d-ad86-425c-9ddd-dfbb7a707f38', 'c5e6085d-7bf0-4793-b818-29fdbdd69ba0', CURRENT_TIMESTAMP);
INSERT INTO "wishlists" ("id", "user_id", "created_at") VALUES ('05845d35-0e9c-4e86-8640-72e1ec3ff079', 'afe1267f-e8fb-4492-b61f-d317600ae9c2', CURRENT_TIMESTAMP);
INSERT INTO "wishlists" ("id", "user_id", "created_at") VALUES ('8cb4bca3-5730-4c20-a903-9ed204aa281b', 'afe1267f-e8fb-4492-b61f-d317600ae9c2', CURRENT_TIMESTAMP);
INSERT INTO "wishlists" ("id", "user_id", "created_at") VALUES ('cd12c3cc-7c93-45f9-914d-8900992824c0', '92c3a7f8-163a-41ab-bac4-6d501221fcb6', CURRENT_TIMESTAMP);
INSERT INTO "wishlists" ("id", "user_id", "created_at") VALUES ('c51c5da0-b57f-4dfa-a594-e37ebc8089ca', '10e2758c-da11-4d44-a04f-79790473caf7', CURRENT_TIMESTAMP);
INSERT INTO "wishlists" ("id", "user_id", "created_at") VALUES ('f4f9ecf1-7210-4aa5-ae46-fc2f34328d7a', '9ae81e5c-d32c-4639-a604-43c4d56ec22b', CURRENT_TIMESTAMP);
INSERT INTO "wishlists" ("id", "user_id", "created_at") VALUES ('3331a12d-e1da-4dbf-95b3-119dc55d4cca', 'bfe2fcc3-b0cf-4eee-bd71-8e42c8158c04', CURRENT_TIMESTAMP);
INSERT INTO "wishlists" ("id", "user_id", "created_at") VALUES ('0f019271-eeee-4809-b52a-a8a264823953', '10e2758c-da11-4d44-a04f-79790473caf7', CURRENT_TIMESTAMP);
INSERT INTO "wishlists" ("id", "user_id", "created_at") VALUES ('70d5abc7-07ec-4b43-a60d-007b278a9412', '9ae81e5c-d32c-4639-a604-43c4d56ec22b', CURRENT_TIMESTAMP);
INSERT INTO "wishlists" ("id", "user_id", "created_at") VALUES ('f0bb83af-7904-451d-bc53-abeb351e0013', 'b5c57f27-82cc-4f41-8df3-c294ab6fe2c1', CURRENT_TIMESTAMP);
INSERT INTO "wishlists" ("id", "user_id", "created_at") VALUES ('835744d3-85f0-427a-992a-2d7f903dff51', '90a0cd6f-a791-4bad-b956-0c5b7a7e45ae', CURRENT_TIMESTAMP);
INSERT INTO "wishlists" ("id", "user_id", "created_at") VALUES ('5f295ae8-e028-4b1f-bab8-2889e00c9807', '8b20826e-a028-4279-81ba-c3d13c293b97', CURRENT_TIMESTAMP);
INSERT INTO "wishlists" ("id", "user_id", "created_at") VALUES ('7900f71f-c0b7-4070-816b-06bd209f73e2', '05810ffd-fa02-4052-9232-5342d3ac72a1', CURRENT_TIMESTAMP);
INSERT INTO "wishlists" ("id", "user_id", "created_at") VALUES ('9325ed36-fedf-4537-b8f6-9714f2ca4923', 'c5e6085d-7bf0-4793-b818-29fdbdd69ba0', CURRENT_TIMESTAMP);
INSERT INTO "wishlists" ("id", "user_id", "created_at") VALUES ('66c45389-f687-4349-95a8-735193838a0f', 'aff9b5e9-0248-4bd8-a7d5-d33b89f7d6d0', CURRENT_TIMESTAMP);
INSERT INTO "wishlists" ("id", "user_id", "created_at") VALUES ('59e14727-4f05-44d9-938d-ac17a2456262', 'fac6dbc3-d74a-41c9-8378-fcedc4f64f1d', CURRENT_TIMESTAMP);
INSERT INTO "wishlists" ("id", "user_id", "created_at") VALUES ('d731d94b-e25f-4e2b-867b-b2f8d1868bb2', '1c3f0343-c8a7-4a94-932a-c35989eb659b', CURRENT_TIMESTAMP);
INSERT INTO "wishlists" ("id", "user_id", "created_at") VALUES ('cc9e878d-707e-4e9e-a63e-86ebb0d40f4a', 'b5c57f27-82cc-4f41-8df3-c294ab6fe2c1', CURRENT_TIMESTAMP);
INSERT INTO "wishlists" ("id", "user_id", "created_at") VALUES ('89efd94f-a21a-4060-abe0-97054e349d9f', '98c500f3-b1ec-4a62-9146-b92bdf6e546b', CURRENT_TIMESTAMP);
INSERT INTO "wishlists" ("id", "user_id", "created_at") VALUES ('91173bf2-6b0a-45f8-8ad8-16cb8bfba170', 'afe1267f-e8fb-4492-b61f-d317600ae9c2', CURRENT_TIMESTAMP);
INSERT INTO "wishlists" ("id", "user_id", "created_at") VALUES ('722b1176-92ff-45a7-a4d5-a9af30d6f355', '001c3674-42ad-4302-823a-5460b3c73561', CURRENT_TIMESTAMP);
INSERT INTO "wishlists" ("id", "user_id", "created_at") VALUES ('5edc9ff0-84de-44f3-a765-d80e8578e302', '1c3f0343-c8a7-4a94-932a-c35989eb659b', CURRENT_TIMESTAMP);

-- Table: wishlist_items
INSERT INTO "wishlist_items" ("id", "wishlist_id", "model_id", "added_at") VALUES ('bcb9e119-324b-44f1-a5aa-b9f4dc001edb', '70d5abc7-07ec-4b43-a60d-007b278a9412', '09cb232a-e676-49a8-a3cb-2f3e5995853f', CURRENT_TIMESTAMP);
INSERT INTO "wishlist_items" ("id", "wishlist_id", "model_id", "added_at") VALUES ('2921210d-923c-42ee-ba61-57f961315d7b', 'c51c5da0-b57f-4dfa-a594-e37ebc8089ca', '5e065450-7d36-4add-9f79-bddfa89ace43', CURRENT_TIMESTAMP);
INSERT INTO "wishlist_items" ("id", "wishlist_id", "model_id", "added_at") VALUES ('bf47db91-1742-4834-a1c5-fb830a713607', '89efd94f-a21a-4060-abe0-97054e349d9f', '5e065450-7d36-4add-9f79-bddfa89ace43', CURRENT_TIMESTAMP);
INSERT INTO "wishlist_items" ("id", "wishlist_id", "model_id", "added_at") VALUES ('1910634d-2829-45a1-833a-abab358862bc', '66c45389-f687-4349-95a8-735193838a0f', '653c0850-dda5-40db-ab16-a26bb1830bdf', CURRENT_TIMESTAMP);
INSERT INTO "wishlist_items" ("id", "wishlist_id", "model_id", "added_at") VALUES ('fa35ef7e-260b-4239-8084-3b182d11e83a', 'cc9e878d-707e-4e9e-a63e-86ebb0d40f4a', 'b2511217-cf4e-47ee-b1f0-a5803b3e0393', CURRENT_TIMESTAMP);
INSERT INTO "wishlist_items" ("id", "wishlist_id", "model_id", "added_at") VALUES ('9523db65-f7d1-4894-a589-2929759e0e9e', '835744d3-85f0-427a-992a-2d7f903dff51', '39898a3f-c413-420d-820d-a21e480ddb22', CURRENT_TIMESTAMP);
INSERT INTO "wishlist_items" ("id", "wishlist_id", "model_id", "added_at") VALUES ('7a2bc64b-c427-4287-9b75-81325b67aeb5', 'd731d94b-e25f-4e2b-867b-b2f8d1868bb2', '42246543-2bad-471b-8b29-e4694811c348', CURRENT_TIMESTAMP);
INSERT INTO "wishlist_items" ("id", "wishlist_id", "model_id", "added_at") VALUES ('e54926ee-cfc4-486e-8ae0-8965477ed00b', '66c45389-f687-4349-95a8-735193838a0f', '1788d853-f054-4340-a290-6f4bd68fc606', CURRENT_TIMESTAMP);
INSERT INTO "wishlist_items" ("id", "wishlist_id", "model_id", "added_at") VALUES ('28f9ba11-f501-43a2-8cbd-2daaeab34582', '91173bf2-6b0a-45f8-8ad8-16cb8bfba170', '653c0850-dda5-40db-ab16-a26bb1830bdf', CURRENT_TIMESTAMP);
INSERT INTO "wishlist_items" ("id", "wishlist_id", "model_id", "added_at") VALUES ('2e78e79e-ebd5-48f8-b73e-091433c9f956', '835744d3-85f0-427a-992a-2d7f903dff51', '5d8a5db4-dc01-43b8-bf45-ca8d1962d8a7', CURRENT_TIMESTAMP);
INSERT INTO "wishlist_items" ("id", "wishlist_id", "model_id", "added_at") VALUES ('d48b8f4d-6160-4d5f-aa39-9d9c876376f8', '8cb4bca3-5730-4c20-a903-9ed204aa281b', '09cb232a-e676-49a8-a3cb-2f3e5995853f', CURRENT_TIMESTAMP);
INSERT INTO "wishlist_items" ("id", "wishlist_id", "model_id", "added_at") VALUES ('ce0fa476-5fca-46b7-a6c6-b0a4970e5cd5', '05845d35-0e9c-4e86-8640-72e1ec3ff079', '13ff6d07-60f5-45e0-a6f3-c8e78c1f6182', CURRENT_TIMESTAMP);
INSERT INTO "wishlist_items" ("id", "wishlist_id", "model_id", "added_at") VALUES ('e7c5d710-1847-4ee2-a085-46b2b1fcb75b', '5edc9ff0-84de-44f3-a765-d80e8578e302', '3daef0db-c1b2-430e-a2ca-faae8b64c345', CURRENT_TIMESTAMP);
INSERT INTO "wishlist_items" ("id", "wishlist_id", "model_id", "added_at") VALUES ('ba1b1bc3-92c7-4fce-ba4f-30016251ee0d', '8cb4bca3-5730-4c20-a903-9ed204aa281b', '3f47a2c5-5873-426d-9281-45d93f01be50', CURRENT_TIMESTAMP);
INSERT INTO "wishlist_items" ("id", "wishlist_id", "model_id", "added_at") VALUES ('a447a8ba-a756-4d27-964e-479f042fa2ed', '21c11968-cd61-423e-9b07-8c2b3671994e', '3daef0db-c1b2-430e-a2ca-faae8b64c345', CURRENT_TIMESTAMP);
INSERT INTO "wishlist_items" ("id", "wishlist_id", "model_id", "added_at") VALUES ('7f9b202b-6fff-4dde-bdcc-5c453c009f7c', 'e445521f-c717-48ed-b1f4-24df75ef8b80', '5e065450-7d36-4add-9f79-bddfa89ace43', CURRENT_TIMESTAMP);
INSERT INTO "wishlist_items" ("id", "wishlist_id", "model_id", "added_at") VALUES ('4a699ae9-0681-4ced-8fc6-efb4bb90c7d5', '9325ed36-fedf-4537-b8f6-9714f2ca4923', 'dfbd553e-5645-4367-ae7b-6c5f6417d7ea', CURRENT_TIMESTAMP);
INSERT INTO "wishlist_items" ("id", "wishlist_id", "model_id", "added_at") VALUES ('63ea8896-b6ff-4abe-8949-37782e3fbcdb', '66c45389-f687-4349-95a8-735193838a0f', '93aa5500-74ee-4417-a09a-ed7087602612', CURRENT_TIMESTAMP);
INSERT INTO "wishlist_items" ("id", "wishlist_id", "model_id", "added_at") VALUES ('556281d7-f0c8-4bad-9fb1-e4978d9e620c', '7900f71f-c0b7-4070-816b-06bd209f73e2', 'dfbd553e-5645-4367-ae7b-6c5f6417d7ea', CURRENT_TIMESTAMP);
INSERT INTO "wishlist_items" ("id", "wishlist_id", "model_id", "added_at") VALUES ('76569bef-63fc-4203-bb8e-a7434b9ea980', 'cc9e878d-707e-4e9e-a63e-86ebb0d40f4a', '93aa5500-74ee-4417-a09a-ed7087602612', CURRENT_TIMESTAMP);
INSERT INTO "wishlist_items" ("id", "wishlist_id", "model_id", "added_at") VALUES ('0dd1355c-bcdc-43fb-a5a4-57d5e985ee4d', '722b1176-92ff-45a7-a4d5-a9af30d6f355', '33b3c4c4-dd22-452f-bfed-f4be33da27eb', CURRENT_TIMESTAMP);
INSERT INTO "wishlist_items" ("id", "wishlist_id", "model_id", "added_at") VALUES ('c770ee62-fa82-4816-8538-1b043724e02f', '89efd94f-a21a-4060-abe0-97054e349d9f', '22a888c0-109f-41b0-93d0-8fa9ea988c30', CURRENT_TIMESTAMP);
INSERT INTO "wishlist_items" ("id", "wishlist_id", "model_id", "added_at") VALUES ('aedf34c8-1769-45e7-bad7-f7b247643790', '7900f71f-c0b7-4070-816b-06bd209f73e2', 'abd03aea-6323-43d3-84d9-3fc2b774fc44', CURRENT_TIMESTAMP);
INSERT INTO "wishlist_items" ("id", "wishlist_id", "model_id", "added_at") VALUES ('f83bc88f-4dc2-46a7-ae42-a77bbe7c5b37', 'c51c5da0-b57f-4dfa-a594-e37ebc8089ca', '49f8856e-e258-4f51-bfc1-fd23f9bd565f', CURRENT_TIMESTAMP);
INSERT INTO "wishlist_items" ("id", "wishlist_id", "model_id", "added_at") VALUES ('331a24ad-f410-41e6-9af4-cc8621c26845', '8cb4bca3-5730-4c20-a903-9ed204aa281b', 'b2511217-cf4e-47ee-b1f0-a5803b3e0393', CURRENT_TIMESTAMP);

-- Table: notifications
INSERT INTO "notifications" ("id", "user_id", "type", "title", "message", "reference_id", "reference_type", "is_read", "created_at") VALUES ('f12edb54-1a15-4b09-aa80-2102379116d6', '642fe8f8-48c6-4277-9da9-0be891d27df9', 'Standard', 'Chic', 'Chic', 'Sleek', 'Standard', true, CURRENT_TIMESTAMP);
INSERT INTO "notifications" ("id", "user_id", "type", "title", "message", "reference_id", "reference_type", "is_read", "created_at") VALUES ('822e0fc1-e46f-4afb-ba84-577f31aa0889', 'c5e6085d-7bf0-4793-b818-29fdbdd69ba0', 'Standard', 'Classic', 'Contemporary', 'Vintage', 'Standard', true, CURRENT_TIMESTAMP);
INSERT INTO "notifications" ("id", "user_id", "type", "title", "message", "reference_id", "reference_type", "is_read", "created_at") VALUES ('27435eba-4d41-487e-a3b7-c272ca19044e', '13d888f8-06cd-4c6e-9bf8-fab80aab765d', 'Standard', 'Vintage', 'Sleek', 'Chic', 'Standard', false, CURRENT_TIMESTAMP);
INSERT INTO "notifications" ("id", "user_id", "type", "title", "message", "reference_id", "reference_type", "is_read", "created_at") VALUES ('1e524db7-31cc-42af-989a-c4a70cd77f9f', '642fe8f8-48c6-4277-9da9-0be891d27df9', 'Standard', 'Minimalist', 'Luxury', 'Cozy', 'Standard', true, CURRENT_TIMESTAMP);
INSERT INTO "notifications" ("id", "user_id", "type", "title", "message", "reference_id", "reference_type", "is_read", "created_at") VALUES ('5c008700-ad03-4de7-8421-3673d8a169bb', 'c5e6085d-7bf0-4793-b818-29fdbdd69ba0', 'Standard', 'Sturdy', 'Minimalist', 'Comfortable', 'Standard', true, CURRENT_TIMESTAMP);
INSERT INTO "notifications" ("id", "user_id", "type", "title", "message", "reference_id", "reference_type", "is_read", "created_at") VALUES ('fcd59162-4d7e-4703-ad3f-2b55cbc29859', 'bf859116-607a-4d6e-a3fe-09a25c1f5571', 'Standard', 'Stylish', 'Minimalist', 'Sleek', 'Standard', true, CURRENT_TIMESTAMP);
INSERT INTO "notifications" ("id", "user_id", "type", "title", "message", "reference_id", "reference_type", "is_read", "created_at") VALUES ('89918a3e-f817-47c3-ad1b-d29a1ae196a9', '92c3a7f8-163a-41ab-bac4-6d501221fcb6', 'Standard', 'Stylish', 'Comfortable', 'Sleek', 'Standard', false, CURRENT_TIMESTAMP);
INSERT INTO "notifications" ("id", "user_id", "type", "title", "message", "reference_id", "reference_type", "is_read", "created_at") VALUES ('744ab1e3-6420-4c76-b9b9-409babf54966', '98c500f3-b1ec-4a62-9146-b92bdf6e546b', 'Standard', 'Premium', 'Experience', 'Minimalist', 'Standard', false, CURRENT_TIMESTAMP);
INSERT INTO "notifications" ("id", "user_id", "type", "title", "message", "reference_id", "reference_type", "is_read", "created_at") VALUES ('9ef95991-a8ba-4aba-8997-6f5abaac04cc', '05810ffd-fa02-4052-9232-5342d3ac72a1', 'Standard', 'Sturdy', 'Rustic', 'Modern', 'Standard', true, CURRENT_TIMESTAMP);
INSERT INTO "notifications" ("id", "user_id", "type", "title", "message", "reference_id", "reference_type", "is_read", "created_at") VALUES ('f982d420-def9-4cfa-a728-b3440d73b5ad', 'c5e6085d-7bf0-4793-b818-29fdbdd69ba0', 'Standard', 'Rustic', 'Luxury', 'Experience', 'Standard', false, CURRENT_TIMESTAMP);
INSERT INTO "notifications" ("id", "user_id", "type", "title", "message", "reference_id", "reference_type", "is_read", "created_at") VALUES ('5d4fd039-1ec0-4a93-b932-4421bcdf5b46', '8b20826e-a028-4279-81ba-c3d13c293b97', 'Standard', 'Luxury', 'Elegant', 'Experience', 'Standard', true, CURRENT_TIMESTAMP);
INSERT INTO "notifications" ("id", "user_id", "type", "title", "message", "reference_id", "reference_type", "is_read", "created_at") VALUES ('100962da-c4b9-4178-8da9-2e644ce197d1', '213eb748-1897-45db-9e52-c8698003e2e3', 'Standard', 'Luxury', 'Cozy', 'Crafted', 'Standard', true, CURRENT_TIMESTAMP);
INSERT INTO "notifications" ("id", "user_id", "type", "title", "message", "reference_id", "reference_type", "is_read", "created_at") VALUES ('82b63e44-0fe4-440e-8493-adf458a9d934', '98c500f3-b1ec-4a62-9146-b92bdf6e546b', 'Standard', 'Modern', 'Premium', 'Experience', 'Standard', false, CURRENT_TIMESTAMP);
INSERT INTO "notifications" ("id", "user_id", "type", "title", "message", "reference_id", "reference_type", "is_read", "created_at") VALUES ('7e45c493-145e-4c97-a1b4-3832895a805c', '642fe8f8-48c6-4277-9da9-0be891d27df9', 'Standard', 'Chic', 'Elegant', 'Crafted', 'Standard', false, CURRENT_TIMESTAMP);
INSERT INTO "notifications" ("id", "user_id", "type", "title", "message", "reference_id", "reference_type", "is_read", "created_at") VALUES ('74cac198-b084-4c33-ae2b-b8002f93febc', '642fe8f8-48c6-4277-9da9-0be891d27df9', 'Standard', 'Stylish', 'Sleek', 'Chic', 'Standard', false, CURRENT_TIMESTAMP);
INSERT INTO "notifications" ("id", "user_id", "type", "title", "message", "reference_id", "reference_type", "is_read", "created_at") VALUES ('3332897c-5981-4257-815e-e22fcdefdc58', '10e2758c-da11-4d44-a04f-79790473caf7', 'Standard', 'Crafted', 'Experience', 'Vintage', 'Standard', true, CURRENT_TIMESTAMP);
INSERT INTO "notifications" ("id", "user_id", "type", "title", "message", "reference_id", "reference_type", "is_read", "created_at") VALUES ('5e0def4c-21d5-4386-b31d-d251d0524c43', '8b20826e-a028-4279-81ba-c3d13c293b97', 'Standard', 'Vintage', 'Contemporary', 'Cozy', 'Standard', true, CURRENT_TIMESTAMP);
INSERT INTO "notifications" ("id", "user_id", "type", "title", "message", "reference_id", "reference_type", "is_read", "created_at") VALUES ('afdb06bd-658a-429f-a215-7d8b2b45a934', 'c283ec78-28a6-4d27-a7b1-a80f2ce4d726', 'Standard', 'Experience', 'Luxury', 'Minimalist', 'Standard', true, CURRENT_TIMESTAMP);
INSERT INTO "notifications" ("id", "user_id", "type", "title", "message", "reference_id", "reference_type", "is_read", "created_at") VALUES ('aca62c70-b8b6-4696-8361-fe369404cd48', '8b20826e-a028-4279-81ba-c3d13c293b97', 'Standard', 'Modern', 'Crafted', 'Sturdy', 'Standard', false, CURRENT_TIMESTAMP);
INSERT INTO "notifications" ("id", "user_id", "type", "title", "message", "reference_id", "reference_type", "is_read", "created_at") VALUES ('747c29db-d38e-4da0-a506-a40ee58fa6dc', '7c6256fb-9390-4fba-9284-96ff616917b9', 'Standard', 'Modern', 'Cozy', 'Crafted', 'Standard', false, CURRENT_TIMESTAMP);
INSERT INTO "notifications" ("id", "user_id", "type", "title", "message", "reference_id", "reference_type", "is_read", "created_at") VALUES ('9dfb3c1f-7887-4903-9ba2-7e9a9c205b8d', '98c500f3-b1ec-4a62-9146-b92bdf6e546b', 'Standard', 'Stylish', 'Minimalist', 'Rustic', 'Standard', false, CURRENT_TIMESTAMP);
INSERT INTO "notifications" ("id", "user_id", "type", "title", "message", "reference_id", "reference_type", "is_read", "created_at") VALUES ('7679b399-93a8-41f5-b002-898c7c1ae4a9', '213eb748-1897-45db-9e52-c8698003e2e3', 'Standard', 'Rustic', 'Contemporary', 'Minimalist', 'Standard', false, CURRENT_TIMESTAMP);
INSERT INTO "notifications" ("id", "user_id", "type", "title", "message", "reference_id", "reference_type", "is_read", "created_at") VALUES ('783ffa93-60b0-4c9b-97ac-0e81832fd7d7', '642fe8f8-48c6-4277-9da9-0be891d27df9', 'Standard', 'Cozy', 'Cozy', 'Rustic', 'Standard', false, CURRENT_TIMESTAMP);
INSERT INTO "notifications" ("id", "user_id", "type", "title", "message", "reference_id", "reference_type", "is_read", "created_at") VALUES ('93a41fe4-d613-420b-b5f8-f36a16ab24a1', 'bf859116-607a-4d6e-a3fe-09a25c1f5571', 'Standard', 'Sturdy', 'Classic', 'Minimalist', 'Standard', false, CURRENT_TIMESTAMP);
INSERT INTO "notifications" ("id", "user_id", "type", "title", "message", "reference_id", "reference_type", "is_read", "created_at") VALUES ('dbaaf0aa-acc8-4cda-b5f6-f60be420332b', '642fe8f8-48c6-4277-9da9-0be891d27df9', 'Standard', 'Chic', 'Premium', 'Sleek', 'Standard', true, CURRENT_TIMESTAMP);

-- Table: consultations
INSERT INTO "consultations" ("id", "user_id", "designer_id", "scheduled_at", "notes", "status", "created_at", "updated_at") VALUES ('f014f9d6-082a-46ba-9379-3c8680fd009e', 'bfe2fcc3-b0cf-4eee-bd71-8e42c8158c04', '17036abf-9bd3-42d0-a682-d8cfc74710d1', CURRENT_TIMESTAMP, 'Rustic', 'Minimalist', CURRENT_TIMESTAMP, CURRENT_TIMESTAMP);
INSERT INTO "consultations" ("id", "user_id", "designer_id", "scheduled_at", "notes", "status", "created_at", "updated_at") VALUES ('35b03499-4e6d-4032-afb8-8d02e41e7573', 'b5c57f27-82cc-4f41-8df3-c294ab6fe2c1', '17036abf-9bd3-42d0-a682-d8cfc74710d1', CURRENT_TIMESTAMP, 'Stylish', 'Contemporary', CURRENT_TIMESTAMP, CURRENT_TIMESTAMP);
INSERT INTO "consultations" ("id", "user_id", "designer_id", "scheduled_at", "notes", "status", "created_at", "updated_at") VALUES ('fa08d2a7-c0bd-4ab9-a893-ca0394d67bc6', '98900323-fffd-42e6-80fd-c6ec634e46c0', '4cf4840b-09e1-4d46-8180-95eb60b6392d', CURRENT_TIMESTAMP, 'Premium', 'Modern', CURRENT_TIMESTAMP, CURRENT_TIMESTAMP);
INSERT INTO "consultations" ("id", "user_id", "designer_id", "scheduled_at", "notes", "status", "created_at", "updated_at") VALUES ('5a51b044-1e59-4683-ba41-e0cd3523f3a0', 'fac6dbc3-d74a-41c9-8378-fcedc4f64f1d', '113c9acd-abb1-4638-88d3-88ab5b6ff414', CURRENT_TIMESTAMP, 'Sleek', 'Vintage', CURRENT_TIMESTAMP, CURRENT_TIMESTAMP);
INSERT INTO "consultations" ("id", "user_id", "designer_id", "scheduled_at", "notes", "status", "created_at", "updated_at") VALUES ('c8f1d799-61eb-44ac-bbfd-805ae54a4a21', '8b20826e-a028-4279-81ba-c3d13c293b97', 'b7b5b0ea-c3e0-433c-90e7-b2baa81f6c33', CURRENT_TIMESTAMP, 'Luxury', 'Stylish', CURRENT_TIMESTAMP, CURRENT_TIMESTAMP);
INSERT INTO "consultations" ("id", "user_id", "designer_id", "scheduled_at", "notes", "status", "created_at", "updated_at") VALUES ('28604d52-c305-4464-8a63-392ab0834c47', '90a0cd6f-a791-4bad-b956-0c5b7a7e45ae', 'd62f2643-1e1d-4daf-8708-f44032052f44', CURRENT_TIMESTAMP, 'Premium', 'Premium', CURRENT_TIMESTAMP, CURRENT_TIMESTAMP);
INSERT INTO "consultations" ("id", "user_id", "designer_id", "scheduled_at", "notes", "status", "created_at", "updated_at") VALUES ('1b883310-7dbb-4cf4-833d-cd25173f0588', '642fe8f8-48c6-4277-9da9-0be891d27df9', '09472b37-eff8-4bc6-ac64-ea218245aa9a', CURRENT_TIMESTAMP, 'Crafted', 'Sturdy', CURRENT_TIMESTAMP, CURRENT_TIMESTAMP);
INSERT INTO "consultations" ("id", "user_id", "designer_id", "scheduled_at", "notes", "status", "created_at", "updated_at") VALUES ('88405494-f50d-4314-8694-dce50f7c79d0', 'bfe2fcc3-b0cf-4eee-bd71-8e42c8158c04', '4cf4840b-09e1-4d46-8180-95eb60b6392d', CURRENT_TIMESTAMP, 'Elegant', 'Luxury', CURRENT_TIMESTAMP, CURRENT_TIMESTAMP);
INSERT INTO "consultations" ("id", "user_id", "designer_id", "scheduled_at", "notes", "status", "created_at", "updated_at") VALUES ('1dfec3a5-3ae6-4b81-a912-0e7d19862c7b', '642fe8f8-48c6-4277-9da9-0be891d27df9', 'c67e96cc-53fb-4515-abde-c4d597f1165a', CURRENT_TIMESTAMP, 'Vintage', 'Chic', CURRENT_TIMESTAMP, CURRENT_TIMESTAMP);
INSERT INTO "consultations" ("id", "user_id", "designer_id", "scheduled_at", "notes", "status", "created_at", "updated_at") VALUES ('a28bf6e6-5511-42c9-955e-5445668c6991', '92c3a7f8-163a-41ab-bac4-6d501221fcb6', '5d54b11a-519b-4ebd-9f33-fec6fef3e262', CURRENT_TIMESTAMP, 'Stylish', 'Experience', CURRENT_TIMESTAMP, CURRENT_TIMESTAMP);
INSERT INTO "consultations" ("id", "user_id", "designer_id", "scheduled_at", "notes", "status", "created_at", "updated_at") VALUES ('86d38ce8-c463-46e9-8595-663f93761deb', 'afe1267f-e8fb-4492-b61f-d317600ae9c2', '113c9acd-abb1-4638-88d3-88ab5b6ff414', CURRENT_TIMESTAMP, 'Premium', 'Experience', CURRENT_TIMESTAMP, CURRENT_TIMESTAMP);
INSERT INTO "consultations" ("id", "user_id", "designer_id", "scheduled_at", "notes", "status", "created_at", "updated_at") VALUES ('1d6fe3f6-824b-4522-9e29-3988af7ae1bd', 'd8bb713c-3500-413d-955b-70438f087fc4', '4f431cc9-3263-4a0a-8583-375daa148ffb', CURRENT_TIMESTAMP, 'Sturdy', 'Comfortable', CURRENT_TIMESTAMP, CURRENT_TIMESTAMP);
INSERT INTO "consultations" ("id", "user_id", "designer_id", "scheduled_at", "notes", "status", "created_at", "updated_at") VALUES ('93e51d65-4491-4673-82cf-dd2fe21f129b', '9ae81e5c-d32c-4639-a604-43c4d56ec22b', '17036abf-9bd3-42d0-a682-d8cfc74710d1', CURRENT_TIMESTAMP, 'Sleek', 'Minimalist', CURRENT_TIMESTAMP, CURRENT_TIMESTAMP);
INSERT INTO "consultations" ("id", "user_id", "designer_id", "scheduled_at", "notes", "status", "created_at", "updated_at") VALUES ('7322bd70-f963-4878-b409-bdb33b13b56e', '213eb748-1897-45db-9e52-c8698003e2e3', '0f872091-e37a-45dc-a99a-1bd69cca8d0c', CURRENT_TIMESTAMP, 'Contemporary', 'Cozy', CURRENT_TIMESTAMP, CURRENT_TIMESTAMP);
INSERT INTO "consultations" ("id", "user_id", "designer_id", "scheduled_at", "notes", "status", "created_at", "updated_at") VALUES ('44facb07-abd2-415d-a50d-bab932ff9dc1', '001c3674-42ad-4302-823a-5460b3c73561', 'b7b5b0ea-c3e0-433c-90e7-b2baa81f6c33', CURRENT_TIMESTAMP, 'Sleek', 'Vintage', CURRENT_TIMESTAMP, CURRENT_TIMESTAMP);
INSERT INTO "consultations" ("id", "user_id", "designer_id", "scheduled_at", "notes", "status", "created_at", "updated_at") VALUES ('19de596a-1fc4-4f3f-9a7f-288d8464cd8f', '13d888f8-06cd-4c6e-9bf8-fab80aab765d', 'dc8e486a-3645-42b7-8ccb-2a9a3f47b6ab', CURRENT_TIMESTAMP, 'Chic', 'Sturdy', CURRENT_TIMESTAMP, CURRENT_TIMESTAMP);
INSERT INTO "consultations" ("id", "user_id", "designer_id", "scheduled_at", "notes", "status", "created_at", "updated_at") VALUES ('209c815f-9f2a-4e5c-90e0-b559a4b6acd2', 'c5e6085d-7bf0-4793-b818-29fdbdd69ba0', 'fb2cf450-a8c0-46aa-b5cf-02859adbfb4b', CURRENT_TIMESTAMP, 'Minimalist', 'Luxury', CURRENT_TIMESTAMP, CURRENT_TIMESTAMP);
INSERT INTO "consultations" ("id", "user_id", "designer_id", "scheduled_at", "notes", "status", "created_at", "updated_at") VALUES ('4f268f75-ef67-495b-88a8-f84746dc4ce8', '001c3674-42ad-4302-823a-5460b3c73561', 'b8645ed3-3dca-4215-a0c7-729dc3694b4f', CURRENT_TIMESTAMP, 'Sleek', 'Cozy', CURRENT_TIMESTAMP, CURRENT_TIMESTAMP);
INSERT INTO "consultations" ("id", "user_id", "designer_id", "scheduled_at", "notes", "status", "created_at", "updated_at") VALUES ('9e7bd5cc-c43a-4aaf-b2e1-ccfa92c9b0c1', '10e2758c-da11-4d44-a04f-79790473caf7', 'c67e96cc-53fb-4515-abde-c4d597f1165a', CURRENT_TIMESTAMP, 'Sleek', 'Luxury', CURRENT_TIMESTAMP, CURRENT_TIMESTAMP);
INSERT INTO "consultations" ("id", "user_id", "designer_id", "scheduled_at", "notes", "status", "created_at", "updated_at") VALUES ('a950bc29-2200-4138-b439-acaa48202f38', '642fe8f8-48c6-4277-9da9-0be891d27df9', 'b7b5b0ea-c3e0-433c-90e7-b2baa81f6c33', CURRENT_TIMESTAMP, 'Classic', 'Crafted', CURRENT_TIMESTAMP, CURRENT_TIMESTAMP);
INSERT INTO "consultations" ("id", "user_id", "designer_id", "scheduled_at", "notes", "status", "created_at", "updated_at") VALUES ('b034995b-52c5-47a2-ac8a-2694105ef724', '05810ffd-fa02-4052-9232-5342d3ac72a1', '6a9e4ab9-d6db-4e08-aca3-5ab00da74206', CURRENT_TIMESTAMP, 'Elegant', 'Chic', CURRENT_TIMESTAMP, CURRENT_TIMESTAMP);
INSERT INTO "consultations" ("id", "user_id", "designer_id", "scheduled_at", "notes", "status", "created_at", "updated_at") VALUES ('23ffe764-9681-4e8c-9e85-4a49d644d804', '98900323-fffd-42e6-80fd-c6ec634e46c0', '09472b37-eff8-4bc6-ac64-ea218245aa9a', CURRENT_TIMESTAMP, 'Minimalist', 'Modern', CURRENT_TIMESTAMP, CURRENT_TIMESTAMP);
INSERT INTO "consultations" ("id", "user_id", "designer_id", "scheduled_at", "notes", "status", "created_at", "updated_at") VALUES ('e7efd255-8684-47ba-aef1-b184673b6f48', '9ae81e5c-d32c-4639-a604-43c4d56ec22b', 'd880563c-fa6f-40e5-a3c2-2f7e3029bc43', CURRENT_TIMESTAMP, 'Vintage', 'Elegant', CURRENT_TIMESTAMP, CURRENT_TIMESTAMP);
INSERT INTO "consultations" ("id", "user_id", "designer_id", "scheduled_at", "notes", "status", "created_at", "updated_at") VALUES ('e3f02add-b321-4861-b886-1721a88d2cbd', '1c3f0343-c8a7-4a94-932a-c35989eb659b', '4cd52636-981b-4e05-aed9-184993a8d859', CURRENT_TIMESTAMP, 'Minimalist', 'Sturdy', CURRENT_TIMESTAMP, CURRENT_TIMESTAMP);
INSERT INTO "consultations" ("id", "user_id", "designer_id", "scheduled_at", "notes", "status", "created_at", "updated_at") VALUES ('3d76d6a9-f2c3-418d-8e54-431e21171c05', '98c500f3-b1ec-4a62-9146-b92bdf6e546b', '5d54b11a-519b-4ebd-9f33-fec6fef3e262', CURRENT_TIMESTAMP, 'Cozy', 'Premium', CURRENT_TIMESTAMP, CURRENT_TIMESTAMP);

